{"type": "FeatureCollection", "features": [{"type": "Feature", "geometry": {"type": "Polygon", "coordinates": [[[-102.33567239578446, 21.83057736391017], [-102.33561618492305, 21.83070110123441], [-102.33540262905082, 21.83117936539097], [-102.33550226555296, 21.831234238470252], [-102.33587674502108, 21.83160979044157], [-102.33621457108966, 21.831792821909684], [-102.33665961387194, 21.831971355470895], [-102.33647690375378, 21.833232274341228], [-102.334042363594, 21.8320052542556], [-102.33292741338268, 21.831433108496476], [-102.33189033856075, 21.830900944452836], [-102.33174975623159, 21.830728860204573], [-102.33166287413714, 21.830622463126478], [-102.33156036292694, 21.830571513511433], [-102.33137246670555, 21.830396045348017], [-102.33236160867362, 21.82920189679007], [-102.3327214115342, 21.82878350854143], [-102.33280881736177, 21.828767860002074], [-102.33282643858847, 21.828756138252498], [-102.33284830667068, 21.828718756447692], [-102.33287102849812, 21.828656201365376], [-102.33285547187852, 21.828593117479596], [-102.33286103511136, 21.828569464793205], [-102.3332909703867, 21.82790927569916], [-102.33329333202818, 21.827907056979196], [-102.33329607360592, 21.82790520550801], [-102.33329900012998, 21.827903808408887], [-102.33330220825829, 21.82790286724473], [-102.33330550300106, 21.827902469138934], [-102.3333088860321, 21.82790252384217], [-102.33331216068757, 21.82790320872708], [-102.33417195389274, 21.828270631414156], [-102.3349184070145, 21.828602996657686], [-102.3352958415855, 21.828813481547517], [-102.33550395895028, 21.829097965005058], [-102.33555048493638, 21.829128237118756], [-102.33570327123643, 21.82920545449372], [-102.335836481591, 21.828966839359353], [-102.33589794661705, 21.8289944638737], [-102.33609975787084, 21.82909233368652], [-102.3361650445534, 21.829117221273314], [-102.3361976300365, 21.829122351730664], [-102.33622372398484, 21.829133425846987], [-102.3363068475395, 21.829187128857402], [-102.33610960539839, 21.829614922537807], [-102.33567239578446, 21.83057736391017]]]}, "properties": {"id": "centro-ecologico-enriqueta-medellin", "nombre": "ANP Centro Ecológico Enriqueta Medellin", "municipios": "", "hectareas": 16.25, "cat_manejo": "", "cat_decreto": "", "id_anp_oficial": "", "prim_dec": "", "ult_dof": ""}}, {"type": "Feature", "geometry": {"type": "Polygon", "coordinates": [[[-102.22039730472244, 22.066707997473383], [-102.22066595508304, 22.076776730207694], [-102.22069300357586, 22.077790573862572], [-102.22159468526401, 22.077998677355136], [-102.22177542700562, 22.07825283182241], [-102.22093740747857, 22.07941039242748], [-102.22073094075371, 22.079212568222367], [-102.22084476279002, 22.08347920964668], [-102.221249137117, 22.098639790962192], [-102.21931064378884, 22.10488189793458], [-102.21925506568556, 22.10486987998394], [-102.21926070465786, 22.104669751305693], [-102.21932218653659, 22.10378843103238], [-102.21919735906118, 22.103547095450033], [-102.21913498971637, 22.103424171696723], [-102.21893083615434, 22.103276266002702], [-102.21867250993904, 22.10323575856757], [-102.21840005802548, 22.103267224263664], [-102.21820578240481, 22.103263914371446], [-102.21802579548033, 22.103211200473552], [-102.2178704753833, 22.103197270475533], [-102.2176370971684, 22.103242940838108], [-102.21735349987917, 22.103163636937868], [-102.2171582504499, 22.1032099564242], [-102.21689933478694, 22.103230366840425], [-102.21672005712654, 22.103141556580827], [-102.21651339720609, 22.103090643072925], [-102.21642277677985, 22.103111665057998], [-102.21639458215832, 22.103221762206545], [-102.21634358197812, 22.103303489377428], [-102.21632769774163, 22.103328943027535], [-102.21627412805026, 22.103436350823046], [-102.21624646474498, 22.103519376704735], [-102.21622593116408, 22.10360929421065], [-102.21625461132064, 22.103937003262654], [-102.2163301747372, 22.104127853574692], [-102.21632694128814, 22.10429253681912], [-102.21636013961916, 22.104390140515147], [-102.21633303623389, 22.104660481207723], [-102.1928345918151, 22.100755852411094], [-102.19224381698149, 22.10065764099798], [-102.19504990261717, 22.09574660505864], [-102.19538875963991, 22.09515352976201], [-102.1961254434529, 22.090388952083345], [-102.19616200099647, 22.090152497980863], [-102.19664346679649, 22.089817070465514], [-102.19670890343998, 22.08977148137515], [-102.19674701792876, 22.08652479268028], [-102.19729526342333, 22.08273397057662], [-102.19806887063098, 22.077674245012346], [-102.19844319668749, 22.075146420936267], [-102.19901410474104, 22.07148911335052], [-102.19947078907386, 22.068987517109168], [-102.19976280309032, 22.067315810221228], [-102.20032458646723, 22.064097553905963], [-102.20033661643998, 22.06402863429194], [-102.20067335902567, 22.064047940118268], [-102.2047485734005, 22.06382880635098], [-102.20544465785261, 22.06379557149739], [-102.20556650089233, 22.06392907599894], [-102.20557855807387, 22.06394228778819], [-102.20573188060716, 22.064055485665946], [-102.20573410902045, 22.064056956292784], [-102.205956538442, 22.064203752736084], [-102.2061666312476, 22.06435402733777], [-102.20627038127196, 22.06455664507284], [-102.20639936242182, 22.064861244684607], [-102.20650799205221, 22.06506616988493], [-102.20657561079001, 22.06519373205066], [-102.20675373901803, 22.06539987704766], [-102.20697174792123, 22.065455505287535], [-102.20732067677456, 22.06531703792967], [-102.20759280100478, 22.06492902251802], [-102.20803760019183, 22.06450107820462], [-102.20836539588925, 22.064267466553872], [-102.20854170161874, 22.06406652722701], [-102.20857218096934, 22.06403178820461], [-102.21041380805326, 22.064193697705733], [-102.21048329113496, 22.064199806377395], [-102.21052166124399, 22.06419743794858], [-102.21125104814298, 22.064152414132778], [-102.2117722247587, 22.064120240840424], [-102.21400336626728, 22.063833309611173], [-102.21438930723512, 22.063711701406817], [-102.21513126010178, 22.06347791262207], [-102.2157968394287, 22.063333535415946], [-102.21691272218334, 22.063205356414908], [-102.2175420724207, 22.063133060617066], [-102.21940929982946, 22.063366688026427], [-102.21960097666776, 22.06343983043892], [-102.22032037679845, 22.063788863490363], [-102.22031965266042, 22.063798007982033], [-102.22039730472244, 22.066707997473383]]]}, "properties": {"id": "el-mezquite", "nombre": "ANP El Mezquite (Refugio de Flora y Fauna)", "municipios": "Pabellón de Arteaga", "hectareas": 1058.75, "cat_manejo": "", "cat_decreto": "", "id_anp_oficial": "", "prim_dec": "", "ult_dof": ""}}, {"type": "Feature", "geometry": {"type": "Polygon", "coordinates": [[[-102.47538055473902, 21.832775467618628], [-102.47273455496294, 21.83569533302076], [-102.46929892338974, 21.83491175018753], [-102.46570863099107, 21.83409280973604], [-102.46376839354578, 21.833650208358836], [-102.46265716417598, 21.833396706792897], [-102.46095337355236, 21.833008009319553], [-102.45632123826536, 21.83195115288843], [-102.45623636677408, 21.832006283925246], [-102.45554393163971, 21.831841856080107], [-102.45499317685419, 21.832407456139613], [-102.4539163266218, 21.833513313350558], [-102.45357756098156, 21.833733358813713], [-102.45347705723043, 21.83391173347567], [-102.44996165483336, 21.836986250905067], [-102.4492392306932, 21.837618044559832], [-102.44756101798305, 21.83928310757719], [-102.44698513367787, 21.839644534997696], [-102.44691799101714, 21.839921078475598], [-102.44650731585747, 21.84032852148054], [-102.44646673536823, 21.8405840331889], [-102.44607431018535, 21.843054837566644], [-102.44602216016996, 21.843383175404565], [-102.44592155515033, 21.844175515452267], [-102.44579089720763, 21.84520452257035], [-102.44552760424811, 21.846963508231642], [-102.44526209659566, 21.848846183446785], [-102.44524258981784, 21.85211320877447], [-102.44445619743847, 21.858046941622586], [-102.44424075311916, 21.859361718878016], [-102.44394546997643, 21.86116367570235], [-102.44362337041694, 21.86213222829325], [-102.44377507813512, 21.86220345319487], [-102.44376882474714, 21.86224161396055], [-102.45386278355146, 21.86768306496873], [-102.45336804118338, 21.869118399713248], [-102.45329169241225, 21.86933989558621], [-102.45262606338596, 21.87095556427659], [-102.4523181820997, 21.871635598442065], [-102.45206782512298, 21.872188513568698], [-102.45175944199663, 21.872869570335222], [-102.45105130645187, 21.874507277424108], [-102.44956999297972, 21.87730844734222], [-102.44944494729364, 21.877544889645858], [-102.44930071532697, 21.879206615032555], [-102.44915371307732, 21.87963027103428], [-102.44874615542362, 21.880804827720972], [-102.4481112141824, 21.88222856013774], [-102.44807635734108, 21.882238840009656], [-102.44809154963858, 21.8822726540665], [-102.44794009763017, 21.88261225014634], [-102.44740733084667, 21.8838068402159], [-102.44734965058807, 21.883936172614572], [-102.44729105515592, 21.88401003340398], [-102.44729493943471, 21.884058846707678], [-102.44697359928936, 21.88477935231282], [-102.44671108712252, 21.886507737706633], [-102.4436045015087, 21.889365827313597], [-102.44128068183042, 21.88952154957109], [-102.4405972164663, 21.88890910333064], [-102.44041606359565, 21.888688872857703], [-102.43916947996115, 21.887629697140667], [-102.43819371807113, 21.88675529001096], [-102.43804211191788, 21.886619430158184], [-102.4371474623484, 21.886812072119646], [-102.43605631647704, 21.88704701770835], [-102.43497387050161, 21.8872800825898], [-102.43376087858442, 21.887541245621364], [-102.43341163518745, 21.887616437343745], [-102.43267476405225, 21.888227297315428], [-102.43124889084231, 21.889409307995134], [-102.42998029781727, 21.89046090893635], [-102.42974327125683, 21.890657389147417], [-102.4284475130264, 21.890328745269887], [-102.42788042942578, 21.890184912404592], [-102.42700070933496, 21.889961779241027], [-102.42630881575451, 21.889786282728537], [-102.42560539764091, 21.889607859510214], [-102.4244815015807, 21.889322775120966], [-102.42332900947576, 21.889030427581705], [-102.42248431663808, 21.888816152676263], [-102.42139394242604, 21.888355864939754], [-102.42130215613422, 21.888317118293635], [-102.42125476775604, 21.88829711348353], [-102.42078165446476, 21.888082082095472], [-102.42077505517013, 21.88807908246969], [-102.4207536898601, 21.88808558634628], [-102.41915704882453, 21.887411558815963], [-102.4189956746752, 21.887216427611946], [-102.41886068692521, 21.887338124480785], [-102.41654320104408, 21.887014032561982], [-102.41617181814516, 21.886962093304664], [-102.41365675889833, 21.886648295911638], [-102.4128135867592, 21.88715200039331], [-102.41266926259784, 21.88723821841477], [-102.41186781916008, 21.8877169854628], [-102.41124567209923, 21.888088639468858], [-102.4110526686821, 21.88820393303383], [-102.41071598610164, 21.88811068073757], [-102.4095849493533, 21.88779740670187], [-102.40889264719324, 21.887605649339005], [-102.40672926328355, 21.887820809207767], [-102.40668241413171, 21.887739649818997], [-102.40654912867953, 21.887820540734346], [-102.4065612253675, 21.887837520677376], [-102.40622235374872, 21.88787122042019], [-102.40476818241464, 21.886840370634157], [-102.40507171202371, 21.885746833626538], [-102.4051094257173, 21.885610958931927], [-102.4052912348458, 21.88570602797075], [-102.40528572147328, 21.884975802070898], [-102.40538459448798, 21.88461958092997], [-102.40556334492156, 21.883975566953993], [-102.40573840353994, 21.883344847682892], [-102.40581658310425, 21.883159518838404], [-102.40585603511822, 21.8830659952248], [-102.40627803164836, 21.882065620225767], [-102.40639291201327, 21.881793284447692], [-102.40778128646716, 21.878501892902577], [-102.4079659068553, 21.878064202028554], [-102.40564780809129, 21.874052602729027], [-102.40397358672642, 21.86754380520755], [-102.40371853444896, 21.86655220785784], [-102.40309450959161, 21.865760249490748], [-102.40009232880887, 21.86194999319689], [-102.3996811301869, 21.86142809659901], [-102.39999606894725, 21.858300541923327], [-102.39955270922654, 21.857632117300263], [-102.39773476219496, 21.85489124582399], [-102.39725971105635, 21.853399306806743], [-102.39626960875842, 21.850289719511125], [-102.39609589455362, 21.84925340787349], [-102.39533813460827, 21.844732783984902], [-102.3950520810504, 21.84302620172007], [-102.39491194169817, 21.84219012638648], [-102.39481043517843, 21.841584532873473], [-102.39440670886026, 21.83917584515206], [-102.39394268668892, 21.837604926905374], [-102.39319103030624, 21.835060184648658], [-102.39327862482972, 21.830242284571995], [-102.3897365820737, 21.826330689781372], [-102.38642639351397, 21.82386849789252], [-102.38360595375724, 21.8228598171595], [-102.38052756176307, 21.82184698534765], [-102.3810768025546, 21.819934779818908], [-102.38107873494803, 21.819928054022817], [-102.38086727764498, 21.818582556680237], [-102.38067248724307, 21.81734308827619], [-102.38445609610847, 21.813184607223903], [-102.387064199031, 21.810250869704543], [-102.38956210076233, 21.807440929558332], [-102.39045622224559, 21.80643507485042], [-102.39404395358532, 21.80274765751967], [-102.40284626257912, 21.80071491120492], [-102.40349215466364, 21.8005657319048], [-102.40841248524616, 21.799609039459476], [-102.41081741943117, 21.799141373625964], [-102.41422914858727, 21.798477857795756], [-102.41611761909064, 21.798140967939197], [-102.41662151452088, 21.79805107256231], [-102.42491871767712, 21.796570603468748], [-102.42566435576968, 21.79702698757276], [-102.42913560058793, 21.79915156214855], [-102.42966047762255, 21.799363343020445], [-102.43027601636129, 21.799611701823345], [-102.43232542013978, 21.800438578378845], [-102.43546948690985, 21.802436242415784], [-102.43558560278223, 21.802449117514346], [-102.43631460387472, 21.80252994494301], [-102.43903969579897, 21.802832058725386], [-102.44079031858924, 21.803106730079787], [-102.44277329977773, 21.803354062293135], [-102.442980407679, 21.803374445833853], [-102.44799763140111, 21.803868167247103], [-102.44903118988918, 21.804040232262413], [-102.44889811137685, 21.805970168015733], [-102.44870393429352, 21.80878599101401], [-102.44871137400314, 21.808787183090207], [-102.44868942985325, 21.80899631281922], [-102.44868795349808, 21.809010385803937], [-102.4486884551082, 21.809010449533304], [-102.44892188113732, 21.809040283079433], [-102.45034043225485, 21.809221579703078], [-102.45297560725946, 21.808890166721092], [-102.45373420540693, 21.80879475339039], [-102.45386614160003, 21.808778158985803], [-102.45535031142651, 21.809141357263915], [-102.45912360334667, 21.807975961630238], [-102.4616444501932, 21.80719732808036], [-102.46164528424406, 21.807197070960544], [-102.46169919974298, 21.807320539889464], [-102.46176445059457, 21.80746996890691], [-102.46201593665789, 21.808045882227017], [-102.46243046023528, 21.80899514937683], [-102.46246601687454, 21.809076573565985], [-102.46348830715802, 21.811417586472277], [-102.46422077034389, 21.813094859013823], [-102.46484373374571, 21.814520833705153], [-102.46484350646942, 21.814520837436], [-102.4648436440224, 21.814521151929466], [-102.46430585461162, 21.814530451415134], [-102.46171960300558, 21.814575148142477], [-102.46183563281991, 21.814842069206993], [-102.46181480883757, 21.81484288464992], [-102.46188610987825, 21.814967166409346], [-102.46190221553067, 21.814995240305944], [-102.46222963698371, 21.815748450875297], [-102.46249060257122, 21.81602082652566], [-102.46306810498656, 21.817027423429728], [-102.46438842173434, 21.81850499789996], [-102.46449741091074, 21.818626967158124], [-102.4657608159028, 21.818368046826706], [-102.46643537835415, 21.820493155464565], [-102.46643513022202, 21.82049329971852], [-102.46643532717367, 21.820493920281017], [-102.46594162059513, 21.82077945299643], [-102.46598304850667, 21.820936071770106], [-102.46542226667606, 21.821405857993796], [-102.46507169000745, 21.821503016837532], [-102.46476762356286, 21.821954268996553], [-102.46417024500913, 21.822455701758308], [-102.46348681469532, 21.823029357977052], [-102.4635873026135, 21.82309723956013], [-102.46586655627006, 21.82463688812555], [-102.47075069596885, 21.824601074775867], [-102.47162574866127, 21.824593580413815], [-102.47233627203356, 21.824587492095066], [-102.4781397870485, 21.82613036189256], [-102.4811807622361, 21.826344977401188], [-102.48118353948504, 21.82634772652734], [-102.48120356011472, 21.826349156299955], [-102.48119477580401, 21.826358851373556], [-102.47538055473902, 21.832775467618628]]]}, "properties": {"id": "cerro-del-muerto", "nombre": "ANP Cerro del Muerto", "municipios": "Aguascalientes, Jesús María", "hectareas": 5862.06, "cat_manejo": "", "cat_decreto": "", "id_anp_oficial": "", "prim_dec": "", "ult_dof": ""}}, {"type": "Feature", "geometry": {"type": "Polygon", "coordinates": [[[-102.24597046870689, 21.670409300021184], [-102.2466899324461, 21.67052143024695], [-102.24902707512024, 21.67088565855387], [-102.25928435324786, 21.672483785258947], [-102.25951745567099, 21.67252009586948], [-102.25976481565556, 21.67255862684326], [-102.26227745552879, 21.6729499993916], [-102.26353792777165, 21.67314631715135], [-102.27126375598642, 21.67434939240156], [-102.27044642965107, 21.681602917452885], [-102.27038536771198, 21.6821447747861], [-102.26998356775901, 21.68571017605478], [-102.26971549179918, 21.68808881561126], [-102.27710566456891, 21.681418125437215], [-102.27912014323435, 21.68216896982372], [-102.27891346206331, 21.68271893586531], [-102.27869159812043, 21.683883497966274], [-102.2787889771946, 21.685722610003232], [-102.27873514691626, 21.686011451729815], [-102.27870566754954, 21.686169630753774], [-102.27863783664779, 21.686533592932093], [-102.27845230884196, 21.68673272957077], [-102.2763599111029, 21.68897854747472], [-102.27622363480562, 21.689415882166678], [-102.27582044492159, 21.69070976395551], [-102.27570685680139, 21.691074277233426], [-102.274916878402, 21.691728688411676], [-102.27383813367513, 21.693164543753586], [-102.27336871590184, 21.69432801085293], [-102.2732984026673, 21.694502284703418], [-102.2732985451209, 21.69468285438124], [-102.2732992207368, 21.695542813762042], [-102.27329944943097, 21.695833803702715], [-102.2732995024673, 21.695901642911572], [-102.27321498068704, 21.695891765454416], [-102.27054529149159, 21.695579766335932], [-102.26893615708771, 21.695391689529654], [-102.26725669059016, 21.69661095514388], [-102.26583804519433, 21.699060790780848], [-102.26562214828635, 21.69943360988387], [-102.26553486493697, 21.699584333000207], [-102.26523011432909, 21.699634636494224], [-102.26438189071403, 21.699774645334212], [-102.26282485030178, 21.697645669543213], [-102.26099603640807, 21.69514500159916], [-102.25829143775766, 21.693669838609562], [-102.25381097234327, 21.691225912105047], [-102.25332120589663, 21.69095875121734], [-102.25364444455136, 21.689163840017873], [-102.25387736573327, 21.687870412324912], [-102.25404395403284, 21.68694531899618], [-102.25456998711881, 21.68402405542884], [-102.25466320656669, 21.68350635823734], [-102.25469931578635, 21.68330582014477], [-102.25528701528096, 21.680041867167684], [-102.25536813199898, 21.67959134679775], [-102.25547565366205, 21.678994169296484], [-102.25584612063547, 21.676936534283833], [-102.25179101105907, 21.674256475792742], [-102.25013434499265, 21.673161516317442], [-102.24597046870689, 21.670409300021184]]]}, "properties": {"id": "el-tecolote", "nombre": "ANP El Tecolote", "municipios": "Aguascalientes", "hectareas": 513.41, "cat_manejo": "", "cat_decreto": "", "id_anp_oficial": "", "prim_dec": "", "ult_dof": ""}}, {"type": "Feature", "geometry": {"type": "Polygon", "coordinates": [[[-102.26228041881089, 21.829375231495792], [-102.26263667094294, 21.83051558954006], [-102.25938379650971, 21.83111655431601], [-102.2568168804563, 21.829527894795532], [-102.2552299785072, 21.82848427389705], [-102.25406977913113, 21.82830212002433], [-102.25470228374348, 21.822990886105956], [-102.25791513666124, 21.817135103769715], [-102.2580981701092, 21.816801487008913], [-102.25832986252013, 21.816634166751793], [-102.25889780649601, 21.81655253190195], [-102.25899143732686, 21.816993466658573], [-102.25990628951584, 21.816824080378055], [-102.26012724093914, 21.818109897459067], [-102.26013118535909, 21.81810908371596], [-102.26013913854335, 21.818154527146547], [-102.26193899655559, 21.81773616984864], [-102.26256718472378, 21.818384829001754], [-102.26232673669988, 21.819454518818485], [-102.26160654230983, 21.82265835248273], [-102.26176446037452, 21.825747203772767], [-102.26172018731681, 21.82729514299647], [-102.26196083671333, 21.828352240714427], [-102.26228041881089, 21.829375231495792]]]}, "properties": {"id": "cobos", "nombre": "ANP Cobos", "municipios": "Aguascalientes", "hectareas": 98.2, "cat_manejo": "", "cat_decreto": "", "id_anp_oficial": "", "prim_dec": "", "ult_dof": ""}}, {"type": "Feature", "geometry": {"type": "Polygon", "coordinates": [[[-102.29082011145246, 21.71082279426298], [-102.29070509170793, 21.710984114592197], [-102.29067605111523, 21.711152273232504], [-102.29065773301001, 21.71125858834422], [-102.29063770940306, 21.71142499869667], [-102.29061572924157, 21.71160302250631], [-102.29042727019369, 21.71198351773677], [-102.29030878009739, 21.71210995013037], [-102.29024440811756, 21.712178679449778], [-102.28954587364073, 21.71278021540299], [-102.2893536133355, 21.712945792484984], [-102.2888443313483, 21.713459425289763], [-102.28881695648712, 21.713487052618024], [-102.28867998470969, 21.713527329622156], [-102.28805185474319, 21.71371212852364], [-102.28765738400534, 21.713764798187214], [-102.28746103812765, 21.713792636759827], [-102.28737618527255, 21.713804607546884], [-102.28720994229344, 21.714030189308126], [-102.28701649816146, 21.71429983069068], [-102.28687265820307, 21.71450014099282], [-102.2866939365176, 21.7147470932979], [-102.28651737449029, 21.714992184969276], [-102.28635379054987, 21.715220066046694], [-102.2861844571264, 21.715455706587846], [-102.28589584653051, 21.715339487217445], [-102.28570090780373, 21.715261364050413], [-102.28519814245882, 21.715076906215444], [-102.28486910120134, 21.714906760310424], [-102.28474945600836, 21.714811364306676], [-102.28363844524462, 21.71652984600546], [-102.2837157109442, 21.716777833894316], [-102.284188627274, 21.717029151853403], [-102.28378230647095, 21.71792288567755], [-102.28356060838856, 21.718291902054872], [-102.28325911785443, 21.718968889344374], [-102.28325283598473, 21.719303163115946], [-102.28331372214801, 21.719445983434653], [-102.28287656430194, 21.720262835537905], [-102.28264161992888, 21.721202528490643], [-102.28201053949309, 21.722816296535292], [-102.28165836406546, 21.723706036211503], [-102.2813797375787, 21.723700467705267], [-102.28069104644023, 21.723583806130424], [-102.28054810680511, 21.723550403694517], [-102.28019103253429, 21.723467714072022], [-102.2797175989759, 21.723309989522434], [-102.27940386581922, 21.72317294316026], [-102.27929506276375, 21.723117351580047], [-102.27914979956208, 21.723043196117775], [-102.27900031794502, 21.722957055002233], [-102.27871976466574, 21.72276656881207], [-102.27855006959126, 21.722635409317274], [-102.27843501710173, 21.72253719533339], [-102.27831278985569, 21.722419815465464], [-102.278209906015, 21.722311600418415], [-102.27811441530461, 21.722200708371417], [-102.27799828665357, 21.722057068512104], [-102.27785550605415, 21.721861443789635], [-102.27753599262937, 21.721390375004102], [-102.277158420484, 21.720719115809032], [-102.2770812195663, 21.72055029726122], [-102.27703316457047, 21.720434407343603], [-102.27698370904217, 21.720280037584967], [-102.27695218171583, 21.720133004071126], [-102.27705112999716, 21.719998678534907], [-102.27700568738331, 21.71983643065768], [-102.27696549429629, 21.71961604226694], [-102.27700436890012, 21.71956278793373], [-102.27701275632629, 21.719532954848077], [-102.27697412468599, 21.71940918551332], [-102.27696449082306, 21.71928977487712], [-102.27699677268387, 21.719176199228666], [-102.27700887558959, 21.719123497602755], [-102.2771215649577, 21.71866991756054], [-102.27717406104173, 21.718462789103793], [-102.27762779521947, 21.716807940306712], [-102.27780981493, 21.71613532028822], [-102.27788667089972, 21.715850324063165], [-102.27800926776916, 21.715357636367727], [-102.27815250764789, 21.714794693297655], [-102.27820067530608, 21.714606902014694], [-102.27822871696158, 21.714497769920943], [-102.27833338424148, 21.714090096248682], [-102.27835228283858, 21.714020173440435], [-102.27846590277991, 21.713598744494753], [-102.2786143499821, 21.713077141564035], [-102.27885927886834, 21.71220270662175], [-102.27894438419227, 21.7118846240149], [-102.27910935259365, 21.711301092649666], [-102.27912291175424, 21.711268455538473], [-102.27922662857517, 21.711234501047], [-102.27926465448985, 21.711221042926685], [-102.2793004814269, 21.711201229466894], [-102.27930899555432, 21.711195411223105], [-102.2793211305142, 21.71118712477684], [-102.27935461284738, 21.711158425899008], [-102.27938427138555, 21.711122442249508], [-102.27941169944472, 21.71106123540063], [-102.27941860178487, 21.71102298216945], [-102.27934386166761, 21.710502586446257], [-102.2793421597337, 21.710480080166974], [-102.27934154501567, 21.710471674551297], [-102.27944034089504, 21.710113824786816], [-102.27951244209768, 21.70986549066258], [-102.27955055478628, 21.709734406319225], [-102.27966778090287, 21.709644703196247], [-102.27968009767645, 21.709616469050495], [-102.2796948639831, 21.70955045015579], [-102.27962444211566, 21.70946299119222], [-102.27965162701773, 21.70936332336437], [-102.27979335615319, 21.708843955209385], [-102.27983859379054, 21.708678141824574], [-102.28011344580881, 21.707696136242458], [-102.28015654408662, 21.707541301043722], [-102.2803257251492, 21.70693346242753], [-102.28055975105771, 21.706098113038095], [-102.28062394850569, 21.70586914752935], [-102.28063419791029, 21.705832664340456], [-102.28079509700964, 21.705259173702803], [-102.2808945133609, 21.704878131900678], [-102.2811209677646, 21.704070009885985], [-102.28118681673918, 21.703835293492443], [-102.28132031859943, 21.7033469325018], [-102.28145519848746, 21.70285714952148], [-102.28158145133773, 21.702415160573636], [-102.2818097147085, 21.701582240922043], [-102.28205431242958, 21.700707520646088], [-102.28226822408153, 21.699944056345775], [-102.28258673499609, 21.69879548009255], [-102.28286812733299, 21.697791997347334], [-102.28307772213691, 21.697036675250065], [-102.28325919343753, 21.69637974239077], [-102.28339239907613, 21.695890831664844], [-102.28355638215764, 21.69530601181615], [-102.28372785158987, 21.69470822452361], [-102.28385616951155, 21.694242794676818], [-102.28403087140353, 21.69361156782434], [-102.2841961221399, 21.693015483188262], [-102.28434846095779, 21.692453671643534], [-102.28446665932924, 21.692038267862866], [-102.28452411667418, 21.691833111844844], [-102.28461293649312, 21.69151625800134], [-102.28477207654137, 21.69095211971165], [-102.28540773483527, 21.691153824407902], [-102.28563516235495, 21.69109453728011], [-102.2857655086922, 21.691107685449865], [-102.2860606350487, 21.69125515261071], [-102.28625837138505, 21.69136274814699], [-102.28657872973282, 21.691540057233176], [-102.28714045797227, 21.691826487091888], [-102.28738667844554, 21.69196024228216], [-102.2876734670019, 21.692068300758525], [-102.28785392260713, 21.692129120145434], [-102.28824221993683, 21.69226357413801], [-102.28828540648858, 21.692278544203415], [-102.28852763115644, 21.6923781987789], [-102.28878468521212, 21.69249064385176], [-102.28885146289166, 21.692519902060067], [-102.2890120909592, 21.69259763845992], [-102.28918509828345, 21.69264361982408], [-102.2893044425299, 21.692527401753665], [-102.28947819159838, 21.692709168678693], [-102.28963655868638, 21.69275292410338], [-102.29024938920557, 21.692838505380852], [-102.29039077492276, 21.692912224636036], [-102.2908545746845, 21.69306424707933], [-102.29108986946939, 21.692971769584325], [-102.29155257851683, 21.693027268132106], [-102.29172528465811, 21.693053291206557], [-102.29198616676769, 21.693090414358366], [-102.29211186272192, 21.693109620455424], [-102.29231272318361, 21.693205524606373], [-102.29254989874046, 21.693198385813684], [-102.29274033876318, 21.693288522179447], [-102.2927715595486, 21.693287407225693], [-102.29301484756422, 21.693278832943744], [-102.29322010892591, 21.693588850650688], [-102.29349595778615, 21.69400347645498], [-102.29369721051482, 21.69430584513529], [-102.29385603246443, 21.6945372865768], [-102.29398215174706, 21.694730278280144], [-102.29416875624035, 21.695020581283927], [-102.29449131816969, 21.69554610448675], [-102.2945384706711, 21.69562288613674], [-102.29456811818028, 21.695664625988613], [-102.2945656553312, 21.695775714725418], [-102.29455165255871, 21.696276785067386], [-102.29455834504478, 21.696518200300503], [-102.29455144245959, 21.696660090704924], [-102.29432232654521, 21.697165863783123], [-102.29423765617786, 21.6973494553599], [-102.29387078913433, 21.69814456734698], [-102.29386157637698, 21.69819298499042], [-102.29388315756299, 21.69908453499957], [-102.2938858916551, 21.699196611269084], [-102.29390083295655, 21.699807838336735], [-102.29391125005958, 21.700294231069297], [-102.29392297825598, 21.70068468259368], [-102.2939414478876, 21.701458462694568], [-102.29397882984438, 21.70235216636715], [-102.29396023830311, 21.703403027686182], [-102.29365813625076, 21.70454594228871], [-102.293587444445, 21.704813356164088], [-102.29269165690403, 21.70695024679735], [-102.29115390808376, 21.708596729993005], [-102.2910790794294, 21.70881640923951], [-102.29105941659414, 21.70891719570057], [-102.29106546827848, 21.7090221942702], [-102.29108835993324, 21.70917197385035], [-102.29111648119694, 21.70930558945208], [-102.29113685601455, 21.709398905968268], [-102.29114550909466, 21.709442379506008], [-102.29117182382382, 21.709528029512654], [-102.2911802135978, 21.709817678773586], [-102.29115283371411, 21.71004680039358], [-102.29109749283342, 21.71016984289675], [-102.29103058842996, 21.710337743477034], [-102.29085212468031, 21.71077789419449], [-102.29082011145246, 21.71082279426298]]]}, "properties": {"id": "penuelas", "nombre": "ANP Peñuelas", "municipios": "", "hectareas": 347.85, "cat_manejo": "", "cat_decreto": "", "id_anp_oficial": "", "prim_dec": "", "ult_dof": ""}}, {"type": "Feature", "geometry": {"type": "Polygon", "coordinates": [[[-102.34483965709728, 22.1439387661685], [-102.34483847022796, 22.14393297200064], [-102.3443166039818, 22.141834364725376], [-102.34379033595042, 22.14183405104279], [-102.34351578281381, 22.141833886271172], [-102.34365653771307, 22.140803845619388], [-102.34390486800345, 22.13898652160321], [-102.34408961732636, 22.137634450713858], [-102.34257963526028, 22.137323995295226], [-102.34264577811295, 22.136998394424946], [-102.3432251990256, 22.135721288495326], [-102.34461454057325, 22.133792649066482], [-102.34498765869647, 22.133578667716343], [-102.34557985381572, 22.13323904386644], [-102.34484380029103, 22.133196865235885], [-102.3445235543932, 22.133178513335103], [-102.34448443197672, 22.132901350971803], [-102.34446934098673, 22.132794441719952], [-102.34430021267853, 22.132412473056732], [-102.34384234800291, 22.131179864494797], [-102.34374250701921, 22.130408170482422], [-102.3433896276335, 22.12968896503144], [-102.34289769976787, 22.12802937360112], [-102.34122492205962, 22.128717264541898], [-102.3411885353978, 22.12816403130546], [-102.3411157088258, 22.127996818503075], [-102.34068022785759, 22.127156205007296], [-102.34016666952739, 22.126837949120937], [-102.33981992357094, 22.12617142978445], [-102.33965760147822, 22.125721467756517], [-102.3395960015438, 22.12516351287089], [-102.34013282542033, 22.12500656001894], [-102.34091937581168, 22.124776590320906], [-102.34085312987142, 22.12405709631477], [-102.34078504921541, 22.12331767596177], [-102.34101039704963, 22.122277317643952], [-102.3416553929411, 22.122330819998492], [-102.3418901755569, 22.122191447317704], [-102.34275973892532, 22.121675247969723], [-102.34284118913165, 22.12143294569576], [-102.34268414361033, 22.120785490547828], [-102.34187915662385, 22.120242130634196], [-102.34085218834862, 22.12005342589286], [-102.34025091058301, 22.12012961389361], [-102.33917763907077, 22.120842440979814], [-102.3392523907774, 22.11733430691059], [-102.33931393765522, 22.11133636044536], [-102.33932938588276, 22.109830395467686], [-102.3403843235079, 22.10792324838642], [-102.34102690854046, 22.106286536059855], [-102.34195439704706, 22.103957573175794], [-102.34197695496034, 22.102754231546033], [-102.34126334555299, 22.092170861231274], [-102.34475549425065, 22.09133749598413], [-102.34354269194647, 22.0901670884442], [-102.34272996185955, 22.088565038225344], [-102.34207184497394, 22.086983555520014], [-102.34232954821564, 22.085119064284456], [-102.34299647518837, 22.084561335328914], [-102.34304177272595, 22.08417622738253], [-102.34204485369587, 22.084753750296475], [-102.34146022155606, 22.08483234681079], [-102.34064061477483, 22.085117005973718], [-102.34043636657765, 22.084331262677964], [-102.34043630512873, 22.084331026964122], [-102.3410068698032, 22.083989388890885], [-102.34142394878, 22.08361401277065], [-102.34107779251167, 22.082939595044447], [-102.33990107414108, 22.083025905299014], [-102.33950172828982, 22.082468001078837], [-102.33909722483786, 22.08192574695889], [-102.33837611918926, 22.0810846766164], [-102.33758001804841, 22.080983401700745], [-102.33558415953628, 22.07722468616965], [-102.3355707668949, 22.077199463665018], [-102.33649649276126, 22.077267921116526], [-102.33898768326094, 22.07745211940676], [-102.33899047275057, 22.07745232551307], [-102.33912093834986, 22.076965635078356], [-102.34004939051319, 22.073501997334564], [-102.33985261463779, 22.072146933753526], [-102.33988520054373, 22.07208809937139], [-102.33989087729523, 22.072077849880447], [-102.3399071220557, 22.072048518751963], [-102.34395677361411, 22.072665044546124], [-102.34449369977068, 22.072753662970953], [-102.34612566602392, 22.07302300414435], [-102.34734259955599, 22.07317653280739], [-102.34846460072329, 22.07331807673778], [-102.35058077314584, 22.073585016542214], [-102.35093999137099, 22.072785294603584], [-102.35200683740999, 22.070410125874826], [-102.35234181320459, 22.069647486118388], [-102.35311648912783, 22.067883740641136], [-102.35312005553108, 22.067875620384388], [-102.35300590338075, 22.066887514750707], [-102.3532648846843, 22.066697615473828], [-102.3536147789987, 22.0662090217809], [-102.35375473249529, 22.065980702032473], [-102.35390041189383, 22.065743040098294], [-102.35394627325674, 22.065668221015287], [-102.35411215385741, 22.065406849986953], [-102.3543574560619, 22.06494364422597], [-102.35443586970314, 22.06479595858054], [-102.35443782077856, 22.064769249676555], [-102.35444805564612, 22.064629146280648], [-102.35445438345147, 22.06453076182451], [-102.35446168693557, 22.064417219664882], [-102.35448162120552, 22.06382919939509], [-102.35448317448332, 22.06378338267826], [-102.35452094334485, 22.063453007107668], [-102.354539574197, 22.063290037329356], [-102.35459999856957, 22.06298559329506], [-102.35462306953698, 22.062869350574967], [-102.3546636702925, 22.062736851151943], [-102.35467115193485, 22.06272482926206], [-102.35475346215495, 22.062592570228006], [-102.35476100874693, 22.062580443796637], [-102.35488939938725, 22.062491915739603], [-102.35492411155059, 22.062467980969878], [-102.35501270880694, 22.062293376941938], [-102.35502979385329, 22.062200396954275], [-102.35505446784548, 22.06206610689251], [-102.35511008135607, 22.062007532100374], [-102.355170538999, 22.061943855489236], [-102.35524945377331, 22.0617690946719], [-102.35529992809823, 22.061593873843783], [-102.35543719259387, 22.06134106551699], [-102.35561020982563, 22.061183624420874], [-102.35536905854762, 22.060783011882588], [-102.35521053192261, 22.060519658600025], [-102.35462793558325, 22.05955180737861], [-102.3550246623067, 22.05897669485071], [-102.35546027599948, 22.058345202734834], [-102.35549322937749, 22.058297431019533], [-102.35598909864017, 22.05525360696301], [-102.35599341293177, 22.0552271221754], [-102.35603583528058, 22.05519169769172], [-102.35612559066797, 22.05518265487627], [-102.35615165822946, 22.05518002852279], [-102.35627388530538, 22.055182004114226], [-102.35637648031295, 22.05516560720226], [-102.35643270036283, 22.055071726483895], [-102.35648155106134, 22.055016093759875], [-102.35648491874902, 22.054995866880155], [-102.35649654136911, 22.054926060447105], [-102.35651138143646, 22.054876648713716], [-102.35656667814551, 22.05483240457847], [-102.35666845800746, 22.05482727873374], [-102.35678463399825, 22.0548291561305], [-102.35678246847307, 22.05484119278903], [-102.35677653386246, 22.05487416303269], [-102.35677523319742, 22.054944105599592], [-102.35678784946155, 22.055014273059484], [-102.3569096149523, 22.05504106649432], [-102.3569924760375, 22.05497921249761], [-102.3570430046057, 22.054833331087615], [-102.35709269402506, 22.054732573898814], [-102.35711364093582, 22.0546690369371], [-102.35712155885216, 22.054645021560184], [-102.35714257534428, 22.05458893887117], [-102.35725946431054, 22.054552460294417], [-102.35733472839071, 22.054508538469083], [-102.35743045722332, 22.054503314366446], [-102.35743283953997, 22.05450310645086], [-102.35753958175324, 22.054493792830076], [-102.35763436996008, 22.054506608539217], [-102.357703457272, 22.054469357424725], [-102.35777939223057, 22.05438933595565], [-102.3578623783898, 22.05432071279648], [-102.35795203833003, 22.054283793865167], [-102.35797330605554, 22.054214173744178], [-102.3579888584353, 22.054126406172276], [-102.35806458336924, 22.054057665605676], [-102.35812760154163, 22.053988719772622], [-102.3582313935762, 22.053875294581164], [-102.3582745097671, 22.053769916982983], [-102.35828342989015, 22.053648188868664], [-102.35826637936313, 22.05345833457028], [-102.35821322218713, 22.053387512434632], [-102.35814081034526, 22.053278012152287], [-102.3580320222224, 22.0532694844711], [-102.35793642001414, 22.053267940368038], [-102.35780774825507, 22.05325457760167], [-102.35772644029208, 22.053232952239238], [-102.35770000866351, 22.053189644352752], [-102.35761118819894, 22.053181438935365], [-102.35746839010396, 22.05317913217463], [-102.35745093460312, 22.053175947701536], [-102.35738695642304, 22.053164275292826], [-102.35727875572233, 22.053124160137312], [-102.35723877182039, 22.05308617819163], [-102.35716515765863, 22.053016250991128], [-102.35711832146406, 22.052963585803077], [-102.35705277626737, 22.05284291160762], [-102.35690113784655, 22.052567377798383], [-102.3568635102576, 22.052442640847605], [-102.35685698195277, 22.052420081218756], [-102.35683791804053, 22.052354208605465], [-102.35686374938392, 22.052311287349838], [-102.3568728928181, 22.052296094563975], [-102.35690104397193, 22.052246897823014], [-102.35690305753474, 22.05213859960795], [-102.35690469354533, 22.052050607307038], [-102.35688381872498, 22.05198867135666], [-102.35683356600808, 22.051839567244762], [-102.35683948084349, 22.051521441235046], [-102.35696082296637, 22.050496516378974], [-102.35697659948413, 22.0504971720873], [-102.35944586444896, 22.05059983884826], [-102.35944593054803, 22.050599616934004], [-102.35974413452536, 22.04959582093502], [-102.35975274901574, 22.04956725493766], [-102.36000082720352, 22.04874460002171], [-102.36198976072657, 22.048803764863035], [-102.36323906989382, 22.047460736756367], [-102.36332974131847, 22.047532161875314], [-102.36339026621212, 22.047564733841728], [-102.36346489723718, 22.047554651997572], [-102.36352686392142, 22.047542109144317], [-102.36366300144536, 22.04754430281913], [-102.36381211557426, 22.047564760670078], [-102.36396177351965, 22.047555887438595], [-102.36402981022616, 22.04757503880073], [-102.36411756285527, 22.04760804917688], [-102.36420493911474, 22.047661365556284], [-102.36427950606853, 22.04768739272698], [-102.36430510254087, 22.04777582422293], [-102.36435755022472, 22.04788500038198], [-102.36430167307348, 22.047960834878392], [-102.36430740860428, 22.048010579102385], [-102.36437492417038, 22.04802520814356], [-102.36443521818079, 22.048102914066018], [-102.36448967344288, 22.04810379126853], [-102.3645243931129, 22.048059212517327], [-102.36459942034595, 22.048060421059606], [-102.36463903926253, 22.048110711065302], [-102.36471323019319, 22.048157044121325], [-102.36471251930546, 22.04819540000015], [-102.3647584176015, 22.048266103241776], [-102.36481967368239, 22.048291915800075], [-102.36496770172653, 22.04837103463099], [-102.36513152781653, 22.048348847165624], [-102.36525492055267, 22.04828764105847], [-102.3653652527225, 22.04821268311674], [-102.36544881697694, 22.048112468127997], [-102.36558005533246, 22.04801979143973], [-102.3656284203655, 22.04795737691345], [-102.36570440902783, 22.047906691653633], [-102.36593775653174, 22.04779083272763], [-102.36601278370887, 22.0477920406083], [-102.36610825747942, 22.047800348324763], [-102.36620794297644, 22.047908027550868], [-102.36620677277998, 22.047971202017575], [-102.3662814239437, 22.04799271586401], [-102.36634730995873, 22.04809533712488], [-102.36641568166789, 22.048096437699602], [-102.36648311401228, 22.04811557835789], [-102.36648240360314, 22.04815393429173], [-102.36655529982848, 22.048270209748853], [-102.36662869760966, 22.04835941040454], [-102.36669646440056, 22.0483605011357], [-102.36674903953038, 22.048462908027314], [-102.36688728061917, 22.048470434864686], [-102.36692559204245, 22.048472520239752], [-102.36693205891186, 22.04851550550284], [-102.36704704072126, 22.04854895262299], [-102.3670804228105, 22.04857657269839], [-102.36710931880066, 22.048617662002833], [-102.36710802362276, 22.048687605207164], [-102.3671618943174, 22.04872006879744], [-102.36720163970536, 22.048763589588177], [-102.36719984321667, 22.048860607586615], [-102.36719122390319, 22.04896654340711], [-102.36718524107057, 22.049051426815343], [-102.36718137280869, 22.049106312973766], [-102.36719374343662, 22.049190017525166], [-102.36719922931428, 22.049253299140034], [-102.36719305589557, 22.049296072858585], [-102.36718868558414, 22.049326349772187], [-102.3671839542268, 22.049359127844916], [-102.36718274259822, 22.049424558582512], [-102.3671951348725, 22.04947440991164], [-102.36721460679243, 22.049527257689483], [-102.36722106764832, 22.049544791285417], [-102.36725365617521, 22.049615279764307], [-102.36724559225276, 22.04963432104715], [-102.36723276982829, 22.04966459555348], [-102.36726700924137, 22.049708322042427], [-102.36729899144676, 22.04974916669661], [-102.36730422668947, 22.049825985705443], [-102.36735135854063, 22.0498628546348], [-102.36737005080246, 22.04996471614693], [-102.36738240139131, 22.050016823702574], [-102.36741572048625, 22.05008055320315], [-102.3675153666929, 22.05019048809283], [-102.36754737061514, 22.05029256379556], [-102.36759458622997, 22.05032492020872], [-102.36760053180751, 22.05036338326321], [-102.36759819661752, 22.050381337725376], [-102.36759427357433, 22.050411501750418], [-102.36758500614455, 22.050482749407056], [-102.36758297669819, 22.050487376740982], [-102.36754961825247, 22.05056342855588], [-102.36751333280118, 22.050659891584], [-102.36751182879983, 22.050741115956498], [-102.36750362722663, 22.050824489458243], [-102.36748188499367, 22.05088733292196], [-102.36748543740605, 22.050942909040923], [-102.3674875164864, 22.050975442828225], [-102.36743155186815, 22.05103557180027], [-102.3674109416785, 22.05105771605329], [-102.36737626378613, 22.05110003918803], [-102.36733357292985, 22.05118285764322], [-102.3672986442876, 22.051238718147886], [-102.36729563921176, 22.051255249006747], [-102.36727573196198, 22.05136473606138], [-102.36727604774558, 22.05136781685269], [-102.3672875177306, 22.051480027857146], [-102.36727852205105, 22.051606269729877], [-102.36728413328856, 22.051662782642463], [-102.36725452322452, 22.051790949654908], [-102.36724002150548, 22.05182231292697], [-102.36717702851665, 22.051922859802755], [-102.36717564958573, 22.05199731544592], [-102.36714758542301, 22.05204200185117], [-102.36718123742581, 22.052153131761656], [-102.36717291012562, 22.052243273901407], [-102.36715012278853, 22.05236252306215], [-102.36714928704657, 22.052407647691055], [-102.36715372818452, 22.05252733508106], [-102.36815623518137, 22.0527781852734], [-102.36892082405377, 22.054503476469957], [-102.3712910584315, 22.05378326330434], [-102.37332133871294, 22.054197295724755], [-102.3735797517742, 22.05377237276089], [-102.37428639641725, 22.0526103814486], [-102.37489025615496, 22.05147356057157], [-102.37667500916166, 22.050071305165623], [-102.37679477969941, 22.049779826423055], [-102.37713291063514, 22.04890504981793], [-102.37718054511802, 22.048061726154554], [-102.37823385815109, 22.04732931095746], [-102.37850196462297, 22.04700183962712], [-102.37924255620494, 22.045995832392986], [-102.37944972512001, 22.04615036422283], [-102.37964105684001, 22.046277559136815], [-102.37978736065787, 22.04635212358518], [-102.3799101920607, 22.046419541282546], [-102.38007923901682, 22.046508011213593], [-102.38020255106512, 22.046582207175366], [-102.38033312396887, 22.046656519305554], [-102.3804250978444, 22.046723442601067], [-102.38054780521634, 22.046797628649447], [-102.38070919507457, 22.04687469079277], [-102.38081810608801, 22.046876434262003], [-102.38097300177024, 22.046878913738123], [-102.38117056625768, 22.046844698656347], [-102.38117579866702, 22.046843792066564], [-102.38125549491292, 22.046829003758532], [-102.38118944836849, 22.046981327181708], [-102.38088076015329, 22.04769325078723], [-102.38088386687649, 22.082896992933843], [-102.38088628448362, 22.12478422823026], [-102.38088638157748, 22.127202895269818], [-102.38060175670508, 22.127085951799817], [-102.38053887907893, 22.12706057952521], [-102.3785574121019, 22.126261008557034], [-102.37757285924963, 22.1258637051075], [-102.37612518104297, 22.1252942601534], [-102.3753097961352, 22.124920003623906], [-102.37429076374325, 22.12445226611557], [-102.371776221235, 22.123387151351704], [-102.35436253186272, 22.115906310423682], [-102.35514665915092, 22.117358050881144], [-102.35717262345842, 22.12110880037596], [-102.35723798855643, 22.121759839283527], [-102.3548820496459, 22.126966637604045], [-102.35309036032206, 22.128673111351745], [-102.35286178500668, 22.130780505278057], [-102.35283280625983, 22.13104767161114], [-102.35281883690591, 22.13120953498848], [-102.35268051122335, 22.13281232754208], [-102.35254461985049, 22.134250003260593], [-102.35241032752941, 22.135601943466817], [-102.352246705899, 22.137129442568355], [-102.35190921086902, 22.139080665235205], [-102.35178507672758, 22.13988886396499], [-102.35150281594592, 22.141897402840673], [-102.35130729905093, 22.142604732845623], [-102.3511357770834, 22.143225247080455], [-102.35098375350151, 22.144278423153093], [-102.35096319608405, 22.144420837529747], [-102.35095633772443, 22.14442024313132], [-102.34958516494919, 22.144301397436656], [-102.3465207913731, 22.14406724672052], [-102.34483965709728, 22.1439387661685]]]}, "properties": {"id": "barranca-de-santiago", "nombre": "ANP Barranca de Santiago", "municipios": "Pabellón de Arteaga", "hectareas": 3203.24, "cat_manejo": "APRN", "cat_decreto": "Área de Protección de los Recursos Naturales Zona Protectora Forestal", "id_anp_oficial": "5.6.02.149", "prim_dec": "1949-08-03", "ult_dof": "2002-11-07"}}, {"type": "Feature", "geometry": {"type": "Polygon", "coordinates": [[[-101.92991113458386, 21.922684896700424], [-101.93035820538466, 21.924652825534036], [-101.93066906670086, 21.92528224668098], [-101.93441019420403, 21.93285672741472], [-101.93650961997596, 21.93710699858547], [-101.9368578445312, 21.937558307212836], [-101.93779106768237, 21.938767772448223], [-101.93832254665779, 21.93945656373204], [-101.9366874387408, 21.942031406564777], [-101.93502337795333, 21.9459029237266], [-101.93500024353989, 21.945956745319734], [-101.93569105749182, 21.948029406375657], [-101.93534007885575, 21.948884596312283], [-101.93507650829085, 21.949325339548214], [-101.93417252252483, 21.95010493450258], [-101.93276030684353, 21.951259856008523], [-101.9325683021586, 21.95139284049776], [-101.93224289679006, 21.951618218281553], [-101.92678789104832, 21.953675288977646], [-101.91842350374664, 21.953292056225475], [-101.91814199356305, 21.95404542124026], [-101.9186272139283, 21.95911321580611], [-101.91811989512182, 21.961745752202603], [-101.91735913907362, 21.962788580039405], [-101.91627302921295, 21.96272610033739], [-101.91549321608106, 21.96333780401671], [-101.91515187463835, 21.963441349266947], [-101.91432847325947, 21.96407552252991], [-101.91327571248368, 21.9652948115572], [-101.91358187667355, 21.96564169731273], [-101.91440284162219, 21.966931748617945], [-101.91538089771923, 21.966254776149892], [-101.91600623385136, 21.966075627478116], [-101.91766989254887, 21.96561726192801], [-101.91815906282612, 21.96548114103107], [-101.91835814325731, 21.96540643516049], [-101.91844830792309, 21.965360587101564], [-101.91854251080045, 21.96531130044898], [-101.91870073038535, 21.965206385725672], [-101.91885378672933, 21.96507749875514], [-101.91895160749564, 21.964974842837687], [-101.91900088932385, 21.964919885598757], [-101.91918193142543, 21.964700523338546], [-101.91959060518015, 21.96420510593315], [-101.92012102630443, 21.96356221395505], [-101.92060254133357, 21.96297862668236], [-101.92107898914611, 21.962401186993922], [-101.92156604885989, 21.961810767886444], [-101.92202551356843, 21.961253873964953], [-101.92250598594451, 21.96067144670546], [-101.92299257732087, 21.960081670360527], [-101.92314159045588, 21.959900974835715], [-101.92327898845838, 21.959744245192585], [-101.92336300452662, 21.959653844991944], [-101.92347025849934, 21.959547218156484], [-101.92362143843803, 21.959408248160983], [-101.92376415854567, 21.959289065933053], [-101.92392669684972, 21.95916350604352], [-101.92406263642151, 21.95906852014489], [-101.92412058033388, 21.959034344938047], [-101.92422293782214, 21.958973974509863], [-101.92429524151139, 21.958937008857582], [-101.92456274815825, 21.95880706195925], [-101.92475978415546, 21.95871197768016], [-101.92494215843266, 21.95862910923598], [-101.92508043178597, 21.958571802915902], [-101.92554868252039, 21.958421231526103], [-101.92595017550954, 21.95831560897203], [-101.92603104560904, 21.958294333490628], [-101.92617711924241, 21.95825590496629], [-101.92694629847313, 21.958051186653375], [-101.92715003924874, 21.95798139425175], [-101.92730236952555, 21.957924605438784], [-101.92802003518514, 21.95765705844943], [-101.92819557594379, 21.95758835946409], [-101.92828839846725, 21.95753908111091], [-101.92836652100144, 21.957499416463218], [-101.92842573962163, 21.957458758057324], [-101.92853739026842, 21.957379576767597], [-101.92867415661541, 21.95725534141608], [-101.92885126609943, 21.957062828940717], [-101.92901531917808, 21.956883838043463], [-101.92948549656332, 21.957186004904386], [-101.93245730595626, 21.959095827121157], [-101.93513589642761, 21.960978793916976], [-101.93816860269041, 21.9639629766503], [-101.9183530687065, 21.97896606238219], [-101.91833529475998, 21.978979516029614], [-101.91262313306187, 21.973260825375316], [-101.90783046829529, 21.968488355836513], [-101.9077962344351, 21.968454265410045], [-101.89775172382099, 21.958450703222123], [-101.89777715782452, 21.958394647764738], [-101.89778021338203, 21.95838791240285], [-101.89165015026565, 21.952231317724287], [-101.8903745947865, 21.950950154125835], [-101.88696472868688, 21.937281472578675], [-101.88579987414381, 21.93261162586541], [-101.8858016167142, 21.932609251046397], [-101.88215386397121, 21.917945203583567], [-101.88072242059638, 21.91219015453673], [-101.88021504646466, 21.910150198616737], [-101.8813596817053, 21.909762875652213], [-101.88136008417389, 21.90976153766792], [-101.88962807137987, 21.906963763747207], [-101.88962832661976, 21.906964613316486], [-101.89252936287359, 21.915784674473624], [-101.89212597642295, 21.916901966534006], [-101.8915850983801, 21.917265801884888], [-101.89147819880122, 21.918485801730153], [-101.89147934318213, 21.919493180866727], [-101.89754318016128, 21.921393670191968], [-101.89847740359923, 21.92262281992397], [-101.89645747134568, 21.92510455588431], [-101.89913632477207, 21.92410955521073], [-101.90045557098719, 21.925241633353394], [-101.90099559568023, 21.924203108732268], [-101.9019932579526, 21.923788336956402], [-101.90169342005883, 21.922836850834344], [-101.90312678464855, 21.92242634501123], [-101.90387666287383, 21.922211579244355], [-101.90394691783831, 21.922336704580715], [-101.9041794647866, 21.92168410547872], [-101.90421233425289, 21.921591863898207], [-101.90480012083734, 21.920525406000824], [-101.9050455123167, 21.91941759936743], [-101.90516343515796, 21.91888523718025], [-101.90653469219892, 21.91829233987166], [-101.90691365267587, 21.91837590034767], [-101.9086042994885, 21.919115036234718], [-101.90931464566621, 21.919425585886234], [-101.91068955695457, 21.919013115515508], [-101.914972565528, 21.91815656232549], [-101.91504184629373, 21.917888764479887], [-101.91529956634453, 21.91689256201467], [-101.91559218525322, 21.915766914239974], [-101.91567035389951, 21.91546621266645], [-101.91636325113437, 21.914056287687156], [-101.91679664861577, 21.91317438264413], [-101.91752161818236, 21.913449201994002], [-101.91787431853709, 21.913668596315333], [-101.91958956300422, 21.91500956182991], [-101.92279356063447, 21.917553561897623], [-101.92431877446121, 21.917349309530543], [-101.92448069729555, 21.91732762433085], [-101.92595955816498, 21.917129562709025], [-101.92714255720794, 21.91726156320969], [-101.92835255610589, 21.917998562919767], [-101.92900055550244, 21.918676562609186], [-101.92991113458386, 21.922684896700424]]]}, "properties": {"id": "serrania-de-juan-grande", "nombre": "Serranía de Juan Grande", "municipios": "El Llano", "hectareas": 2590.9, "cat_manejo": "", "cat_decreto": "", "id_anp_oficial": "", "prim_dec": "", "ult_dof": ""}}, {"type": "Feature", "geometry": {"type": "Polygon", "coordinates": [[[-102.23894806954503, 21.808958699453704], [-102.2409542919078, 21.809767595501395], [-102.2415050882512, 21.809990837370226], [-102.24844920398817, 21.8128048170903], [-102.24861204414353, 21.810547757415257], [-102.24895547866014, 21.810509159881928], [-102.24921364529267, 21.810657898743028], [-102.24960641827569, 21.81084498965298], [-102.25001800295514, 21.811059474796338], [-102.25066912032824, 21.811386276547356], [-102.25090556406987, 21.81166021940559], [-102.25105706997344, 21.811826045501697], [-102.25127486106575, 21.812064380848184], [-102.25146331578618, 21.81232028169787], [-102.25161518328115, 21.812467246561354], [-102.25196517149512, 21.81287027270748], [-102.25236927126436, 21.812500206872315], [-102.25304257183444, 21.81188348470803], [-102.25321190006764, 21.811981811407748], [-102.25410482672922, 21.81250003068196], [-102.25410530476911, 21.812500309453704], [-102.25437636746773, 21.81265765088601], [-102.25442176063609, 21.812811868887945], [-102.25444903101702, 21.812902594816727], [-102.25444782554725, 21.812965765268004], [-102.25447509596275, 21.813056491195724], [-102.25453637353468, 21.81339151780923], [-102.25458193922458, 21.813536711446524], [-102.25457003631276, 21.81365386719613], [-102.25462268320844, 21.813934586894497], [-102.25469345331207, 21.81427879865119], [-102.25470087888856, 21.814396276012268], [-102.25472487892647, 21.814435492377193], [-102.25503671220173, 21.81452756762545], [-102.25479547329802, 21.814803421105825], [-102.25454060077935, 21.815094862052195], [-102.25449671146433, 21.8151709153861], [-102.25434914428513, 21.815426626250503], [-102.25433514398479, 21.815450886796455], [-102.25442971829486, 21.815489027200726], [-102.25437372154377, 21.815678022475346], [-102.25436671162302, 21.81570168078806], [-102.25435101487446, 21.815917594227646], [-102.2543491876572, 21.815942720855066], [-102.25434629153739, 21.815982570228936], [-102.25434329107468, 21.816023834235615], [-102.25434193937376, 21.816042433074273], [-102.2542607959049, 21.81639564535048], [-102.25418945116164, 21.81670620005053], [-102.25399460976718, 21.817265438009137], [-102.2536493507467, 21.817664533053208], [-102.25312156144565, 21.81809104939971], [-102.25249570957985, 21.818500409194762], [-102.25079990132859, 21.81904141425209], [-102.24951842326794, 21.82020389644856], [-102.24876127864876, 21.820988887111938], [-102.24801901744866, 21.82167113802885], [-102.24723442658876, 21.8220312472088], [-102.24718853011778, 21.822061778426292], [-102.24715121623201, 21.822069304502676], [-102.24713569528457, 21.82207633761022], [-102.24693879004059, 21.822080026502697], [-102.24690362280595, 21.822081976161385], [-102.24686651474192, 21.822092435824935], [-102.2468009756343, 21.82212208208658], [-102.24671770875486, 21.822177879290642], [-102.24666190351584, 21.822206798794895], [-102.24658027235925, 21.82223159144363], [-102.24652005093252, 21.82224369088293], [-102.24645683758057, 21.822252494184305], [-102.24642803765273, 21.82225317519492], [-102.24640245823466, 21.822249556163456], [-102.2463640396282, 21.82223767416658], [-102.24629255588277, 21.82220611519893], [-102.24624078386898, 21.822182583658808], [-102.2462055109162, 21.82215981141828], [-102.24618514186857, 21.822122549351405], [-102.24611432639075, 21.822073718066864], [-102.2460170329222, 21.82201856979351], [-102.24599412706908, 21.82200746037023], [-102.24596844226619, 21.821997837356793], [-102.2459220091276, 21.82198383727904], [-102.24589177848488, 21.8219749742677], [-102.24584744878725, 21.82196593631591], [-102.24582063899695, 21.821962051116785], [-102.24576888305579, 21.821999880026965], [-102.24567934004783, 21.822066050605194], [-102.24538610086532, 21.822209410317964], [-102.2452367219894, 21.82223927070509], [-102.24521741679514, 21.82224802869953], [-102.24519459092262, 21.822255406314948], [-102.24517487111434, 21.822260170084128], [-102.24513838386646, 21.82226521529264], [-102.2451053825298, 21.82226538086042], [-102.24498672248875, 21.82229062665243], [-102.24497646384869, 21.822309860077414], [-102.24496172389503, 21.822324515904928], [-102.2449486056494, 21.822331328041546], [-102.24494372641438, 21.82233334084322], [-102.24485219111196, 21.82236015986656], [-102.24481721605274, 21.82236625574444], [-102.24469345258619, 21.822379121984397], [-102.24461812489506, 21.822385023078112], [-102.24455937404889, 21.822386311053133], [-102.24453942896638, 21.82238597785949], [-102.24447096137543, 21.82239486502423], [-102.24444482113773, 21.822397711497835], [-102.24443063165332, 21.82239705739047], [-102.24440879514694, 21.822395887360212], [-102.24437969974443, 21.82239190776989], [-102.24434678762566, 21.822387416662803], [-102.24431460212544, 21.82238425836123], [-102.2442812804654, 21.82238302732538], [-102.2442625068684, 21.822384170652732], [-102.24423008813443, 21.82238970248768], [-102.24418895058893, 21.822393992748395], [-102.24417553821614, 21.822392591516795], [-102.24414686873995, 21.82238702029377], [-102.24413526055021, 21.8223811708337], [-102.2441249123689, 21.822374347633247], [-102.24410867437554, 21.822364305338024], [-102.24408605138673, 21.82235034780393], [-102.2440493526359, 21.822331215425248], [-102.24403120009056, 21.822322451876076], [-102.24398491954925, 21.822303725387485], [-102.24379249234936, 21.822300053248657], [-102.24353852357004, 21.822294477705807], [-102.24330756195923, 21.822354482150292], [-102.24295564872163, 21.822446177334324], [-102.24265213701011, 21.822582696312786], [-102.2424222609771, 21.822686380063175], [-102.24239605102366, 21.82271605008947], [-102.24237366174454, 21.822735235774264], [-102.24235537353749, 21.822747061587602], [-102.24233414616461, 21.822756827913842], [-102.24231563183992, 21.8227618922243], [-102.24229454051515, 21.82276400941537], [-102.24227145017718, 21.822767119566823], [-102.24224139348459, 21.822771777843663], [-102.24223023488888, 21.822772483155184], [-102.24215174061209, 21.82280813595624], [-102.24192636557605, 21.822852473971047], [-102.2419034450988, 21.822864923678246], [-102.24187655209884, 21.8228808013582], [-102.24185506705057, 21.822892960916786], [-102.24183057747139, 21.822906065922684], [-102.24181784466718, 21.82291238052263], [-102.24180368962114, 21.822919708556093], [-102.24178848401658, 21.822926414201902], [-102.241767103622, 21.8229343769762], [-102.24174739050686, 21.822941555186933], [-102.2417335103948, 21.822948662133015], [-102.24166040985949, 21.822972356359738], [-102.24152137754977, 21.82301742005359], [-102.24151187483638, 21.8230202021677], [-102.24143593255747, 21.823036302076318], [-102.24139512378974, 21.823043501142237], [-102.24131768140055, 21.823058171282252], [-102.24129115201254, 21.823063657485243], [-102.24125216854902, 21.823073626779223], [-102.24120256620908, 21.823085395391644], [-102.24117670470133, 21.823088571870347], [-102.24097951698788, 21.823176476428163], [-102.24073030686894, 21.823282290482386], [-102.24047960018508, 21.8233887407753], [-102.24044826937882, 21.823418171304805], [-102.24042197874326, 21.82344854192753], [-102.24040576589488, 21.823464604353223], [-102.24038384268673, 21.823483464428993], [-102.24035104887926, 21.823505752566664], [-102.24030935706855, 21.8235213245795], [-102.24027463385083, 21.823528836407974], [-102.24024887003138, 21.823534021096975], [-102.24018654231186, 21.823540617853325], [-102.24016387607793, 21.823543082128616], [-102.24005870830172, 21.823544379822238], [-102.23996947522147, 21.823535194598804], [-102.23991852635376, 21.82353162845494], [-102.23986989612366, 21.823526536696136], [-102.23984113341014, 21.823525018142412], [-102.23980315765863, 21.823525139093093], [-102.23962899392727, 21.823560499369037], [-102.23925807346228, 21.823636857751655], [-102.23919522110093, 21.823653002357116], [-102.23914358532176, 21.823667740504085], [-102.23909874228528, 21.823677639158916], [-102.23906295522251, 21.823687331921167], [-102.23902590188848, 21.823694646496495], [-102.23899246302467, 21.82370192859043], [-102.23896122432248, 21.8237088205258], [-102.23884838880024, 21.82372935676018], [-102.23882259683725, 21.82373323452238], [-102.23878185427311, 21.82373958998279], [-102.2387540959592, 21.823745879358523], [-102.23869475097231, 21.823756437824354], [-102.23863043791229, 21.82376864449236], [-102.23856388713656, 21.823781081774147], [-102.23851459531858, 21.823792619125115], [-102.23849483869537, 21.823796361373507], [-102.23845646435241, 21.823800421086425], [-102.23843125436582, 21.823805155273096], [-102.23843034617363, 21.82380532602536], [-102.23840777041167, 21.8237292276555], [-102.23835561302613, 21.823691433429254], [-102.23798679140447, 21.82342428355975], [-102.23806416822238, 21.8230449960593], [-102.23892363588699, 21.818835324084148], [-102.23833323153269, 21.81865446742003], [-102.23685543197293, 21.818237944185608], [-102.23644087026126, 21.8159041712646], [-102.23881622023535, 21.816166642456377], [-102.23979379681614, 21.81625666223201], [-102.23909177888092, 21.810870162034238], [-102.23894806954503, 21.808958699453704]]]}, "properties": {"id": "cobos-parga", "nombre": "ANP Cobos-Parga", "municipios": "Aguascalientes", "hectareas": 183.16, "cat_manejo": "", "cat_decreto": "", "id_anp_oficial": "", "prim_dec": "", "ult_dof": ""}}, {"type": "Feature", "geometry": {"type": "Polygon", "coordinates": [[[-102.44570518603085, 22.256682030101558], [-102.46422909461945, 22.21434670940964], [-102.47275413649771, 22.205827750254954], [-102.49437538225646, 22.18421480594204], [-102.50258487231407, 22.176005792402673], [-102.54066643521767, 22.13790719638324], [-102.54755386815802, 22.131013304055617], [-102.54755411650386, 22.122307848864892], [-102.54755444350096, 22.104974370351197], [-102.54755449483677, 22.10014375719], [-102.5475545397835, 22.08379317611471], [-102.54735695119932, 22.08379320365583], [-102.54095554309124, 22.083793961599945], [-102.5003303116437, 22.083792921161066], [-102.49456462362778, 22.0865827902421], [-102.49030411254073, 22.088644132544083], [-102.48812854124412, 22.089696659456703], [-102.47537791481744, 22.095864389847904], [-102.4695667990757, 22.09867480901211], [-102.39359509438738, 22.135386209050253], [-102.39024633989563, 22.13700309791833], [-102.38422053918411, 22.139912273772428], [-102.38303881527528, 22.13979343793949], [-102.38144462444906, 22.139633110046404], [-102.38088652584958, 22.131020631514467], [-102.38088638157748, 22.1272028953245], [-102.38088628448362, 22.12478422823026], [-102.3808838668765, 22.082896992933843], [-102.38088076015329, 22.04769325078723], [-102.38118944836849, 22.046981327181708], [-102.3812554949129, 22.046829003758525], [-102.41329689443441, 21.97288412222141], [-102.4169885049378, 21.964358535142697], [-102.44863505130537, 21.964370501001962], [-102.50733315925073, 21.964376521880528], [-102.5631694079629, 21.96436274614541], [-102.5646551672884, 21.96436211949692], [-102.5733053085431, 21.9643582055734], [-102.57345847036181, 21.964358132596622], [-102.5836561740359, 21.964352923159208], [-102.58365666248372, 21.956030218669316], [-102.5836573110406, 21.943322051950254], [-102.58365736041878, 21.942248243716957], [-102.58365736307947, 21.942188422522463], [-102.58365738103161, 21.941796850837786], [-102.58365739263405, 21.941533110645018], [-102.5836574430818, 21.940413173172463], [-102.58365747774224, 21.939615032785685], [-102.58365749506918, 21.939213031818202], [-102.58365784798563, 21.930419778658358], [-102.58365794848756, 21.92761111551934], [-102.58365827281347, 21.91713136396627], [-102.5836686349217, 21.91713136548241], [-102.58608958926486, 21.9171316693431], [-102.59948088321758, 21.917132703832078], [-102.64297317328764, 21.917128533153328], [-102.66346857248362, 21.917122575309513], [-102.6653304916719, 21.917121907207374], [-102.66698940410778, 21.917121294473866], [-102.66664970994363, 21.919238331896064], [-102.66571512997507, 21.925062381862947], [-102.6648316348606, 21.930567500751813], [-102.66166976953983, 21.95026463336404], [-102.66079497948496, 21.955712935527174], [-102.66069705434562, 21.95632279244217], [-102.65838287409667, 21.970732932030977], [-102.65162648398736, 21.982942007432293], [-102.64116253916025, 22.001845599782182], [-102.65158180511506, 22.015738796405888], [-102.6719982165072, 22.042953267088176], [-102.67764645480169, 22.05322551471408], [-102.68116055169045, 22.05961570692197], [-102.697253567019, 22.030819222849626], [-102.714217558833, 22.000448360195726], [-102.71754502278101, 21.992774280407957], [-102.75032386064726, 21.91712298007387], [-102.76731454651876, 21.90413323651821], [-102.79754847564065, 21.881007992137228], [-102.80993996075428, 21.88159589941846], [-102.8190537366076, 21.88202770078888], [-102.82255883208846, 21.882193634446978], [-102.85574726959412, 21.883761091427882], [-102.85560204803836, 21.884509171811608], [-102.85577883788898, 21.884862367893323], [-102.85592742687433, 21.885159217157565], [-102.85616976294888, 21.885650222476777], [-102.85644676983048, 21.886211472630865], [-102.85640274032077, 21.886691937923256], [-102.85637954784995, 21.88694502038884], [-102.85664931882809, 21.887794454718087], [-102.85637588473764, 21.888581891418642], [-102.85612509351513, 21.88905075802261], [-102.85572556748852, 21.889221429957423], [-102.85502823399244, 21.889665972000454], [-102.85482987273149, 21.8901553007364], [-102.8544322143838, 21.890412409634163], [-102.85436335517763, 21.890433148034553], [-102.85369427483073, 21.890634659720266], [-102.85399306845503, 21.890893472476126], [-102.8548420680107, 21.891628859904774], [-102.85460530081977, 21.89241265600175], [-102.85431739517287, 21.893075442682772], [-102.85419743696825, 21.893351596015908], [-102.85339407925741, 21.893946790637294], [-102.8526136889559, 21.89469080627527], [-102.85233431215265, 21.894957159477748], [-102.85185666294582, 21.89554545378233], [-102.85140313556685, 21.896945148159617], [-102.85118807690189, 21.897903934151657], [-102.85107113444275, 21.898425289952346], [-102.85130227384359, 21.900138862466928], [-102.84995977826796, 21.901596489283254], [-102.84963273767694, 21.903957729149194], [-102.84964529023765, 21.905565812851833], [-102.84918761039903, 21.90672300665756], [-102.84810984400592, 21.907632605022815], [-102.84738204569526, 21.90777995603855], [-102.84688625108403, 21.907880332589674], [-102.84632495658624, 21.908541693163908], [-102.84612858883726, 21.90871982443805], [-102.84588559729991, 21.908940250099025], [-102.84500643183834, 21.909737761289318], [-102.8444508290107, 21.91036141261947], [-102.84335033960124, 21.91237094539932], [-102.84327152890705, 21.912834887201964], [-102.84609464536274, 21.913739202705344], [-102.84622056380205, 21.91539813715547], [-102.84482920891294, 21.915843829852697], [-102.84429962558859, 21.916467035834632], [-102.84415269444919, 21.9175179035537], [-102.84448027375242, 21.9187525948109], [-102.84410815659112, 21.919413126642862], [-102.8437067168414, 21.919874747092436], [-102.84373200904541, 21.920304539775827], [-102.84373945385309, 21.920431044013373], [-102.84338801549826, 21.92123273457738], [-102.84319933650421, 21.92142288204693], [-102.84318229211337, 21.92144466004608], [-102.843021144334, 21.921650556495912], [-102.8429448679537, 21.921937073767584], [-102.84295992785333, 21.92230146140387], [-102.84302299774166, 21.922708829698255], [-102.84300210396843, 21.923656705987003], [-102.84309052559627, 21.92432700573064], [-102.84315775289235, 21.925099934158933], [-102.84334696429272, 21.925597323261087], [-102.84364333536, 21.925993363831456], [-102.84353192528481, 21.926408558332472], [-102.84260433565285, 21.92711896385578], [-102.83974663689708, 21.93284993152729], [-102.83933643073419, 21.933672532508012], [-102.83975201140436, 21.93484313551051], [-102.83825044073838, 21.939298640460372], [-102.83808191578896, 21.939400609789793], [-102.8372897458484, 21.940617708805195], [-102.83548201168686, 21.940747734417194], [-102.83372501575016, 21.94030339359564], [-102.83324825285317, 21.94142105456757], [-102.83275361535306, 21.942580596050345], [-102.82881486292737, 21.94780185788627], [-102.82548957065981, 21.952209508345405], [-102.82322328597434, 21.955542382545126], [-102.82161376523017, 21.95879706259281], [-102.8216124907493, 21.958799639966074], [-102.82161245379758, 21.958799714423748], [-102.82161246932807, 21.958799775130014], [-102.82192888694101, 21.96007811898896], [-102.82073138439249, 21.96424278811468], [-102.82073082420015, 21.964244734740852], [-102.81932374484745, 21.96719939385605], [-102.80567581613259, 21.995850741927207], [-102.80546157420584, 21.996300397865696], [-102.8046341766928, 21.997337024964825], [-102.80271811389035, 21.999737534726307], [-102.80284479830763, 22.000859885194334], [-102.80272128081151, 22.00139517499045], [-102.80169261930592, 22.00175581614016], [-102.80122955254349, 22.001887674689936], [-102.80121819718849, 22.002623903763595], [-102.80134327475672, 22.003055138407127], [-102.80109303308427, 22.003446171990586], [-102.80109018837054, 22.003450617999643], [-102.80104968725118, 22.00394099847864], [-102.80064702861465, 22.00442651241925], [-102.80042224047278, 22.004521751254362], [-102.80005035554625, 22.004679310804484], [-102.79963666710997, 22.00481182681426], [-102.7994976348745, 22.005285536691716], [-102.7993341505194, 22.005528848470593], [-102.79920849373062, 22.005715860120418], [-102.79883850276165, 22.006217154342053], [-102.7982549735891, 22.006684892273213], [-102.79752055311812, 22.007318344411775], [-102.79713218527341, 22.007942116331236], [-102.79669785817615, 22.008248196755027], [-102.79613161546875, 22.008686781973893], [-102.7956782250633, 22.008941100186426], [-102.79559969697814, 22.0089851500201], [-102.79534539682274, 22.009457309755977], [-102.79515361991473, 22.010090488314304], [-102.79513092395887, 22.010413574927604], [-102.79509927629942, 22.010864074033762], [-102.79479384086721, 22.01144069719227], [-102.79436458263416, 22.011806643105306], [-102.79408412092874, 22.012138399893693], [-102.79308325398533, 22.012950595134225], [-102.79202508580015, 22.01419460413395], [-102.79152637700984, 22.015091224196752], [-102.7914693677332, 22.015193716594492], [-102.79149862138618, 22.01598835732069], [-102.79011865995945, 22.016054071379894], [-102.78962417370035, 22.01610489361592], [-102.78877865586554, 22.016304423676655], [-102.78743259517164, 22.016622064096776], [-102.78634669696469, 22.016586983574754], [-102.78533630965647, 22.01655433521519], [-102.78404325401269, 22.016854576237392], [-102.78331024576565, 22.017691928685256], [-102.7830576563823, 22.019312438761336], [-102.78287265875527, 22.020036759651983], [-102.78278367473229, 22.020385154416363], [-102.78247003769297, 22.021131218492158], [-102.78228167294782, 22.02157928475421], [-102.78205901347918, 22.022248496396212], [-102.78199991366031, 22.022426124617237], [-102.78198510796985, 22.023376657191466], [-102.78181075123777, 22.024224948833012], [-102.78217320551683, 22.025207373971543], [-102.78227459935768, 22.02548219798586], [-102.78259980626001, 22.02711836001651], [-102.78228607728713, 22.02813206484957], [-102.78176305199145, 22.028486540392148], [-102.78156684910093, 22.02861951223472], [-102.78084351051191, 22.028898793514976], [-102.78072830843469, 22.028943272604337], [-102.77967682387165, 22.02918681784596], [-102.778840394421, 22.029473016209046], [-102.77790145673497, 22.030104787607502], [-102.77758397655992, 22.030631165059646], [-102.7775158857662, 22.03074405741778], [-102.77723282200382, 22.030817789548415], [-102.77703670338262, 22.03086887418982], [-102.7763226208173, 22.031024909721886], [-102.77627789120857, 22.031089467179196], [-102.77601926441888, 22.031462735042258], [-102.77586474450607, 22.03238697659021], [-102.77544106704484, 22.0329336549731], [-102.77521935345641, 22.03320685721901], [-102.77550660219416, 22.033800020443568], [-102.77557759242386, 22.034316595286008], [-102.77494168909438, 22.034528927771646], [-102.77469530706661, 22.03511483918956], [-102.77467231248711, 22.03516477817545], [-102.77426556826467, 22.036048135379453], [-102.77372782347318, 22.036283652126734], [-102.77320123363612, 22.036543039443927], [-102.772891095866, 22.03669580642755], [-102.77246808320312, 22.037188442118392], [-102.77196987222406, 22.03769667470957], [-102.77059805499876, 22.03756672239288], [-102.76898125999037, 22.03782289377811], [-102.76837272872689, 22.038537923857874], [-102.76794246432897, 22.039311024939053], [-102.76769311266565, 22.039975309611336], [-102.76847976276164, 22.04024776841876], [-102.7697204420886, 22.04045281858954], [-102.77038351368468, 22.040852318594364], [-102.77040506582348, 22.04104989124648], [-102.77046484441445, 22.04159789149198], [-102.76991249087955, 22.042004739382616], [-102.76946960756369, 22.041942327570663], [-102.76902472233468, 22.041879632664386], [-102.76853929127854, 22.0422642882592], [-102.76842339486683, 22.042356124448336], [-102.76809561853898, 22.042417831075724], [-102.76785020799616, 22.04246403057144], [-102.76770347193936, 22.042553540384404], [-102.76727086798002, 22.042817429453308], [-102.76668132665232, 22.04301657128005], [-102.76616762171115, 22.043390766209267], [-102.76533562809979, 22.04351503442196], [-102.7646667029126, 22.04361890919671], [-102.76363726018711, 22.0440016296234], [-102.76304061650868, 22.044167110374918], [-102.76253252789122, 22.044819115501284], [-102.76215542116628, 22.045472903443223], [-102.76175687943217, 22.045718106861425], [-102.76157334480048, 22.045831025680926], [-102.76098973118816, 22.046286740127563], [-102.76074358538683, 22.046942321984375], [-102.7608900028154, 22.047627671943914], [-102.76046681097873, 22.048403127266646], [-102.7597430348914, 22.049088929582368], [-102.75961976691941, 22.049417223061557], [-102.75945952007335, 22.049844001590635], [-102.75948100556386, 22.050634874414058], [-102.75943461181394, 22.051424811376815], [-102.75891547163097, 22.052050165972872], [-102.75805387707173, 22.052860566227388], [-102.75736944139824, 22.05326551688601], [-102.75734864675803, 22.053289850801942], [-102.75671327531711, 22.054033326960727], [-102.75623871751499, 22.054965007998025], [-102.75574450342306, 22.055753649392177], [-102.7554730934952, 22.05630060144839], [-102.75526085589533, 22.057200937671496], [-102.75519733562174, 22.058444377106905], [-102.7552459548449, 22.059526000894873], [-102.75560526951074, 22.060346745172705], [-102.75557210622122, 22.06106012111521], [-102.75516152861225, 22.06159219641499], [-102.75444047384059, 22.06217674486484], [-102.75423749819588, 22.06228641031321], [-102.75379749077149, 22.062524138878697], [-102.7531802671453, 22.063257811148556], [-102.75318341043663, 22.06329629372371], [-102.75326038732392, 22.064238538887043], [-102.75366309300185, 22.064902991454414], [-102.75457882470032, 22.065449916336778], [-102.75537544812524, 22.066091659251157], [-102.75605010033931, 22.067240773354072], [-102.75637944434078, 22.068320626738107], [-102.75648029331279, 22.069246794345528], [-102.75653053933375, 22.070451862061546], [-102.7565621139551, 22.071377080861755], [-102.75597431419696, 22.07217756336266], [-102.75580571507538, 22.073662073485522], [-102.75503320136782, 22.074327295100108], [-102.7535409580827, 22.07451574189593], [-102.75321600005338, 22.074702100615962], [-102.75233253949654, 22.075208747385798], [-102.75130550396577, 22.075904244446196], [-102.75038570169029, 22.076702583662847], [-102.7498820228242, 22.07740393619037], [-102.74981342457518, 22.077460039102668], [-102.74898364171615, 22.078138668635425], [-102.74792075937503, 22.07859587742316], [-102.74721172114293, 22.07937252606038], [-102.7459830393556, 22.07980571292324], [-102.74510358203715, 22.080562881132], [-102.7434795408388, 22.081386697470833], [-102.74189738983173, 22.082172607906017], [-102.74024485066397, 22.082450748743412], [-102.73898114448141, 22.083328459452193], [-102.73808180760265, 22.083722773009434], [-102.73764402492328, 22.08376323376191], [-102.73723938876438, 22.08380063078879], [-102.736465859814, 22.084080849556162], [-102.73586479596246, 22.084094909218905], [-102.73559142964099, 22.08454012759321], [-102.73517831575222, 22.084825341339894], [-102.73472213709907, 22.085237659439418], [-102.73471498374926, 22.085244124639143], [-102.73470047693793, 22.085248589030062], [-102.73367107727418, 22.085565384827305], [-102.73289966345904, 22.08571134358284], [-102.73255541307982, 22.08619891166293], [-102.73187796326057, 22.086480449153935], [-102.73139624418538, 22.086915846154987], [-102.73139024567953, 22.086921267176635], [-102.73137783112941, 22.08692513636925], [-102.73049653795098, 22.08719978885164], [-102.72981408645136, 22.08759779941413], [-102.72945813193454, 22.087893731634995], [-102.72920513396032, 22.088104066194656], [-102.72866684777387, 22.088505067066567], [-102.72772212724136, 22.088769610033452], [-102.72767701196327, 22.0887822431377], [-102.72692963519455, 22.08879595191419], [-102.72612648234163, 22.089234309861727], [-102.72566059944286, 22.08980968681072], [-102.7249099690933, 22.090157306548054], [-102.72375442355546, 22.09027549123768], [-102.7221019391779, 22.09053075157946], [-102.7208586370589, 22.09060412727099], [-102.71981050070912, 22.090657536445534], [-102.71849357670641, 22.090839039714872], [-102.71673165194557, 22.09180781149202], [-102.71661228188584, 22.091864345138397], [-102.71346301834019, 22.093355773531965], [-102.71169879247053, 22.094542012962393], [-102.71120153879875, 22.094697330877484], [-102.7109715648245, 22.094602077078093], [-102.71076980245094, 22.094078768237292], [-102.71048911069735, 22.09388614042794], [-102.71041587260977, 22.093953607271214], [-102.71019895208279, 22.09415343185587], [-102.71017635231752, 22.094380702005886], [-102.71023175656885, 22.094729517562516], [-102.71016200491746, 22.09504011330961], [-102.70997354291715, 22.095492189313024], [-102.70987810383274, 22.09598873887388], [-102.70972320478593, 22.096441656017145], [-102.70964149831886, 22.09661837316295], [-102.70942084231761, 22.096845486289066], [-102.70756300157294, 22.097673199779244], [-102.70621400790205, 22.09847606618849], [-102.70606293746891, 22.098577710425566], [-102.70559956971435, 22.098889474613333], [-102.70528188903349, 22.09898060888833], [-102.70480435840192, 22.099089992771013], [-102.70378128797489, 22.099047760311038], [-102.70301971607655, 22.09901763864915], [-102.70248555641717, 22.09940577009803], [-102.70200476038615, 22.099683935049313], [-102.70147584477682, 22.100015344631817], [-102.70034276027813, 22.10064904841266], [-102.69961863556397, 22.10093584244997], [-102.69918969571988, 22.101103016675175], [-102.6986504753539, 22.101173080730238], [-102.69776647211927, 22.101515725100615], [-102.69722343610904, 22.101944566747868], [-102.69674667116175, 22.102535534515592], [-102.6958116683816, 22.103087969747897], [-102.69537651847756, 22.103292968951603], [-102.69498529742685, 22.103558686938374], [-102.69448171581648, 22.103715226919512], [-102.69412176280342, 22.103944282261445], [-102.6937339159728, 22.104438275848043], [-102.69348534404797, 22.10472295470329], [-102.69341933278416, 22.10479855359399], [-102.69279859033796, 22.10514535881061], [-102.69210105843601, 22.105388415514476], [-102.69147327531927, 22.105803639839102], [-102.6910828626865, 22.106164226348536], [-102.69093174442585, 22.106435587237947], [-102.69092976212302, 22.106439146491283], [-102.69086522425106, 22.106555035954074], [-102.69093887179277, 22.10717549377745], [-102.69094076685744, 22.10718199267443], [-102.69141241369299, 22.108799393666963], [-102.691584590004, 22.11073500743291], [-102.69169930644827, 22.112196446987742], [-102.69180678581085, 22.113287788301637], [-102.69187361595588, 22.11406774424847], [-102.6918562468349, 22.114779640674044], [-102.69166165337259, 22.115841405459737], [-102.6915225880287, 22.116456584068395], [-102.6912867487024, 22.117499841695846], [-102.69127257257679, 22.11756254726543], [-102.6912252691061, 22.117728513831292], [-102.69115880234783, 22.118145033605174], [-102.69096227099655, 22.11909660717518], [-102.6909004616046, 22.119244095161395], [-102.69014195635248, 22.123394987945836], [-102.68945280656057, 22.123848953319648], [-102.68835947600994, 22.124041989498608], [-102.68750509095557, 22.124215584963775], [-102.68715957307896, 22.124565233208425], [-102.68709156187408, 22.124634056276808], [-102.68638959881036, 22.125572112592234], [-102.68503156213198, 22.127537056754694], [-102.6837458693506, 22.129399202300956], [-102.68341414414787, 22.129913582970488], [-102.68345977378556, 22.13016639646667], [-102.68352460957529, 22.13052561430816], [-102.68493533931805, 22.13202963746939], [-102.68526125669992, 22.132399885743006], [-102.68549210156169, 22.132662127452065], [-102.68559906423732, 22.132788684514317], [-102.6856340208817, 22.1328443609163], [-102.68586615658705, 22.133214086758446], [-102.68606144015536, 22.135086704870787], [-102.68631980665499, 22.13697311383013], [-102.68627701451248, 22.137512402310595], [-102.68612113842225, 22.137908839742295], [-102.68582282543464, 22.138277646872076], [-102.68576057923426, 22.13837045059813], [-102.68572069797922, 22.138429908417432], [-102.68517029976127, 22.138803470145184], [-102.68435434943764, 22.139072942075572], [-102.68404042398925, 22.13921341809044], [-102.68357914129872, 22.139419831316253], [-102.68291147541863, 22.139711831572388], [-102.68231578024988, 22.140294704255435], [-102.68173367702525, 22.141074089626795], [-102.68147983810286, 22.1417754366943], [-102.68133061804747, 22.142562871270837], [-102.68110727944197, 22.143184295784742], [-102.68102277664828, 22.143718862473985], [-102.6812412576767, 22.144499484708405], [-102.6815989474879, 22.144741999945175], [-102.68203715949352, 22.14520099543071], [-102.68215429139384, 22.14533613547723], [-102.68255994181551, 22.145804149288466], [-102.68244094080488, 22.145925251731054], [-102.6818721539722, 22.145508293996222], [-102.68108096996521, 22.14521992161583], [-102.68042645266424, 22.145134292649228], [-102.67928941886699, 22.145048590173467], [-102.67835185818136, 22.145329148739584], [-102.67829995005276, 22.145344681872892], [-102.67812162406292, 22.14547005212748], [-102.67751217001928, 22.145898518559438], [-102.67701346004738, 22.146182876310707], [-102.67618488182771, 22.146655316384695], [-102.67609526582697, 22.146706413126953], [-102.67512930202125, 22.147128220888955], [-102.67434471295303, 22.14778143709139], [-102.67416121785017, 22.149092677953913], [-102.67416629030312, 22.15019122873033], [-102.67405432187056, 22.151250097382544], [-102.67373490141067, 22.15191986360324], [-102.67271047250887, 22.15320090770735], [-102.67175471085456, 22.154241871324402], [-102.67104224096784, 22.155693217928185], [-102.67099651177178, 22.155786369758456], [-102.67091745629496, 22.155947411322185], [-102.67090615352016, 22.156019221939545], [-102.6707050280616, 22.15729699407351], [-102.67036972824715, 22.15814679029252], [-102.67003935747543, 22.158697547308954], [-102.66966308261505, 22.159247650726694], [-102.66941568734231, 22.159589578559334], [-102.67028121781598, 22.161037091839354], [-102.67082954006814, 22.16195408942221], [-102.6722148209881, 22.164013174359624], [-102.67350120483701, 22.166139662599726], [-102.67456687476835, 22.167340695297366], [-102.6754917449559, 22.168495787249945], [-102.67499898193704, 22.169762410632163], [-102.67526618413578, 22.17073244935944], [-102.67520983722257, 22.17201255964536], [-102.67519083621018, 22.172444219838564], [-102.67585230485423, 22.17414223033627], [-102.67586425912258, 22.174547372524394], [-102.67589450713442, 22.175572517998734], [-102.67535767545716, 22.176657830603663], [-102.6749669222169, 22.177447802032194], [-102.67473252031978, 22.17796638903437], [-102.67342477186864, 22.177298028928114], [-102.67228965642775, 22.177137435485573], [-102.67128495851253, 22.177161531677545], [-102.67044082997212, 22.177306118614577], [-102.6696805427456, 22.177471480854177], [-102.66874758562362, 22.17793831005587], [-102.6682529260226, 22.178253301324084], [-102.6679812921296, 22.17842627299783], [-102.6675810889955, 22.179676523535445], [-102.66746537308559, 22.179811633719037], [-102.66713039254478, 22.180202754788457], [-102.66671835555847, 22.180940977166394], [-102.66650991195137, 22.181904311325773], [-102.66626571518803, 22.18303286024909], [-102.66720235757452, 22.18523844625737], [-102.6678299456552, 22.18633139181426], [-102.66814602015342, 22.18672395971052], [-102.66868499243243, 22.187393364524034], [-102.66925915549383, 22.188908990138493], [-102.66915149136202, 22.19066647738554], [-102.66936162171746, 22.192338515044], [-102.66940646313314, 22.19336564888861], [-102.66931008103221, 22.1940235820229], [-102.66858760532384, 22.194501374099953], [-102.66796286604941, 22.194336739507797], [-102.66759325660212, 22.1942393367888], [-102.66654658486094, 22.193947090240375], [-102.66648058215446, 22.19395489948581], [-102.66512697521844, 22.194115054082054], [-102.66434489009512, 22.193810886360822], [-102.6634559214221, 22.193170374882577], [-102.66306707783335, 22.19209372964644], [-102.66229204208337, 22.191480949208255], [-102.66190531339568, 22.191297486451905], [-102.66107762978, 22.19090482966445], [-102.65999000642212, 22.19103961256464], [-102.65841896495412, 22.191081482034132], [-102.65739865255128, 22.191088955051963], [-102.65642718094138, 22.191182411919517], [-102.65533671859987, 22.191252453613767], [-102.65443914855533, 22.191764843269564], [-102.6538491849588, 22.19252267858156], [-102.65277516526393, 22.19298616860657], [-102.651595978723, 22.193140224149214], [-102.65213601669325, 22.19383225721396], [-102.65283096027859, 22.194168054430925], [-102.65367521830271, 22.19428528333241], [-102.6538061886736, 22.194303468260035], [-102.65495880230972, 22.194596952169817], [-102.65527667519288, 22.194976603919343], [-102.65520093767172, 22.195125484946118], [-102.65507180478399, 22.19537932976732], [-102.65435881200386, 22.195528113669134], [-102.65421663321656, 22.19555778238986], [-102.65330145989786, 22.19590259048639], [-102.6523120101737, 22.196506680829476], [-102.65166305553365, 22.19766894807579], [-102.651596118344, 22.198135346572823], [-102.6514245302037, 22.199330895050004], [-102.6509663160414, 22.199568120800507], [-102.65050715959485, 22.199805831737294], [-102.65059273790098, 22.200417975905943], [-102.65059899680735, 22.20046274749826], [-102.65023744761288, 22.201226216950076], [-102.64971667138157, 22.201628666571796], [-102.64910535318877, 22.202063749493327], [-102.64889979354993, 22.20215918101618], [-102.64815352705664, 22.202505632178365], [-102.64751792304007, 22.20294191946062], [-102.64727361502916, 22.203293345612632], [-102.64712324226952, 22.203509649221335], [-102.64676369427985, 22.203648978729486], [-102.6463434285465, 22.2038118350929], [-102.64582155475026, 22.204306043012576], [-102.64585696310075, 22.2052622779459], [-102.64581926189189, 22.20537076316478], [-102.64547657587495, 22.2063568236936], [-102.6452841237134, 22.208243370391536], [-102.64528092275668, 22.208274751692883], [-102.6449610986162, 22.210415245449028], [-102.64536062953204, 22.211972206575325], [-102.64580234806785, 22.213211823115262], [-102.64557315545673, 22.21393495996888], [-102.64531462671596, 22.214648212087866], [-102.64499349047523, 22.215417911044803], [-102.64483148242802, 22.21605349105032], [-102.64473280716952, 22.217077850631956], [-102.6444392668627, 22.218124217123368], [-102.64408773948995, 22.219636672553868], [-102.64371072344717, 22.221172114724954], [-102.64293534555955, 22.222361078715327], [-102.64166125607025, 22.223509953602267], [-102.6404682781274, 22.22430978780574], [-102.6397863950483, 22.22507783491745], [-102.63964971410437, 22.225231784767676], [-102.6392989411616, 22.22603919042205], [-102.64168495011714, 22.2263556594071], [-102.6415269065912, 22.227465716420593], [-102.64138711863313, 22.228447535199432], [-102.67001704865257, 22.245702430089402], [-102.66966951247133, 22.258297924355542], [-102.66937585746118, 22.268938819204802], [-102.66893396746961, 22.284947994056868], [-102.66874284287934, 22.29187104613177], [-102.66289950583331, 22.29183463790398], [-102.64838815208981, 22.291743261184376], [-102.61205218216652, 22.291508463374], [-102.61107356855827, 22.291502020530437], [-102.61009495758003, 22.291495571814167], [-102.60911634436707, 22.29148911805642], [-102.60422328203488, 22.29145675162242], [-102.60324466912263, 22.291450260594665], [-102.59933022063294, 22.29142423109574], [-102.59835160929431, 22.29141770782536], [-102.59443716314371, 22.29139155471446], [-102.55333557121449, 22.291110935896214], [-102.55235696498085, 22.29110412131714], [-102.55134425702316, 22.291095995178097], [-102.55033155081156, 22.291087862735786], [-102.54975977472469, 22.29108326458486], [-102.54931884440664, 22.291079723960937], [-102.52805203916907, 22.29090731728859], [-102.52703933640991, 22.29089903660827], [-102.52600671600452, 22.291002771177002], [-102.51361516201032, 22.29224705480682], [-102.51258252197061, 22.292350700968026], [-102.51247422141608, 22.292377303631106], [-102.5115905662878, 22.292594356282947], [-102.5066307266348, 22.293812542968013], [-102.50618362484664, 22.294683985842568], [-102.5017122774934, 22.303398345612788], [-102.50126510862235, 22.304269775573346], [-102.50051374826022, 22.304237355709358], [-102.50020559198248, 22.30411237174741], [-102.49989015812166, 22.304396076761744], [-102.49979603036458, 22.304415140665938], [-102.49944884798124, 22.30448545527308], [-102.49900453828566, 22.30474312262564], [-102.49828050766604, 22.304731953277432], [-102.49789434161154, 22.304629808408187], [-102.49772954155533, 22.304619595724443], [-102.49737760073039, 22.304597785888532], [-102.4968074287716, 22.30466112168386], [-102.49626397776281, 22.30467677745717], [-102.49577008778783, 22.304813436041652], [-102.49515162853075, 22.304683643256162], [-102.49453446935766, 22.304481732428336], [-102.49413408968718, 22.304487549409735], [-102.49373243101854, 22.30449338354415], [-102.49258441164764, 22.304441479380273], [-102.49140272845142, 22.30430524904267], [-102.49014282080377, 22.303813949719707], [-102.48928457454925, 22.303521433512728], [-102.4891760440388, 22.303484442507525], [-102.48909240522991, 22.303483146381918], [-102.48853118820304, 22.30540832026066], [-102.47851669956145, 22.3073704021917], [-102.47072815712039, 22.29615954353356], [-102.45724735596104, 22.276750537651246], [-102.44478008205621, 22.25879547608775], [-102.44551624705258, 22.257113677472702], [-102.44570518603085, 22.256682030101558]]]}, "properties": {"id": "sierra-fria", "nombre": "ANP Sierra Fría", "municipios": "Calvillo, Jesús María, Pabellón de Arteaga, Rincón de RomoSan José de Graci", "hectareas": 106595.61, "cat_manejo": "APRN", "cat_decreto": "Área de Protección de los Recursos Naturales Zona Protectora Forestal", "id_anp_oficial": "5.6.02.149", "prim_dec": "1949-08-03", "ult_dof": "2002-11-07"}}, {"type": "Feature", "geometry": {"type": "Polygon", "coordinates": [[[-102.73732405001347, 21.716255173298386], [-102.741626379738, 21.72100010042304], [-102.74410954147432, 21.719180810978884], [-102.74462958573574, 21.719680709392385], [-102.74529993438446, 21.72005230645926], [-102.74858802797853, 21.72218711884654], [-102.74901788220966, 21.722464310124078], [-102.75482692151634, 21.726292495640724], [-102.7582303913414, 21.728513565654872], [-102.76006582440051, 21.7299816397091], [-102.76107444070273, 21.73066720652807], [-102.7655017247522, 21.733676329042318], [-102.76624022945656, 21.733527705767276], [-102.76703125850743, 21.73364410662108], [-102.76818335754025, 21.734214731456017], [-102.76913350797764, 21.734710117362212], [-102.76966951905602, 21.73518248603852], [-102.77057586890061, 21.736094503410175], [-102.7721809115031, 21.737823761952566], [-102.7718308676826, 21.73974050790625], [-102.7717516686107, 21.740174174305963], [-102.7709095258054, 21.741097323653594], [-102.7683838950282, 21.743865794368116], [-102.76800479381389, 21.744281333376957], [-102.76518614006703, 21.743226233422305], [-102.76461507705852, 21.743012460674993], [-102.76393506225241, 21.74398716216244], [-102.76230272753477, 21.746326804616572], [-102.76402835913716, 21.746311476690067], [-102.76547481936157, 21.74893823698263], [-102.76779711386416, 21.746362367621543], [-102.76850388447211, 21.750133879446086], [-102.7706539318438, 21.753287144982956], [-102.76133104109363, 21.751963779418528], [-102.75469916657131, 21.748104573823163], [-102.75227536335328, 21.74669400634884], [-102.74894580500111, 21.754918017482883], [-102.7457576607062, 21.762791665245263], [-102.74858156488146, 21.76631542372163], [-102.74669338610494, 21.768176007774834], [-102.74562450387374, 21.766414550758565], [-102.74435746604586, 21.76586860655461], [-102.74112497174535, 21.765555000633608], [-102.73871035627567, 21.7682765906439], [-102.73979674720876, 21.783428987727646], [-102.73688885190478, 21.784812196735142], [-102.73285488291434, 21.784326851196877], [-102.73077004347186, 21.785359723002593], [-102.72643680219313, 21.78268651379616], [-102.7222012131805, 21.781767418961696], [-102.71734285996403, 21.780713043102068], [-102.71645628900302, 21.78130249855846], [-102.71713067919616, 21.782918118528208], [-102.71593080963645, 21.784735603451193], [-102.71651181563998, 21.78728925571952], [-102.71383013588012, 21.792263141140975], [-102.7135581550438, 21.79281164515739], [-102.71314782533885, 21.79553041853368], [-102.70862421045021, 21.797801885174074], [-102.70616772332124, 21.79748094973401], [-102.70548843292796, 21.799376349285716], [-102.70429347440277, 21.801934637189532], [-102.70473056055872, 21.802310079348825], [-102.70433835256988, 21.803115210759657], [-102.70358061948174, 21.804108078077036], [-102.70344194664192, 21.80448601803626], [-102.70317943500687, 21.805201462952496], [-102.7024052091106, 21.80585405146009], [-102.7020333740783, 21.80564493952266], [-102.70138592064086, 21.80528082228334], [-102.70085818122342, 21.804685766084596], [-102.69985998476463, 21.804714864312807], [-102.69983785112774, 21.804725946610905], [-102.69916367598906, 21.80506351938901], [-102.69843438331795, 21.804594655535738], [-102.6983552780743, 21.804416575086556], [-102.69819732108621, 21.804060981081015], [-102.69715400842793, 21.804032097054122], [-102.69650442322919, 21.8043383887076], [-102.69714716501599, 21.804503223117656], [-102.69739106660164, 21.80456577266717], [-102.69826259079626, 21.80573900465481], [-102.69926629150733, 21.806326369494208], [-102.6990932139216, 21.807049396570104], [-102.69892087810817, 21.80776932026277], [-102.69735064454356, 21.809053626330915], [-102.69948183275014, 21.809647767202545], [-102.70029027713869, 21.810877945005224], [-102.69965248121633, 21.812416667398907], [-102.69318957531381, 21.818313712341624], [-102.69314914409466, 21.818842370238873], [-102.69295166554784, 21.82142441711954], [-102.6928205110802, 21.823139192779355], [-102.69167192776472, 21.822965449672505], [-102.6896986105976, 21.824929951392317], [-102.68814496748833, 21.82654261763631], [-102.68734775263232, 21.826793185097202], [-102.68328705699831, 21.82673620417988], [-102.68208757248873, 21.829157284026792], [-102.68004429898703, 21.828703085319713], [-102.67948583161797, 21.828578939338055], [-102.67626462548255, 21.830429752121404], [-102.67653717474775, 21.831517113116064], [-102.67321526485901, 21.831297786909776], [-102.67132053791136, 21.831172658884398], [-102.67129860517717, 21.832526746968377], [-102.67303457340803, 21.832822130092683], [-102.67010325869605, 21.834676898624036], [-102.66978246462368, 21.836568520565383], [-102.67221263904851, 21.842859749824], [-102.67210925892707, 21.84360686514788], [-102.672333034198, 21.844605161693682], [-102.67285384681122, 21.846928546318317], [-102.67223303876219, 21.849460889463238], [-102.66694394184789, 21.846462257350176], [-102.66419497505275, 21.844903630394963], [-102.66285309518845, 21.84547400599048], [-102.66282794831423, 21.845463517708357], [-102.66224601390556, 21.84522081097777], [-102.66132642048441, 21.846630815092375], [-102.66045317521514, 21.846394548067767], [-102.66305022633675, 21.840120450145182], [-102.66174237442027, 21.839245848556143], [-102.6624345225607, 21.837120003827117], [-102.66014723827618, 21.837101896141597], [-102.65985734890704, 21.835852031388153], [-102.6599138949262, 21.8352078041547], [-102.66181905172837, 21.835120157207832], [-102.66380936509968, 21.830932860765362], [-102.66246706739743, 21.830397817510644], [-102.65780994740003, 21.833141896013], [-102.65824154322931, 21.835141061754086], [-102.65454056548886, 21.836048168564467], [-102.65827369346867, 21.843727690937026], [-102.65649773626738, 21.84833635145267], [-102.65443821511978, 21.849090643167504], [-102.65308655719366, 21.84626832596587], [-102.6508432778049, 21.84671416674796], [-102.6486147178496, 21.843959550381403], [-102.64660608434455, 21.84473358389768], [-102.64878755876101, 21.84653255871116], [-102.64652123290442, 21.8480387170328], [-102.64716581852991, 21.84886225063159], [-102.64843771128567, 21.850487208197457], [-102.6501937173892, 21.85061259228712], [-102.65288508627441, 21.85685258571019], [-102.65491017629954, 21.85928777987735], [-102.65464978856929, 21.860133859771945], [-102.65416667169981, 21.861703623666884], [-102.65359879943112, 21.862782523986777], [-102.65294390484765, 21.862647184019867], [-102.65118990531438, 21.86379756298576], [-102.6481832610842, 21.866295114858108], [-102.64661139359804, 21.865824955999027], [-102.64458879193532, 21.867430101677254], [-102.6448908506842, 21.868079616060246], [-102.64569097829262, 21.86933332028189], [-102.65221391263114, 21.866416321656327], [-102.65102589333176, 21.869127423545315], [-102.65240880326914, 21.869075472155174], [-102.65376729136243, 21.86730330920626], [-102.65310857541338, 21.866663019092034], [-102.65734197618843, 21.8631971397575], [-102.65793251420095, 21.863831198047894], [-102.65889350411861, 21.864862994381795], [-102.65819373788881, 21.86652038717292], [-102.6557079841814, 21.8683549419949], [-102.65517016325958, 21.868751856891947], [-102.65581006243112, 21.873106606572655], [-102.65448888990738, 21.87428394274094], [-102.65335251723238, 21.874282086114494], [-102.65181687281411, 21.874593789647594], [-102.64817423376013, 21.876134451802866], [-102.646952872421, 21.87934939891376], [-102.64495134598656, 21.879313703774773], [-102.64500186763183, 21.879465530220592], [-102.64589222818242, 21.882141154865977], [-102.64735684177394, 21.881586214860942], [-102.6477909847451, 21.881421715167082], [-102.64966167439046, 21.880712879570133], [-102.64968350187654, 21.880704608965434], [-102.64971018271791, 21.880715586512252], [-102.65362940661907, 21.88232806529501], [-102.65882349262289, 21.882232728267013], [-102.65888245470948, 21.882231645387332], [-102.65890700138095, 21.88227807145946], [-102.65925340773387, 21.88293324726566], [-102.6586170629328, 21.8861636590166], [-102.65778479251594, 21.887074901429433], [-102.65764115528721, 21.88770864690517], [-102.65945203489159, 21.886539916489156], [-102.66029345085556, 21.88728169750234], [-102.66296381141386, 21.889635776803683], [-102.66306329063842, 21.88956184955153], [-102.66417300517314, 21.88873716435954], [-102.66573617314431, 21.89098906795506], [-102.66873863695125, 21.891051536072666], [-102.66837387517857, 21.893058601762775], [-102.67067026728701, 21.894430716619443], [-102.67381676325378, 21.893615188375602], [-102.67838057378917, 21.892532918081635], [-102.68338900192585, 21.891298973454084], [-102.68289839112757, 21.889978109990448], [-102.68181532780208, 21.889083829425157], [-102.6813323086489, 21.888560999009968], [-102.68103911590487, 21.8876968243993], [-102.68225197898481, 21.886343345548696], [-102.69246665060913, 21.88412411240403], [-102.69680644436102, 21.8831810344154], [-102.69624367188149, 21.886293201449362], [-102.69415143025965, 21.88746558505345], [-102.69046488987985, 21.890688128638303], [-102.69330923825147, 21.892721253283113], [-102.69522772158668, 21.891587110297884], [-102.69492305840367, 21.891215220336605], [-102.69572813615895, 21.89049784134912], [-102.69998674720173, 21.888773552988294], [-102.70046557905717, 21.895671743356754], [-102.69996382007007, 21.895652899096973], [-102.69849133793822, 21.89600499830793], [-102.69666171570374, 21.8954095846408], [-102.69374810720296, 21.89440283950606], [-102.69051248877055, 21.894299637241105], [-102.68980191746516, 21.893039201830295], [-102.68730794487436, 21.89408876506768], [-102.68772444879477, 21.89619537934081], [-102.68509340558323, 21.899166875415272], [-102.6839428361596, 21.90063263282636], [-102.68288851141499, 21.90171672982019], [-102.6824168049334, 21.90239095240736], [-102.68119972614693, 21.902457416742713], [-102.68081913696594, 21.903037357659425], [-102.68043138857328, 21.904059163316436], [-102.67974384943864, 21.90462282739665], [-102.67861190480221, 21.905753578180228], [-102.67722771104164, 21.906651412956343], [-102.67718816420633, 21.907100942255155], [-102.67574670550633, 21.90758226811064], [-102.67455071819789, 21.90871208049746], [-102.6723599582541, 21.911189533569146], [-102.67086608788844, 21.91174173986262], [-102.66993220639515, 21.91249298669519], [-102.66868455133984, 21.913645907631775], [-102.66757808684808, 21.913988564761045], [-102.66641225092883, 21.91483205836625], [-102.6648622992771, 21.91576624610711], [-102.66448932859312, 21.915991039067634], [-102.66386880883435, 21.91593620440239], [-102.66365839859444, 21.916592573298576], [-102.66346857248362, 21.91712257530951], [-102.64297317328763, 21.917128533153335], [-102.59948088321757, 21.917132703832067], [-102.58608958926487, 21.917131669343103], [-102.5836686349217, 21.9171313654824], [-102.58401756881831, 21.916878698893157], [-102.58918971863314, 21.913133294898138], [-102.59161661703799, 21.912968406102152], [-102.59236476336213, 21.91204895259142], [-102.59212931439899, 21.911107756547406], [-102.5917674819699, 21.909661331941795], [-102.59098852591296, 21.90654737521922], [-102.59094113616383, 21.906357928944736], [-102.59280643865849, 21.90356206936329], [-102.59628030126258, 21.898354792864385], [-102.59552343346773, 21.88865557472613], [-102.59853963316749, 21.884726680967635], [-102.59983428376854, 21.8854046296061], [-102.60160119892682, 21.883868271532872], [-102.60339015140545, 21.883020085517565], [-102.60398282714551, 21.8818629219569], [-102.60481120604527, 21.88007851207122], [-102.60661542757373, 21.878442288547692], [-102.60773485983246, 21.874530833894934], [-102.61544827725693, 21.873712361062303], [-102.61595252507367, 21.87143679466366], [-102.61883048317942, 21.870822420609798], [-102.62227592467178, 21.865025362160427], [-102.62346062853342, 21.864596356618154], [-102.62388584202651, 21.8644423748581], [-102.62462142310385, 21.865150556235328], [-102.62511189433455, 21.865205406748032], [-102.62512889785579, 21.86499439421881], [-102.62518918836048, 21.864246164734947], [-102.62824703544865, 21.862570177309202], [-102.62797441564334, 21.86048308625652], [-102.62963438412002, 21.859145274768952], [-102.63087549813429, 21.858374770863886], [-102.62985917706727, 21.857930142887895], [-102.62800006579279, 21.858930637302525], [-102.62554732596064, 21.860233118184805], [-102.62328273946106, 21.860988816083246], [-102.62261233522979, 21.861479605796358], [-102.62190852203385, 21.86169908983949], [-102.62188376492428, 21.86170681075429], [-102.62123714794919, 21.86211228527236], [-102.62113897648396, 21.86217384531941], [-102.62090509462628, 21.862700544539674], [-102.62084742819441, 21.8628304072375], [-102.62071704540442, 21.86263006465895], [-102.62052559089788, 21.862419004527123], [-102.62037522093982, 21.862253236905136], [-102.62030967516195, 21.862180979536802], [-102.62003404186038, 21.8615176504052], [-102.61948930996981, 21.861031991563852], [-102.6189060849219, 21.860259739184837], [-102.61846768920584, 21.860769413184755], [-102.61828337015338, 21.861698434620607], [-102.6178964914949, 21.86187917854847], [-102.61619402115983, 21.860836864589082], [-102.61608501159022, 21.860003938187024], [-102.61596767497095, 21.859672566850914], [-102.61550880388414, 21.859565590994055], [-102.61515405917142, 21.859660791363577], [-102.61105457269558, 21.85964439889788], [-102.61079121731603, 21.859783915418742], [-102.61019570619486, 21.860506290740677], [-102.60955238526118, 21.8604109561887], [-102.6087941316707, 21.85984094262538], [-102.60851781104476, 21.85983693180843], [-102.6081842147799, 21.86050576666462], [-102.60735047088014, 21.860780331343847], [-102.60756258951166, 21.86187276141144], [-102.60663099394318, 21.862489904914465], [-102.60643530613261, 21.863175072049188], [-102.60661068377794, 21.863707961099088], [-102.60679735117341, 21.86448468466647], [-102.60664962819736, 21.865055879674763], [-102.60611954354322, 21.865535516765437], [-102.60603538356649, 21.866208437804072], [-102.5999119009858, 21.864512414534563], [-102.59685080689421, 21.866526557101448], [-102.59413160608011, 21.865679615310572], [-102.59405882348095, 21.86568282378154], [-102.5939241940371, 21.865707943970673], [-102.59368420881613, 21.865815042423158], [-102.59353329632269, 21.86590989851466], [-102.59327710427347, 21.866046103517274], [-102.5930643868949, 21.86629354761661], [-102.59301312355352, 21.86633737424199], [-102.59209838852931, 21.867639979643553], [-102.58982915705623, 21.868352125603888], [-102.5874208029531, 21.867182856532402], [-102.58496907203777, 21.865992473139976], [-102.58315951195532, 21.86766427537605], [-102.58155200973212, 21.86737790097258], [-102.57975089259037, 21.864914777850164], [-102.57592918551671, 21.86390302529181], [-102.57158867726172, 21.866684843588644], [-102.57010161280455, 21.866089581538702], [-102.57220318712665, 21.85849901017545], [-102.5723688290249, 21.857900695634214], [-102.57191672205913, 21.857959283803908], [-102.56807571904908, 21.85845698146277], [-102.56607348035014, 21.857146299918902], [-102.56507117512137, 21.853601431961764], [-102.56514346867576, 21.85160433434342], [-102.56509637461998, 21.85157491521577], [-102.56238843190333, 21.849883246242236], [-102.56005536029413, 21.84814014113367], [-102.55653061541878, 21.850187350927683], [-102.5572063983779, 21.843630803720693], [-102.55791500749184, 21.836754790916263], [-102.55719697531109, 21.83560231504414], [-102.55622855232596, 21.83404791969842], [-102.55456991241623, 21.832131349731682], [-102.55126277608213, 21.828761760550584], [-102.55057070149682, 21.829587584260867], [-102.54989588500351, 21.830150886545702], [-102.54634188755514, 21.831811588948717], [-102.54341736598879, 21.829046274438806], [-102.54630967653705, 21.82770228027276], [-102.54510016251078, 21.82376664807155], [-102.53614795325291, 21.828788680335286], [-102.53340342448836, 21.828298555738865], [-102.53374109356444, 21.82591476671595], [-102.53096554478148, 21.82604960577344], [-102.52920117677765, 21.82835839563284], [-102.5290758507534, 21.83243194776736], [-102.51955152761143, 21.833564507898828], [-102.51783941459044, 21.831913601014325], [-102.51727447492826, 21.83392461566696], [-102.5083575469131, 21.836815935953876], [-102.5055850753463, 21.838546671550347], [-102.50099487530268, 21.842904367989746], [-102.49331826049675, 21.839108263785704], [-102.49153709231419, 21.83267923997798], [-102.48447818865064, 21.829609633408605], [-102.48119477580401, 21.826358851373556], [-102.48120356011472, 21.826349156299955], [-102.48118353948504, 21.82634772652734], [-102.4811807622361, 21.826344977401188], [-102.4781397870485, 21.82613036189256], [-102.47233627203356, 21.824587492095066], [-102.47162574866127, 21.824593580413815], [-102.47075069596885, 21.824601074775867], [-102.46586655627006, 21.82463688812555], [-102.4635873026135, 21.82309723956013], [-102.46348681469532, 21.823029357977052], [-102.46417024500913, 21.822455701758308], [-102.46476762356286, 21.821954268996553], [-102.46507169000745, 21.821503016837532], [-102.46542226667606, 21.821405857993796], [-102.46598304850667, 21.820936071770106], [-102.46594162059513, 21.82077945299643], [-102.46643532717367, 21.820493920281017], [-102.46643513022202, 21.82049329971852], [-102.46643537835415, 21.820493155464565], [-102.4657608159028, 21.818368046826706], [-102.46449741091074, 21.818626967158124], [-102.46438842173434, 21.81850499789996], [-102.46306810498656, 21.817027423429728], [-102.46249060257122, 21.81602082652566], [-102.46222963698371, 21.815748450875297], [-102.46190221553067, 21.814995240305944], [-102.46188610987825, 21.814967166409346], [-102.46181480883757, 21.81484288464992], [-102.46183563281991, 21.814842069206993], [-102.46171960300558, 21.814575148142477], [-102.46430585461162, 21.814530451415134], [-102.4648436440224, 21.814521151929466], [-102.46484350646942, 21.814520837436], [-102.46484373374571, 21.814520833705153], [-102.46422077034389, 21.813094859013823], [-102.46348830715802, 21.811417586472277], [-102.46246601687454, 21.809076573565985], [-102.46243046023528, 21.80899514937683], [-102.46201593665789, 21.808045882227017], [-102.46176445059457, 21.80746996890691], [-102.46169919974298, 21.807320539889464], [-102.46164528424406, 21.807197070960544], [-102.4616444501932, 21.80719732808036], [-102.4616423685995, 21.80719256252042], [-102.46249141662105, 21.80684158054964], [-102.46395652941584, 21.80623591239698], [-102.46732432208347, 21.803199350014996], [-102.46755740175084, 21.802989185924567], [-102.46768067390036, 21.802878033870957], [-102.46813230113612, 21.80299136216296], [-102.4709269667009, 21.803692605697858], [-102.47184167872257, 21.80392211544501], [-102.47467526943106, 21.802048474606302], [-102.47585275906178, 21.799765708787042], [-102.47478416315911, 21.798267231017114], [-102.4744389272099, 21.797783104520864], [-102.47495731164746, 21.797154255827053], [-102.475976430556, 21.795917947089343], [-102.47635372809907, 21.79546023456049], [-102.48052142760125, 21.794590843390615], [-102.48107758712247, 21.79447481788657], [-102.48159001023863, 21.794412420399865], [-102.48242741568596, 21.794719854062997], [-102.48297756029724, 21.79495024989574], [-102.48403553020906, 21.794177027889443], [-102.4861156166731, 21.79223796046305], [-102.48755814812019, 21.79202103492091], [-102.48824312880599, 21.793076547989614], [-102.48951774775985, 21.795156259234563], [-102.49075107270626, 21.797772812395227], [-102.49212764756531, 21.797674287149697], [-102.49149122123752, 21.79566400791164], [-102.49050580631489, 21.793499125758853], [-102.48978496883582, 21.790830642517946], [-102.48907738711769, 21.789237314377804], [-102.48926464163709, 21.78834964110438], [-102.49025937610247, 21.788281878489553], [-102.49217975082709, 21.786993870019934], [-102.4928030847089, 21.78614670824094], [-102.49074737015357, 21.78361813394684], [-102.4898445337958, 21.781490317576882], [-102.48971701066603, 21.781189764724335], [-102.49045836437378, 21.780962447793073], [-102.4916840578557, 21.780586610702514], [-102.49157138243056, 21.782308449099016], [-102.49355186715982, 21.782012402291116], [-102.49368715964964, 21.78011536246655], [-102.49373904157434, 21.780101877225764], [-102.49454249378037, 21.779893038838935], [-102.49865848352303, 21.778823110378234], [-102.50232630075284, 21.781361538360915], [-102.51079390762179, 21.779130598642315], [-102.5107122513454, 21.775713356558107], [-102.51236327359844, 21.77563072202102], [-102.51300098124388, 21.779190026233113], [-102.51398685377784, 21.782210635164372], [-102.5120273941714, 21.787172708893028], [-102.51099473214938, 21.793278495472535], [-102.50830948543572, 21.800643317966877], [-102.50750064610882, 21.80303783502898], [-102.51041107317896, 21.806694831973502], [-102.51235843785919, 21.807186976286552], [-102.5124666326599, 21.804701530581944], [-102.51602902393822, 21.801703228051302], [-102.51658532723366, 21.800965090088887], [-102.5188280429028, 21.798848867629594], [-102.52419110069775, 21.794230768565434], [-102.52392875028634, 21.791464250651046], [-102.5246286121044, 21.78958021884826], [-102.52532039083289, 21.789614869633407], [-102.52501746907217, 21.788636879398755], [-102.5238250736587, 21.78753512316932], [-102.52018572875026, 21.786172529884638], [-102.52217787333147, 21.77947123191938], [-102.52589807870659, 21.772170068079465], [-102.52470576985073, 21.765278128461713], [-102.5259253584052, 21.76378492679358], [-102.5294324490662, 21.763019839981045], [-102.53310064939977, 21.761267116867348], [-102.53458790701731, 21.756977153768073], [-102.54074794552058, 21.753061194032043], [-102.54236335470445, 21.74969509874073], [-102.54290469661062, 21.74856703661586], [-102.5444135455349, 21.736765746455024], [-102.54448599059874, 21.73684363660415], [-102.54477736613941, 21.736957847502218], [-102.54895019572389, 21.738593396005953], [-102.55074859856525, 21.74037618656639], [-102.55184822039708, 21.74146623294841], [-102.55241640021178, 21.7425091161049], [-102.55249371762635, 21.742651030152008], [-102.55426802735676, 21.743254418171848], [-102.55513038398603, 21.74354766992414], [-102.55520750425596, 21.743573895277635], [-102.55847785333326, 21.743656047830843], [-102.55866657053777, 21.74366078650456], [-102.56281940337752, 21.744256816894573], [-102.56410014388318, 21.744326684816905], [-102.56497127830077, 21.744374202205815], [-102.56619858611921, 21.744483179786762], [-102.56742099652415, 21.744591712509532], [-102.57041171947442, 21.743439162283206], [-102.57057122486012, 21.743397705241303], [-102.57200490809389, 21.74302507097101], [-102.57278941568298, 21.74282115964014], [-102.57306960431737, 21.74288317414316], [-102.5735945208637, 21.742506286541328], [-102.57482159689722, 21.742286208429682], [-102.57545503040241, 21.742282588538956], [-102.57773080953234, 21.742995984961752], [-102.57844361846004, 21.743257297756948], [-102.57870920051026, 21.74327528336041], [-102.58162197052854, 21.74347251498362], [-102.58202762046015, 21.743499978890064], [-102.58314042606698, 21.74385840232565], [-102.58574978921837, 21.743896843473525], [-102.59192218662595, 21.743986441077], [-102.59437863519335, 21.74402208611229], [-102.59627873460856, 21.744049633378765], [-102.59652022046137, 21.74749976963852], [-102.5966709164816, 21.749652758429754], [-102.5966615835014, 21.750199783453684], [-102.59664934417688, 21.75091717936274], [-102.59660374000798, 21.751430113626416], [-102.59652906379067, 21.752270026334536], [-102.5964153465777, 21.753351464291377], [-102.59677432145703, 21.75498200282508], [-102.59809745481294, 21.755366308456644], [-102.60004603912951, 21.75593225491009], [-102.60072281428725, 21.75583711949597], [-102.60081577593988, 21.755824052374425], [-102.60120831013712, 21.75576887088947], [-102.60376419998117, 21.753096738019575], [-102.6043636758086, 21.75202245805637], [-102.60486249399618, 21.751035707263156], [-102.60544256140128, 21.751045220054003], [-102.60586917496913, 21.751051106621045], [-102.60631216423795, 21.751057218237168], [-102.60861303927237, 21.752173584721113], [-102.61071503196443, 21.7535584608779], [-102.61187099520319, 21.753935973872977], [-102.61292076890102, 21.75467423520092], [-102.61349375720874, 21.755044078089163], [-102.61426663760969, 21.755145365963553], [-102.61493831987096, 21.75542495256516], [-102.61571482351428, 21.755256650281034], [-102.61668162519823, 21.75527092258779], [-102.61725975840982, 21.755278583162617], [-102.61812328519119, 21.75565177961974], [-102.61859953899713, 21.756110034648202], [-102.6193623084409, 21.75675410582684], [-102.62022030462438, 21.75739869744218], [-102.6216521647186, 21.758591898288046], [-102.62384395108455, 21.76043005782158], [-102.62475267036693, 21.760891154692146], [-102.62585805944656, 21.761452033461783], [-102.62633338643586, 21.761909361132854], [-102.62862343007875, 21.763747961847404], [-102.62948584007044, 21.76442371249052], [-102.63167599148127, 21.76613978062605], [-102.63234213017971, 21.766872229519603], [-102.63349383492685, 21.767339456514687], [-102.63456505100538, 21.766813137997396], [-102.63544786002984, 21.766104247190707], [-102.6361368468672, 21.765300852791608], [-102.63711486272501, 21.764592466891383], [-102.63983225578032, 21.763909509963874], [-102.64108664280799, 21.764107588843068], [-102.64245395832538, 21.76313432657624], [-102.64353911934408, 21.761884496911794], [-102.6459517782195, 21.76210036713551], [-102.6477757251035, 21.762939514304215], [-102.64828894105679, 21.76353300800825], [-102.64872353425724, 21.76403557529639], [-102.64958366283291, 21.764679995880673], [-102.65092330581412, 21.765422221077905], [-102.65296776375222, 21.7646384107126], [-102.65461352315174, 21.764390877296357], [-102.65558436545047, 21.76422335934588], [-102.65675413958601, 21.76360751545794], [-102.65734379533168, 21.762985072707636], [-102.6584133773941, 21.76254754363956], [-102.65957563386614, 21.76238371659987], [-102.66015274679171, 21.762571841957357], [-102.6605349990791, 21.76284884430311], [-102.66121431129434, 21.762678005455534], [-102.6612132547462, 21.762857724823863], [-102.66216866951505, 21.763504386703772], [-102.66331843313428, 21.764152927370294], [-102.66390206986834, 21.763889910096186], [-102.66591758605622, 21.764731644187243], [-102.66669407000441, 21.76456126813875], [-102.66756623767098, 21.76448395937615], [-102.66892634803503, 21.764051446035115], [-102.66960915730438, 21.763609170689776], [-102.6703891398405, 21.763169191418864], [-102.67127023653121, 21.762549050497338], [-102.67185981569828, 21.761925644046734], [-102.67215832869434, 21.76138792038216], [-102.67235863040798, 21.761029431955457], [-102.67275184410589, 21.760582964544664], [-102.67344207636593, 21.75969044806637], [-102.67364936465015, 21.75879006641438], [-102.67386008382383, 21.757799811422704], [-102.67435246228486, 21.75717500726709], [-102.6748547374389, 21.756008297184263], [-102.67524792966006, 21.755561824407042], [-102.676034247701, 21.754850404487616], [-102.67671698680185, 21.754408097963594], [-102.67720585364481, 21.754054684427327], [-102.67769225261516, 21.753790231267413], [-102.6781800810005, 21.753616532357757], [-102.67876758932265, 21.753173730085724], [-102.6793457224562, 21.753182065740564], [-102.68031599554703, 21.75292453710816], [-102.6811920156516, 21.75266560623082], [-102.68225305474054, 21.752680862473554], [-102.68273494124158, 21.752868416348907], [-102.68321242512005, 21.753144937573612], [-102.6837899961001, 21.753423735044937], [-102.68436567956145, 21.753522825381282], [-102.68523776055284, 21.753444509658237], [-102.68572706130911, 21.75318092363838], [-102.68601415901128, 21.753274943419903], [-102.68678662307946, 21.753286011450673], [-102.68765773498211, 21.753208593796863], [-102.69066857533662, 21.7524371986895], [-102.69077797946672, 21.752052385308595], [-102.6913842673295, 21.749919814822], [-102.69230656265881, 21.746590978065697], [-102.69358253462605, 21.745344478939575], [-102.69396644277505, 21.744941649887778], [-102.69401127038942, 21.7448946124552], [-102.69545031985486, 21.743384608126412], [-102.69731754114879, 21.74151366755385], [-102.69733079929723, 21.740701273607275], [-102.69736375608225, 21.73860522488617], [-102.69740674771026, 21.735862638585], [-102.69742708372364, 21.73456250332181], [-102.6953328679235, 21.73254616620413], [-102.69626329726533, 21.728768015487475], [-102.69813830379555, 21.7288639857594], [-102.69825034955377, 21.728869719827394], [-102.69867788188249, 21.72889137322047], [-102.70118961634662, 21.729016063988773], [-102.70167097451117, 21.72911370400495], [-102.70331080434882, 21.729316769828532], [-102.70524734880674, 21.729560887414323], [-102.70572149745026, 21.729620653448148], [-102.70710157834934, 21.72967494182925], [-102.70886462460311, 21.72974427595213], [-102.7092950921776, 21.729761201357753], [-102.7098784877704, 21.72949801515083], [-102.7111248627207, 21.730057700223682], [-102.71141241120556, 21.730242432079955], [-102.71267389780064, 21.729987889323564], [-102.7140247486792, 21.730097788494025], [-102.71476785621033, 21.731914134285528], [-102.71542687373552, 21.733627630163603], [-102.71560519646329, 21.734091275229492], [-102.71764977765618, 21.733126899749628], [-102.71785429861785, 21.73231724131639], [-102.71805784230463, 21.731688207503133], [-102.71827013326278, 21.73051636848477], [-102.71876269080173, 21.729982189089867], [-102.71934801354708, 21.729538338002516], [-102.71974729740778, 21.72882125248657], [-102.71975556088219, 21.7281895011987], [-102.71928391752427, 21.727550924455297], [-102.71880985208443, 21.727003121578782], [-102.71921205413321, 21.725925693422017], [-102.71979201019106, 21.725932960190967], [-102.72009413542106, 21.72521451474319], [-102.72012907296053, 21.725120841042358], [-102.72029522746114, 21.724675345249988], [-102.72059686889318, 21.7238679542639], [-102.72079844000493, 21.723418638096454], [-102.720225779547, 21.722959342800348], [-102.72013738002478, 21.72241608879614], [-102.7202476414016, 21.72160505798126], [-102.72044144387199, 21.721517923434984], [-102.72113261130656, 21.72053443780797], [-102.7221161583339, 21.71955411347857], [-102.72279856627951, 21.719111608272875], [-102.7238656543968, 21.71885607503464], [-102.72476930125822, 21.7185415432429], [-102.72561561370269, 21.718246961812778], [-102.72774975655807, 21.717734939420453], [-102.73007912257438, 21.7170449719965], [-102.73192180627808, 21.716618798178164], [-102.7336707565052, 21.716101156061658], [-102.73522249775137, 21.715670777403236], [-102.73732340100777, 21.715608964462383], [-102.73701692878878, 21.7159164421448], [-102.73732405001347, 21.716255173298386]]]}, "properties": {"id": "sierra-del-laurel", "nombre": "ANP Sierra del Laurel", "municipios": "Aguascalientes, Calvillo, Jesús María", "hectareas": 29851.23, "cat_manejo": "", "cat_decreto": "", "id_anp_oficial": "", "prim_dec": "", "ult_dof": ""}}, {"type": "Feature", "geometry": {"type": "Polygon", "coordinates": [[[-102.26813746225075, 21.888982949631895], [-102.26857362530394, 21.889221691748517], [-102.26829221698488, 21.889609217926733], [-102.266754232679, 21.88907571372962], [-102.26660288540755, 21.88931207877176], [-102.26434385517068, 21.88850205455343], [-102.2642729518739, 21.888458108454817], [-102.26420658324936, 21.888408374553272], [-102.26410243780637, 21.888322836217572], [-102.26405244163999, 21.888281772491215], [-102.26391910503148, 21.888146737291684], [-102.26312124020309, 21.88714674603471], [-102.26420793102757, 21.88639297562709], [-102.26482689577173, 21.885962397383267], [-102.26496606873852, 21.885876815248437], [-102.26529562596498, 21.88569787791272], [-102.26632310837167, 21.885386870325927], [-102.26712448489647, 21.885230969581464], [-102.26720090821945, 21.885247791689782], [-102.2673875891469, 21.885213601944255], [-102.26743470645604, 21.88517310100346], [-102.2682692265033, 21.88501122080205], [-102.26872139788168, 21.88491006693561], [-102.26911467300283, 21.884803425343097], [-102.26932786285948, 21.884735607104194], [-102.26942551728582, 21.884717919975724], [-102.26948840049715, 21.88471992202371], [-102.26957487541004, 21.884740138843767], [-102.26971915738731, 21.884847891307984], [-102.26728615806921, 21.88822894857842], [-102.26749588016422, 21.888631764134004], [-102.26813746225075, 21.888982949631895]]]}, "properties": {"id": "la-pona", "nombre": "ANP La Pona", "municipios": "Aguascalientes", "hectareas": 18.25, "cat_manejo": "", "cat_decreto": "", "id_anp_oficial": "", "prim_dec": "", "ult_dof": ""}}, {"type": "Feature", "geometry": {"type": "Polygon", "coordinates": [[[-102.47848794794118, 22.30740713773386], [-102.4444110500672, 22.258791505938404], [-102.44541111242235, 22.25650554790167], [-102.46385441872552, 22.214347552400536], [-102.54718459875839, 22.131012695154197], [-102.54718239583868, 22.083790748088408], [-102.50032672408688, 22.083798378491558], [-102.38421714629057, 22.139913177299544], [-102.38143908891026, 22.139636295829792], [-102.38088369772602, 22.129950999584246], [-102.3808835723463, 22.127201739949275], [-102.38087994637728, 22.047693417977623], [-102.38125440304455, 22.046829207438044], [-102.41698733329535, 21.96436098713551], [-102.57345914518042, 21.964353958370296], [-102.58365428615711, 21.964353500401167], [-102.58355427679375, 21.96650262419742], [-102.58316196552263, 21.97493281490577], [-102.57804756809485, 21.98655760638268], [-102.57792685447876, 21.98683198163204], [-102.57915469489335, 21.98995548236814], [-102.579136512824, 21.99102945362833], [-102.57912034211601, 21.991985440977437], [-102.57908800070034, 21.993896010914806], [-102.57981786951257, 21.99617611265617], [-102.5808119290613, 21.997982331243588], [-102.58155597318326, 21.999426568614343], [-102.58279407792696, 22.001952998286388], [-102.58250364371197, 22.003979205546678], [-102.58325177440989, 22.005184601721194], [-102.5852683718321, 22.007125278228337], [-102.58626458641075, 22.008812076217882], [-102.5862383588953, 22.01036441628744], [-102.58607802465049, 22.01227308660568], [-102.58680401440849, 22.014791997616836], [-102.58780837021253, 22.016001145140272], [-102.58856264673705, 22.01684829548374], [-102.59068704355738, 22.017877968901477], [-102.59186619625348, 22.018449466940773], [-102.59260642517387, 22.020132481654944], [-102.59348278814868, 22.02133971359584], [-102.59384936676307, 22.02134507722663], [-102.59630030652622, 22.02138096246985], [-102.59716867194436, 22.023065828913634], [-102.59739669010028, 22.024741340930053], [-102.59735651075971, 22.02712957729677], [-102.59732836766226, 22.028801337964445], [-102.59794464243951, 22.030243627826383], [-102.5995835668326, 22.0318203117554], [-102.6003239394217, 22.03350331050634], [-102.59953336261111, 22.03480560322285], [-102.59950122871663, 22.036716189123542], [-102.59995977174427, 22.038426541865995], [-102.59998344465386, 22.038514841160538], [-102.60099006723044, 22.03960452019625], [-102.6025110556017, 22.040582265368457], [-102.60442036444756, 22.041326772422863], [-102.60504276908837, 22.04241081645376], [-102.60437423083863, 22.04407323865739], [-102.60345954025313, 22.045134854411184], [-102.60150804070548, 22.046897972395147], [-102.60007087502649, 22.048549140552197], [-102.59913801833468, 22.050685413983505], [-102.59808508655408, 22.052342169255862], [-102.59716021145579, 22.054000808184195], [-102.59636342496557, 22.055661298842235], [-102.5956987657699, 22.057084847923335], [-102.59465581098105, 22.058144532131625], [-102.59373491071604, 22.05956431390067], [-102.59332235812457, 22.06123040763715], [-102.59304598747687, 22.062420750526833], [-102.59212299603448, 22.063959936930768], [-102.59337787808715, 22.06553106567085], [-102.59360383699162, 22.067325998285483], [-102.59382981185959, 22.06912091493679], [-102.59305104780715, 22.06970668406483], [-102.59163573573011, 22.07004422564308], [-102.59084483965579, 22.071346438543703], [-102.59056639379403, 22.072656186068276], [-102.59015982739749, 22.073964049936947], [-102.58987933824763, 22.075393202096315], [-102.58946466255233, 22.077178716431007], [-102.58942625512586, 22.07944750027314], [-102.58926780453658, 22.081236749993348], [-102.59129354886468, 22.08269980796093], [-102.59125718472588, 22.084849203131306], [-102.59046011089858, 22.08650964589983], [-102.5895429939085, 22.087690554546345], [-102.58887605197721, 22.089233460372647], [-102.58871554213721, 22.091142114727838], [-102.58892729380585, 22.093772911713067], [-102.59093096104705, 22.096549500480506], [-102.59142127031961, 22.097870549941003], [-102.59113667863117, 22.099538495407185], [-102.59304263520765, 22.100522035215985], [-102.59442594109562, 22.10209507953851], [-102.59567103771494, 22.10426327934257], [-102.5958909784983, 22.106416425861877], [-102.59703421402482, 22.107030401940474], [-102.59802712422412, 22.108956009199634], [-102.59749636423669, 22.110023164179214], [-102.5970937407473, 22.111092218777923], [-102.59564975878743, 22.1131015050607], [-102.59371532388619, 22.113789725919588], [-102.59228135084427, 22.11520192517507], [-102.59122778053657, 22.11685858466831], [-102.59081902718344, 22.118285853171784], [-102.59077650125435, 22.120793446283784], [-102.59266451520958, 22.122851691659516], [-102.59560011327733, 22.12361147548328], [-102.59750235043161, 22.124833808598634], [-102.59823702416297, 22.12687506914385], [-102.59741551069709, 22.129968431383798], [-102.59711875506041, 22.132352884475313], [-102.59669180367469, 22.134854842582495], [-102.59665339624812, 22.137123642387856], [-102.59764849340391, 22.13892984501203], [-102.59839735840814, 22.140135225223318], [-102.5976060632542, 22.141437454087175], [-102.59655231735131, 22.143094129543638], [-102.59576504492007, 22.144157517211244], [-102.59395430875088, 22.145086415032754], [-102.59266033285468, 22.145784006281964], [-102.59277027131994, 22.14686057954174], [-102.59209086214018, 22.149119913177394], [-102.59191604928469, 22.151864447866423], [-102.5923963815662, 22.153782552427824], [-102.59224386928251, 22.155213588243452], [-102.59349742639067, 22.156904185471166], [-102.59475099946206, 22.15859476673575], [-102.59395143537725, 22.16037459817585], [-102.59468618892485, 22.162415890647427], [-102.59569354580802, 22.16350566546235], [-102.5961719146172, 22.165543174658737], [-102.59613547066267, 22.16769255386598], [-102.59558823666679, 22.169714961888012], [-102.59530142609522, 22.171502327952055], [-102.59628656222266, 22.173905617603697], [-102.59779064557937, 22.175958212011295], [-102.59979549409616, 22.17873476885218], [-102.60104528389235, 22.180664159386634], [-102.60281805960409, 22.182004029444112], [-102.60405376986985, 22.184769268385935], [-102.60529760539758, 22.187056872824968], [-102.60603259839276, 22.18909811740705], [-102.60830230809987, 22.191400727241312], [-102.61085070311657, 22.19239355762464], [-102.61121774466315, 22.19239892125534], [-102.61290235569595, 22.192423568415297], [-102.61326939724279, 22.1924289320459], [-102.61460192423465, 22.192353027094246], [-102.61493836435282, 22.19233387127039], [-102.61645697420953, 22.19355045763874], [-102.61823208054656, 22.194770763429467], [-102.61987898653273, 22.195989185564216], [-102.62024762439829, 22.19695008957444], [-102.62218126114013, 22.198115035034537], [-102.62227927510507, 22.198174082861343], [-102.62395232879106, 22.197840117036833], [-102.62551715207242, 22.19631015735478], [-102.62700271813289, 22.19603622907472], [-102.62731840610883, 22.195978027296835], [-102.62907764503838, 22.198153506314032], [-102.62955258176282, 22.20042979285383], [-102.63004352956293, 22.201750778461747], [-102.63205936075201, 22.203929976901314], [-102.63338230983207, 22.205200838103547], [-102.63344803027059, 22.205263972506227], [-102.63576432055585, 22.204819764915953], [-102.63720089559699, 22.203287825798537], [-102.6377357740865, 22.201981701917394], [-102.6380121926238, 22.200791295174966], [-102.63879555407418, 22.1999665252189], [-102.64047357231071, 22.198777555163158], [-102.64240977912586, 22.199660431117987], [-102.64376470246827, 22.203024369368972], [-102.64476479610143, 22.204591555201986], [-102.64471708213699, 22.207457473960837], [-102.64456101006262, 22.209127398862126], [-102.64453914049709, 22.21044096158836], [-102.64508794422622, 22.21090956004094], [-102.64536062952766, 22.211972207253737], [-102.64580234806354, 22.21321182379364], [-102.64557315545244, 22.21393496064733], [-102.64531462671162, 22.2146482127663], [-102.64499349047091, 22.21541791172331], [-102.64483148242367, 22.216053491728825], [-102.64473280716521, 22.217077851310428], [-102.6444392668584, 22.218124217801922], [-102.64408773948558, 22.21963667323243], [-102.64371072344284, 22.221172115403608], [-102.6436239197912, 22.221305220071255], [-102.64358859659492, 22.221296455182344], [-102.64203758146961, 22.221990694162518], [-102.63907371259839, 22.222783920862042], [-102.63802371804442, 22.22420202649639], [-102.63683345497063, 22.22633472417386], [-102.63654298882945, 22.22836101125022], [-102.63741486614867, 22.22992639324314], [-102.63981997560347, 22.231872273749104], [-102.63888419764844, 22.23412812741022], [-102.63770383175043, 22.235663769986793], [-102.63665370949079, 22.237081843694764], [-102.63598239364646, 22.23886371842288], [-102.63683833970573, 22.24138440134777], [-102.63860421932098, 22.243201618570684], [-102.6382014202364, 22.24427075298537], [-102.6370169517993, 22.246045204831812], [-102.63648785198315, 22.246993050955616], [-102.63530734241643, 22.248528677568963], [-102.63383149793655, 22.249413932038593], [-102.63271211141078, 22.249207639779677], [-102.63252001042454, 22.249234585638376], [-102.63234489426884, 22.249202308075358], [-102.63080152551, 22.24941875292096], [-102.62769670170216, 22.250926332215517], [-102.62714945174314, 22.25294885197989], [-102.62661422206354, 22.25425489604514], [-102.62569011319802, 22.255794146301906], [-102.62439521143664, 22.25649191314621], [-102.62206841737486, 22.256457975411724], [-102.61960882556464, 22.257735908305808], [-102.61727141598391, 22.259373890870858], [-102.61724721579317, 22.26080682630561], [-102.6156734531272, 22.262814276821832], [-102.61538052865532, 22.264959904680232], [-102.61369452882535, 22.26601015464528], [-102.61188628291323, 22.266700291086607], [-102.61057299156121, 22.26847261982912], [-102.61130434494982, 22.270752705607354], [-102.61063451368203, 22.27241503203187], [-102.60804016065123, 22.27404908765308], [-102.60800368477025, 22.276198450897002], [-102.6078449947335, 22.277987700617295], [-102.60768628873323, 22.279776966300734], [-102.60837599416867, 22.281342507925515], [-102.60935164816343, 22.28099581944137], [-102.60971894512116, 22.28100121499844], [-102.61153288989084, 22.28102784159359], [-102.61190017088543, 22.28103323715048], [-102.6141894993485, 22.282261205270828], [-102.61626008426731, 22.282291535325204], [-102.61816857899063, 22.283274995317935], [-102.6204620419191, 22.284264058389375], [-102.6215866164803, 22.286072080816798], [-102.62216742105754, 22.286911105898476], [-102.62283953506119, 22.28788200286352], [-102.62370349464, 22.28992509917512], [-102.62283325932846, 22.291578129824106], [-102.61205218216224, 22.29150846405442], [-102.61107356855396, 22.291502021210828], [-102.61009495757575, 22.291495572494604], [-102.6091163443628, 22.291489118736806], [-102.6042232820306, 22.291456752302825], [-102.60324466911838, 22.291450261275113], [-102.59933022062867, 22.2914242317762], [-102.59835160929005, 22.291417708505744], [-102.59443716313945, 22.291391555394867], [-102.5533355712104, 22.29111093657664], [-102.55235696497675, 22.291104121997517], [-102.55134425697183, 22.291095998566348], [-102.55033155071307, 22.291087868831767], [-102.54975977468911, 22.291083267070487], [-102.54931884427657, 22.291079731862094], [-102.52805203911736, 22.29090732067676], [-102.52703933640589, 22.290899037288657], [-102.52600671596873, 22.291002773662548], [-102.51361516200633, 22.292247055487234], [-102.51258252196664, 22.292350701648484], [-102.51247422142805, 22.292377303409015], [-102.5115905662838, 22.292594356963434], [-102.50663072663086, 22.29381254364847], [-102.50618362291894, 22.294683985590723], [-102.50171227556558, 22.30339834536105], [-102.50126510861838, 22.30426977625409], [-102.50051374825628, 22.304237356390143], [-102.50020559197854, 22.30411237242812], [-102.49989015811772, 22.304396077442536], [-102.49944884797729, 22.304485455953877], [-102.49900453828177, 22.3047431233064], [-102.49828050766213, 22.304731953958193], [-102.49789434160762, 22.304629809088926], [-102.49737760072642, 22.304597786569275], [-102.49680742876771, 22.304661122364628], [-102.4962639777589, 22.304676778137928], [-102.49577008778394, 22.304813436722466], [-102.4951516285268, 22.30468364393697], [-102.49453446935378, 22.30448173310909], [-102.49373243101466, 22.3044933842249], [-102.49258441164372, 22.304441480061], [-102.49140272844754, 22.304305249723413], [-102.4901428207999, 22.303813950400496], [-102.48917604403495, 22.303484443188314], [-102.489092405226, 22.303483147062618], [-102.4885311881992, 22.30540832094142], [-102.47848794794118, 22.30740713773386]]]}, "properties": {"id": "cadnr-001-pabellon", "nombre": "C.A.D.N.R. 001 Pabellón", "municipios": "Aguascalientes: Calvillo, Jesús María, Rincón de Romos, Pabellón de Arteaga y San José de Gracia; Zacatecas: Cuauhtémoc, Guadalupe, Genaro Codina, Ojocaliente y Villanueva", "hectareas": 58583.08, "cat_manejo": "APRN", "cat_decreto": "Área de Protección de los Recursos Naturales Zona Protectora Forestal", "id_anp_oficial": "5.6.02.149", "prim_dec": "1949-08-03", "ult_dof": "2002-11-07"}}, {"type": "Feature", "properties": {"id": "cadnr-043", "nombre": "C.A.D.N.R. 043 Estado de Nayarit (porción Aguascalientes)", "municipios": "Calvillo, Jesús María, San José de Gracia, Aguascalientes", "hectareas": 66576.18}, "geometry": {"type": "MultiPolygon", "coordinates": [[[[-102.57762950868334, 21.872460985928125], [-102.57981059044754, 21.870888021327], [-102.581023153614, 21.870215092672623], [-102.58127489385039, 21.868861654644856], [-102.57939642557405, 21.866667179375487], [-102.57677621211647, 21.86505049171911], [-102.57386197266821, 21.86521537492127], [-102.5719282724563, 21.866324672639077], [-102.57090895855605, 21.865397754911722], [-102.57013428156037, 21.86200964841135], [-102.56879915247441, 21.859741774549562], [-102.5671840929806, 21.858589391816416], [-102.56483558901525, 21.85847349924725], [-102.56302964219879, 21.859467063458563], [-102.55545036826933, 21.859264905898737], [-102.55237494930394, 21.856402386822158], [-102.54855320265318, 21.856481053370537], [-102.54667636248385, 21.854809963245646], [-102.54429689063292, 21.8553975364204], [-102.54077628919599, 21.853702006951185], [-102.53840254753632, 21.85395561426866], [-102.53912266320046, 21.85143841080305], [-102.53957798069715, 21.847986978538273], [-102.53798258765224, 21.84514615354797], [-102.53496873889719, 21.843241346841275], [-102.53301364761565, 21.84094710187503], [-102.52975094725367, 21.837908748689976], [-102.52591272732332, 21.838420160715454], [-102.52145539063221, 21.83726088219472], [-102.51653548813894, 21.834324964761965], [-102.51353554257813, 21.835571067275225], [-102.51086330532453, 21.83576565874204], [-102.50960411329112, 21.83701069117403], [-102.50879158726154, 21.841494845965745], [-102.50798989943199, 21.84255710039693], [-102.49759167201317, 21.848268633251816], [-102.49230357836922, 21.84705990058628], [-102.49089385401554, 21.847480961299244], [-102.48690150904247, 21.850715533711185], [-102.48342685004664, 21.85034836485204], [-102.4817317190426, 21.850474537713534], [-102.4782068234981, 21.85240688134904], [-102.47702291382723, 21.854284870544202], [-102.47594907077654, 21.85524093731406], [-102.47505272212531, 21.855789655914247], [-102.46547913558611, 21.85464088112699], [-102.46363586714112, 21.854422968140714], [-102.46108488614128, 21.854844316101286], [-102.4517333002854, 21.853734268024024], [-102.44503056539119, 21.85431679726544], [-102.44301248365086, 21.853057924307098], [-102.43878413826083, 21.8526033882535], [-102.43862153762267, 21.850079656376554], [-102.45074626383558, 21.848274299483034], [-102.45992731543133, 21.84632632777279], [-102.46804601629046, 21.846450904559468], [-102.47618518223749, 21.845409035772832], [-102.48122209427525, 21.843153165496886], [-102.48442098957868, 21.83882803645973], [-102.49332632390953, 21.834750639748844], [-102.49464469153095, 21.832501346458667], [-102.49444702001325, 21.829154153526645], [-102.49476088777179, 21.82581471943229], [-102.50057367421498, 21.82255843640925], [-102.50352739117227, 21.821886418643544], [-102.50870043672492, 21.818620174425277], [-102.51504063598333, 21.816384069049445], [-102.51552128322685, 21.8162145381761], [-102.51764130596145, 21.81194663694895], [-102.51896109478338, 21.80957766799903], [-102.52078003526465, 21.807932805466663], [-102.52346124428749, 21.808211810273225], [-102.52637776683028, 21.809688660107035], [-102.52801557351256, 21.81114638668008], [-102.52889843301249, 21.811876191590464], [-102.53276711400305, 21.811483126436528], [-102.53299864165949, 21.811459599982857], [-102.53333857141304, 21.811236407292977], [-102.53523014172046, 21.809994406606776], [-102.53584454317168, 21.809590981723513], [-102.5358964148518, 21.809576484143093], [-102.53830622786907, 21.808902926116545], [-102.53920332469403, 21.80865217080149], [-102.54049340424632, 21.80792559762936], [-102.5413814063176, 21.807425463609945], [-102.54158431518077, 21.80724054500082], [-102.544499511049, 21.804583728539292], [-102.54742816481776, 21.803267691698203], [-102.55231947739057, 21.802556113440648], [-102.55310534424817, 21.802441772874328], [-102.55794824021199, 21.80346878008516], [-102.5624479429123, 21.802101788940227], [-102.56616827604795, 21.801439875119524], [-102.5684659051074, 21.801712510217186], [-102.56987650807734, 21.801494325370054], [-102.57065512442104, 21.800509460614013], [-102.5711833341888, 21.79984132169941], [-102.5726754934184, 21.798803844936803], [-102.57286571008662, 21.79867158721938], [-102.57466388352302, 21.798220164314856], [-102.5763582320982, 21.796333921759974], [-102.57703559778219, 21.794074444885663], [-102.57845612963767, 21.79325912508883], [-102.588287760339, 21.794238642031186], [-102.59192511603986, 21.792177874535337], [-102.59397352805577, 21.790738042806595], [-102.5965764540361, 21.7880286434441], [-102.59862620661858, 21.78781947799775], [-102.60013655525772, 21.78800764341761], [-102.60079589126778, 21.788089782245482], [-102.60289656708197, 21.78906331357527], [-102.6049975293249, 21.789225563062217], [-102.60703146273391, 21.789971602395333], [-102.61023201784703, 21.78977891075473], [-102.61266538244843, 21.78957509288496], [-102.6164049506362, 21.787717823923604], [-102.61847437003388, 21.786314277024793], [-102.61991426504294, 21.784304400427423], [-102.62084662673676, 21.78204835525757], [-102.62113967957691, 21.779783114496432], [-102.62398194103932, 21.778032224636952], [-102.62834075261458, 21.777377973390806], [-102.63172169128273, 21.7739624101959], [-102.63357608696434, 21.77004719935675], [-102.63476186467868, 21.767914102240862], [-102.6368308053769, 21.76651026832306], [-102.63954478637794, 21.7647572388992], [-102.64237681497973, 21.76360306872393], [-102.6435429743393, 21.762664066077807], [-102.64645623990711, 21.76324595562106], [-102.64905251578453, 21.764282054042035], [-102.6495836628329, 21.764679995880662], [-102.65092330581412, 21.765422221077916], [-102.65296776375222, 21.76463841071259], [-102.65461352315174, 21.764390877296353], [-102.65521802039494, 21.764286572787032], [-102.65706925195566, 21.76440845875695], [-102.66067402666381, 21.76290653052884], [-102.66274167460172, 21.76473538482108], [-102.66539800451714, 21.764514656312958], [-102.66591758605621, 21.764731644187233], [-102.66669407000443, 21.76456126813874], [-102.66756623767097, 21.76448395937615], [-102.66820276730688, 21.764281545423746], [-102.66922031843288, 21.764196962528743], [-102.67359793477878, 21.76237158887138], [-102.67782066020675, 21.762191859007714], [-102.6798815076743, 21.761265100487677], [-102.68156643777172, 21.759855279485528], [-102.68264079286304, 21.756645210709408], [-102.68305489337752, 21.754739812059245], [-102.68409288343132, 21.753798718351113], [-102.68780783635755, 21.75337272508991], [-102.69056461514438, 21.752785280178205], [-102.69312689760652, 21.752695008227928], [-102.69563450716538, 21.751689838119926], [-102.69619524609928, 21.74859194226769], [-102.69428721428609, 21.747968213067363], [-102.69353922665907, 21.746763343326318], [-102.69339395682046, 21.745528702820714], [-102.69358253462605, 21.745344478939572], [-102.69396644277506, 21.744941649887778], [-102.69401127038942, 21.7448946124552], [-102.69545031985486, 21.74338460812641], [-102.69731754114878, 21.74151366755385], [-102.69732736263674, 21.74091186919454], [-102.69800697124188, 21.739180606552296], [-102.6980430169072, 21.736911582969103], [-102.69987993227892, 21.733950795084716], [-102.70057776288223, 21.730257535884835], [-102.70056308287175, 21.728984963957984], [-102.70118961634662, 21.72901606398877], [-102.70167097451117, 21.72911370400495], [-102.70331080434882, 21.729316769828532], [-102.70524734880674, 21.729560887414326], [-102.70572149745027, 21.729620653448137], [-102.70710157834934, 21.72967494182925], [-102.70886462460311, 21.72974427595213], [-102.70929509217758, 21.72976120135775], [-102.7098784877704, 21.729498015150828], [-102.7111248627207, 21.73005770022369], [-102.71141241120556, 21.73024243207996], [-102.71267389780064, 21.729987889323567], [-102.7140247486792, 21.73009778849403], [-102.71476785621033, 21.73191413428552], [-102.71542687373552, 21.733627630163607], [-102.71560519646329, 21.734091275229492], [-102.71764977765616, 21.73312689974962], [-102.71785429861785, 21.73231724131639], [-102.71805784230463, 21.731688207503122], [-102.71827013326276, 21.730516368484757], [-102.71876269080173, 21.729982189089863], [-102.71934801354708, 21.729538338002524], [-102.71974729740779, 21.728821252486565], [-102.71975556088219, 21.7281895011987], [-102.71928391752427, 21.727550924455294], [-102.71880985208442, 21.72700312157879], [-102.71921205413322, 21.725925693422013], [-102.71979201019104, 21.725932960190974], [-102.72009413542108, 21.72521451474318], [-102.72029522746115, 21.72467534524999], [-102.72059686889317, 21.7238679542639], [-102.72079844000493, 21.72341863809646], [-102.72022577954701, 21.72295934280034], [-102.72013738002478, 21.722416088796138], [-102.72024764140158, 21.721605057981257], [-102.72044144387199, 21.721517923434995], [-102.72113261130656, 21.720534437807974], [-102.72211615833389, 21.71955411347857], [-102.72217677618397, 21.71951480682149], [-102.72540252982367, 21.720684876519105], [-102.72897009404723, 21.721450374999087], [-102.73367495607933, 21.723067477715244], [-102.73572001618992, 21.723095364980956], [-102.7385114977173, 21.724447351166024], [-102.73965813356757, 21.72470185268715], [-102.7417459746328, 21.72198284283753], [-102.74393553368712, 21.72093751004103], [-102.74542182662098, 21.720131447647546], [-102.74858802797853, 21.722187118846545], [-102.74901788220966, 21.72246431012408], [-102.75482692151634, 21.726292495640717], [-102.7582303913414, 21.72851356565488], [-102.76006582440051, 21.72998163970909], [-102.76107443972252, 21.7306672074178], [-102.76550172475218, 21.73367632904231], [-102.76624022945656, 21.73352770576728], [-102.7662591146888, 21.733530484464584], [-102.77136776484168, 21.73694769172801], [-102.7721809115031, 21.73782376195258], [-102.77238999775372, 21.737631432828202], [-102.77300955658033, 21.738045831460024], [-102.76975630660185, 21.73926139566244], [-102.76742478759218, 21.741770745445795], [-102.76133013868096, 21.743807104584683], [-102.75558891534517, 21.746373458470735], [-102.7543716740792, 21.74743805917949], [-102.75154639794903, 21.749050644979402], [-102.75078078770225, 21.75110346215508], [-102.74927263347504, 21.75328360227287], [-102.74778085742332, 21.754500396911553], [-102.747315722697, 21.756009396954266], [-102.74640513386653, 21.75778491829866], [-102.74608813737963, 21.75929318356778], [-102.74536874040186, 21.760519779067046], [-102.74286809145946, 21.759821596673216], [-102.74134186694404, 21.763207995581933], [-102.74013797134113, 21.763812920428663], [-102.7409999835847, 21.76592810668055], [-102.73906042403055, 21.766601274204454], [-102.73885981530717, 21.769835782869535], [-102.73755648433998, 21.771355638185327], [-102.73807860847245, 21.773071999521818], [-102.73897055134438, 21.774451857404962], [-102.73967344207195, 21.776339791624927], [-102.73871146931448, 21.779401004201933], [-102.73928410032403, 21.781720646537625], [-102.73969389101526, 21.78349321464069], [-102.72586926113884, 21.78330457826024], [-102.71770310122783, 21.78046943589035], [-102.71784314634719, 21.788388166497015], [-102.7097656304191, 21.796688160999025], [-102.70220682222134, 21.801727963034377], [-102.69853021263751, 21.803506916399897], [-102.69819217645775, 21.807144830882454], [-102.70002741591838, 21.810953183581322], [-102.6926391583257, 21.81909258904974], [-102.68485380111227, 21.825464470520846], [-102.67551554453536, 21.827761285507194], [-102.66824669108185, 21.83324250144427], [-102.66701776587428, 21.837753426961427], [-102.66603507153182, 21.843396748504084], [-102.6655465977363, 21.845344751520933], [-102.66093159274823, 21.845476064606512], [-102.66075261349258, 21.83541968885107], [-102.65047758934632, 21.83655095207709], [-102.64679821854193, 21.842084271333782], [-102.64848271766141, 21.84856819827784], [-102.64722154678857, 21.851124175407264], [-102.64838947687066, 21.8538490914882], [-102.64726416798737, 21.85641542896475], [-102.64722282398482, 21.858347134199853], [-102.64519759023082, 21.858686559233192], [-102.6452307930337, 21.86159607357322], [-102.64501680683071, 21.864076130491224], [-102.64262086035359, 21.8655514801793], [-102.64134303922408, 21.863909331345038], [-102.64212959327, 21.86056054206407], [-102.64016554682554, 21.859999659664233], [-102.63861070055417, 21.85808128342699], [-102.63654819280461, 21.85823237516921], [-102.63294234864487, 21.861061227347115], [-102.62964424272003, 21.859289186024018], [-102.6285440753515, 21.860898689763623], [-102.62266690937037, 21.862430676839246], [-102.62151048830069, 21.86393993238771], [-102.62233980741532, 21.865252090190694], [-102.62050739354518, 21.8666883939882], [-102.62060644486499, 21.867710101853657], [-102.61875532192948, 21.870274874934946], [-102.61753161565049, 21.871160161688813], [-102.61594763669713, 21.871588709409966], [-102.61592520851477, 21.872942674582532], [-102.61391416636572, 21.873713106269456], [-102.61270794056433, 21.87257881020834], [-102.60932107832721, 21.873022458653143], [-102.60713999671839, 21.873466889880195], [-102.60327208491668, 21.873453928129017], [-102.59722203688813, 21.873659373842056], [-102.5889169261167, 21.87891812845388], [-102.5880049570017, 21.879495531393804], [-102.58387907994538, 21.883319256934765], [-102.58241509550268, 21.884894056839546], [-102.58145265925674, 21.883313829583496], [-102.58171150239409, 21.879701312662547], [-102.58196325800196, 21.878345606914966], [-102.57955276939416, 21.875854104576295], [-102.57737831117461, 21.875619573551848], [-102.57762950868334, 21.872460985928125]]], [[[-102.64240977913276, 22.19966043027679], [-102.64047357197575, 22.19877755467974], [-102.63879555413527, 22.199966524849643], [-102.63801219293404, 22.200791294553227], [-102.63773577378785, 22.201981700956107], [-102.63720089524007, 22.2032878249387], [-102.63576432026561, 22.204819764360785], [-102.63344803046479, 22.205263972122268], [-102.63338230993077, 22.20520083763209], [-102.63205936107623, 22.20392997596273], [-102.63004353001847, 22.20175077780997], [-102.62955258168672, 22.200429791880257], [-102.6290776455792, 22.198153505642235], [-102.62731840659443, 22.19597802637706], [-102.62700271845455, 22.19603622846789], [-102.62551715187983, 22.196310156600447], [-102.6239523285872, 22.197840116533882], [-102.6222792755973, 22.19817408179623], [-102.62218126095583, 22.198115034676153], [-102.62024762482403, 22.19695008871467], [-102.61987898627955, 22.195989184667944], [-102.61823208105564, 22.1947707627728], [-102.61645697453022, 22.19355045710423], [-102.6149383647282, 22.19233387067079], [-102.61460192421387, 22.192353026075306], [-102.61326939703099, 22.192428930925217], [-102.61290235546946, 22.19242356807426], [-102.61121774431402, 22.192398920656572], [-102.6108507033199, 22.192393556799832], [-102.60830230789082, 22.191400726455083], [-102.60603259806634, 22.18909811634113], [-102.60529760556624, 22.187056871956045], [-102.60405376945404, 22.18476926802054], [-102.6028180592398, 22.182004028749976], [-102.60104528350168, 22.18066415891362], [-102.59979549374776, 22.17873476854932], [-102.59779064545064, 22.175958211664295], [-102.59628656213496, 22.173905616687392], [-102.59530142569727, 22.171502327328916], [-102.59558823650575, 22.169714960952895], [-102.59613547060748, 22.167692552780856], [-102.59617191497247, 22.165543173575863], [-102.59569354615034, 22.163505664297883], [-102.59468618932243, 22.162415889855975], [-102.59395143568159, 22.16037459753037], [-102.59475099910458, 22.158594766440757], [-102.59349742689793, 22.15690418487733], [-102.592243869202, 22.155213587687758], [-102.59239638195996, 22.15378255185658], [-102.59191604972301, 22.151864447120214], [-102.59209086228144, 22.14911991227684], [-102.592770271288, 22.14686057880104], [-102.59266033269593, 22.14578400513951], [-102.59395430856596, 22.145086414605835], [-102.59576504470076, 22.144157516720863], [-102.59655231727045, 22.143094128559614], [-102.59760606363763, 22.141437453326915], [-102.59839735814894, 22.140135224630896], [-102.59764849391341, 22.13892984417186], [-102.5966533967123, 22.13712364130108], [-102.59669180343302, 22.13485484163897], [-102.59711875494611, 22.132352883658044], [-102.59741551101075, 22.129968430872474], [-102.59823702433077, 22.126875068792422], [-102.59750235038952, 22.12483380805384], [-102.59560011317683, 22.1236114746155], [-102.59266451545878, 22.12285169064935], [-102.59077650100735, 22.12079344581366], [-102.59081902743249, 22.118285852256115], [-102.59122778041163, 22.11685858401514], [-102.59228135080781, 22.115201924525316], [-102.59371532442877, 22.11378972514307], [-102.59564975877949, 22.11310150413443], [-102.59709374112627, 22.111092218252256], [-102.59749636414367, 22.110023163033883], [-102.59802712420486, 22.108956008530868], [-102.59703421426231, 22.10703040106296], [-102.59589097814015, 22.106416425370448], [-102.59567103766075, 22.10426327905339], [-102.59442594129538, 22.102095078618035], [-102.59304263515924, 22.100522034324584], [-102.59113667822369, 22.09953849500135], [-102.59142127034477, 22.097870549244572], [-102.59093096085134, 22.096549499397838], [-102.58892729343304, 22.093772910609992], [-102.58871554249579, 22.091142113862368], [-102.58887605210299, 22.089233459537997], [-102.58954299349581, 22.087690553775385], [-102.59046011120093, 22.086509645454512], [-102.59125718495376, 22.084849202544316], [-102.59129354929809, 22.082699807447497], [-102.58926780500998, 22.08123674948664], [-102.58942625487106, 22.079447499883372], [-102.58946466286788, 22.077178716133382], [-102.58987933793902, 22.075393201437628], [-102.59015982735902, 22.073964049072465], [-102.59056639371207, 22.072656185630112], [-102.59084483985863, 22.071346437981372], [-102.59163573578817, 22.070044224962988], [-102.59305104797099, 22.069706683563368], [-102.59382981160604, 22.06912091410168], [-102.59360383708184, 22.067325997398072], [-102.5933778778371, 22.06553106536312], [-102.59212299589686, 22.063959935827874], [-102.59304598787831, 22.06242075000036], [-102.59332235845031, 22.061230406922885], [-102.59373491089622, 22.059564313133063], [-102.59465581058541, 22.058144531836277], [-102.59569876625845, 22.057084847606422], [-102.59636342514088, 22.055661298147644], [-102.59716021142118, 22.05400080782653], [-102.59808508645716, 22.052342168107884], [-102.59913801829438, 22.050685413030333], [-102.6000708746985, 22.048549139687008], [-102.60150804120963, 22.046897971656882], [-102.60345954077823, 22.045134853865626], [-102.60437423097478, 22.04407323768559], [-102.60504276873588, 22.042410815944756], [-102.60442036469574, 22.041326771753056], [-102.60251105609959, 22.040582264522616], [-102.60099006763993, 22.039604519219115], [-102.59998344506035, 22.03851484027249], [-102.59995977248174, 22.038426541892342], [-102.59950122832038, 22.03671618863481], [-102.59953336311321, 22.03480560275727], [-102.60032393995898, 22.03350330965176], [-102.59958356693333, 22.031820310951414], [-102.59794464286828, 22.03024362729928], [-102.597328367793, 22.028801337090595], [-102.59735651039689, 22.02712957647236], [-102.59739669018542, 22.02474133976444], [-102.59716867241207, 22.023065828436437], [-102.59630030659594, 22.021380962091214], [-102.59384936668421, 22.021345076329208], [-102.59348278814156, 22.021339713180428], [-102.59260642493942, 22.020132481073958], [-102.59186619606453, 22.01844946660647], [-102.59068704359821, 22.01787796858207], [-102.58856264678779, 22.01684829505962], [-102.58780837048648, 22.016001144274863], [-102.5868040140721, 22.01479199646484], [-102.58607802425551, 22.012273086136027], [-102.5862383592392, 22.010364415375758], [-102.58626458683403, 22.008812075430285], [-102.58526837149918, 22.007125277560945], [-102.58325177489712, 22.005184601451276], [-102.58250364355447, 22.003979204667548], [-102.58279407798513, 22.00195299730322], [-102.58155597280305, 21.99942656815526], [-102.58081192890613, 21.997982330727773], [-102.579817869814, 21.99617611179631], [-102.57908800103526, 21.99389601000844], [-102.57912034199555, 21.991985440277226], [-102.57913651242113, 21.991029452811], [-102.57915469529283, 21.98995548122055], [-102.57792685457353, 21.986831981207576], [-102.57804756862235, 21.986557605757657], [-102.5831619654439, 21.974932814437715], [-102.58355427715031, 21.96650262390309], [-102.58469256418529, 21.965818680981958], [-102.58676097733473, 21.96465461294871], [-102.58845939685106, 21.962649014486665], [-102.58962962593654, 21.96159119823126], [-102.59056591515912, 21.959216083553237], [-102.59136410593318, 21.95743613988518], [-102.59229029007754, 21.95565808026894], [-102.5937284932386, 21.953887475731303], [-102.5933765534983, 21.951971286773855], [-102.5929086401565, 21.949336754901807], [-102.59332874380581, 21.947192946100873], [-102.59349683601248, 21.9448065779292], [-102.59058088877136, 21.943091796623943], [-102.58829298116918, 21.942102796812087], [-102.58613712055373, 21.940876824385715], [-102.58365318515486, 21.93921013969746], [-102.58365250956804, 21.927628680564283], [-102.58365181207257, 21.917132797589005], [-102.58610281831156, 21.917133283817606], [-102.66698607848524, 21.917128822798766], [-102.65837797839042, 21.970737800200048], [-102.64115657303033, 22.0018498117355], [-102.67199294812974, 22.042958336947354], [-102.68115990362784, 22.0596575063351], [-102.71421284689835, 22.000457326560156], [-102.75031929166781, 21.917124736119575], [-102.79753924305356, 21.881011394781435], [-102.85753928972579, 21.881564312068516], [-102.85729255171644, 21.882317876164947], [-102.8567470283864, 21.8825393460947], [-102.85574726959412, 21.883761091427882], [-102.85560204803836, 21.884509171811608], [-102.85577883788898, 21.884862367893323], [-102.85592742687433, 21.885159217157565], [-102.85618878875067, 21.885688772312896], [-102.85469832381416, 21.89024035530152], [-102.8544322143838, 21.890412409634163], [-102.85436335517763, 21.890433148034553], [-102.85369427483073, 21.890634659720266], [-102.85399306943592, 21.890893471585905], [-102.85437586290276, 21.891225041728134], [-102.85351350284039, 21.893858312196105], [-102.85339407925741, 21.893946790637294], [-102.8526136889559, 21.89469080627527], [-102.85233431215265, 21.894957159477748], [-102.85185666294582, 21.89554545378233], [-102.85140313556685, 21.896945148159617], [-102.85118807690189, 21.897903934151657], [-102.85107113444275, 21.898425289952346], [-102.85130227384359, 21.900138862466928], [-102.84995977826796, 21.901596489283254], [-102.84963273767694, 21.903957729149194], [-102.84964529023765, 21.905565812851833], [-102.84918761039903, 21.90672300665756], [-102.84810984400592, 21.907632605022815], [-102.84738204569526, 21.90777995603855], [-102.84688625108403, 21.907880332589674], [-102.84632495658624, 21.908541693163908], [-102.84612858883726, 21.90871982443805], [-102.84588559729991, 21.908940250099025], [-102.84500643183834, 21.909737761289318], [-102.8444508290107, 21.91036141261947], [-102.84335033960124, 21.91237094539932], [-102.84327152890705, 21.912834887201964], [-102.84609464536274, 21.913739202705344], [-102.84621420433523, 21.915314350038415], [-102.84616248354742, 21.915416742197564], [-102.84482920891294, 21.915843829852697], [-102.84429962558859, 21.916467035834632], [-102.84415269444919, 21.9175179035537], [-102.84447928469083, 21.918748868701986], [-102.84445248034997, 21.9188019307269], [-102.84410815659112, 21.919413126642862], [-102.8437067168414, 21.919874747092436], [-102.84372798230812, 21.92023611443588], [-102.83365378138572, 21.9401748909182], [-102.83238581928272, 21.943068172998665], [-102.82548957065981, 21.952209508345405], [-102.82322328597434, 21.955542382545126], [-102.82161245379758, 21.958799714423748], [-102.82192888694101, 21.96007811898896], [-102.82073082420015, 21.964244734740852], [-102.81932374484745, 21.96719939385605], [-102.80567581613259, 21.995850741927207], [-102.80546157420584, 21.996300397865696], [-102.80271811389035, 21.999737534726307], [-102.80284479830763, 22.000859885194334], [-102.80272128081151, 22.00139517499045], [-102.80169261930592, 22.00175581614016], [-102.80122955254349, 22.001887674689936], [-102.80121819718849, 22.002623903763595], [-102.80134327475672, 22.003055138407127], [-102.80109018837054, 22.003450617999643], [-102.80104968725118, 22.00394099847864], [-102.80064702861465, 22.00442651241925], [-102.80005035554625, 22.004679310804484], [-102.79963666710997, 22.00481182681426], [-102.7994976348745, 22.005285536691716], [-102.79920849373062, 22.005715860120418], [-102.79883850276165, 22.006217154342053], [-102.7982549735891, 22.006684892273213], [-102.79752055311812, 22.007318344411775], [-102.79713218527341, 22.007942116331236], [-102.79669785817615, 22.008248196755027], [-102.79613161546875, 22.008686781973893], [-102.7956782250633, 22.008941100186426], [-102.79559969697814, 22.0089851500201], [-102.79534539682274, 22.009457309755977], [-102.79515361991473, 22.010090488314304], [-102.79509927629942, 22.010864074033762], [-102.79479384086721, 22.01144069719227], [-102.79436458263416, 22.011806643105306], [-102.79408412092874, 22.012138399893693], [-102.79308325398533, 22.012950595134225], [-102.79202508580015, 22.01419460413395], [-102.79152637700984, 22.015091224196752], [-102.7914693677332, 22.015193716594492], [-102.79149862138618, 22.01598835732069], [-102.79011865995945, 22.016054071379894], [-102.78962417370035, 22.01610489361592], [-102.78743259517164, 22.016622064096776], [-102.78533630965647, 22.01655433521519], [-102.78404325401269, 22.016854576237392], [-102.78331024576565, 22.017691928685256], [-102.7830576563823, 22.019312438761336], [-102.78278367473229, 22.020385154416363], [-102.78228167294782, 22.02157928475421], [-102.78205901347918, 22.022248496396212], [-102.78199991366031, 22.022426124617237], [-102.78198510796985, 22.023376657191466], [-102.78181075123777, 22.024224948833012], [-102.78227459935768, 22.02548219798586], [-102.78259980626001, 22.02711836001651], [-102.78228607728713, 22.02813206484957], [-102.78176305199145, 22.028486540392148], [-102.78156684910093, 22.02861951223472], [-102.78072830843469, 22.028943272604337], [-102.77967682387165, 22.02918681784596], [-102.778840394421, 22.029473016209046], [-102.77790145673497, 22.030104787607502], [-102.7775158857662, 22.03074405741778], [-102.77703670338262, 22.03086887418982], [-102.7763226208173, 22.031024909721886], [-102.77627789120857, 22.031089467179196], [-102.77601926441888, 22.031462735042258], [-102.77586474450607, 22.03238697659021], [-102.77544106704484, 22.0329336549731], [-102.77521935345641, 22.03320685721901], [-102.77550660219416, 22.033800020443568], [-102.77557759242386, 22.034316595286008], [-102.77494168909438, 22.034528927771646], [-102.77469530706661, 22.03511483918956], [-102.77426556826467, 22.036048135379453], [-102.77372782347318, 22.036283652126734], [-102.772891095866, 22.03669580642755], [-102.77246808320312, 22.037188442118392], [-102.77196987222406, 22.03769667470957], [-102.77059805499876, 22.03756672239288], [-102.76898125999037, 22.03782289377811], [-102.76837272872689, 22.038537923857874], [-102.76794246432897, 22.039311024939053], [-102.76769311266565, 22.039975309611336], [-102.76847976276164, 22.04024776841876], [-102.7697204420886, 22.04045281858954], [-102.77038351368468, 22.040852318594364], [-102.77040506582348, 22.04104989124648], [-102.77046484441445, 22.04159789149198], [-102.76991249087955, 22.042004739382616], [-102.76902472233468, 22.041879632664386], [-102.76842339486683, 22.042356124448336], [-102.76785020799616, 22.04246403057144], [-102.76727086798002, 22.042817429453308], [-102.76668132665232, 22.04301657128005], [-102.76616762171115, 22.043390766209267], [-102.76533562809979, 22.04351503442196], [-102.7646667029126, 22.04361890919671], [-102.76363726018711, 22.0440016296234], [-102.76304061650868, 22.044167110374918], [-102.76253252789122, 22.044819115501284], [-102.76215542116628, 22.045472903443223], [-102.76157334480048, 22.045831025680926], [-102.76098973118816, 22.046286740127563], [-102.76074358538683, 22.046942321984375], [-102.7608900028154, 22.047627671943914], [-102.76046681097873, 22.048403127266646], [-102.7597430348914, 22.049088929582368], [-102.75961976691941, 22.049417223061557], [-102.75945952007335, 22.049844001590635], [-102.75948100556386, 22.050634874414058], [-102.75943461181394, 22.051424811376815], [-102.75891547163097, 22.052050165972872], [-102.75805387707173, 22.052860566227388], [-102.75736944139824, 22.05326551688601], [-102.75734864675803, 22.053289850801942], [-102.75671327531711, 22.054033326960727], [-102.75623871751499, 22.054965007998025], [-102.75574450342306, 22.055753649392177], [-102.7554730934952, 22.05630060144839], [-102.75526085589533, 22.057200937671496], [-102.75519733562174, 22.058444377106905], [-102.7552459548449, 22.059526000894873], [-102.75560526951074, 22.060346745172705], [-102.75557210622122, 22.06106012111521], [-102.75516152861225, 22.06159219641499], [-102.75444047384059, 22.06217674486484], [-102.75379749077149, 22.062524138878697], [-102.7531802671453, 22.063257811148556], [-102.75318341043663, 22.06329629372371], [-102.75326038732392, 22.064238538887043], [-102.75366309300185, 22.064902991454414], [-102.75366444993034, 22.064903801977767], [-102.74755004634389, 22.07267594777612], [-102.71077805679091, 22.094100177603753], [-102.71076980245094, 22.094078768237292], [-102.71048911069735, 22.09388614042794], [-102.71041587260977, 22.093953607271214], [-102.71019895208279, 22.09415343185587], [-102.71017635231752, 22.094380702005886], [-102.71018651686877, 22.094444696666006], [-102.69859664944767, 22.101193944505283], [-102.69776647211927, 22.101515725100615], [-102.69722343610904, 22.101944566747868], [-102.69714895762093, 22.10203688565441], [-102.6936623833746, 22.10406689984947], [-102.69340663468381, 22.104805648139692], [-102.69279859033796, 22.10514535881061], [-102.69210105843601, 22.105388415514476], [-102.69147327531927, 22.105803639839102], [-102.6910828626865, 22.106164226348536], [-102.69093174442585, 22.106435587237947], [-102.69092976212302, 22.106439146491283], [-102.69086522425106, 22.106555035954074], [-102.69093887179277, 22.10717549377745], [-102.69141241369299, 22.108799393666963], [-102.69153742019043, 22.110204724528796], [-102.68604189067334, 22.12607521919661], [-102.68503156213198, 22.127537056754694], [-102.6837458693506, 22.129399202300956], [-102.68341414414787, 22.129913582970488], [-102.68345977378556, 22.13016639646667], [-102.68352460957529, 22.13052561430816], [-102.6842373746493, 22.131285520268744], [-102.67946535195811, 22.14506185109931], [-102.67928941886699, 22.145048590173467], [-102.67835185818136, 22.145329148739584], [-102.67829995005276, 22.145344681872892], [-102.67751217001928, 22.145898518559438], [-102.67701346004738, 22.146182876310707], [-102.67609526582697, 22.146706413126953], [-102.67512930202125, 22.147128220888955], [-102.67434471295303, 22.14778143709139], [-102.67416121785017, 22.149092677953913], [-102.67416629030312, 22.15019122873033], [-102.67405432187056, 22.151250097382544], [-102.67373490141067, 22.15191986360324], [-102.67271047250887, 22.15320090770735], [-102.67175471085456, 22.154241871324402], [-102.67099651177178, 22.155786369758456], [-102.67091745629496, 22.155947411322185], [-102.6707050280616, 22.15729699407351], [-102.67036972824715, 22.15814679029252], [-102.67003935747543, 22.158697547308954], [-102.66966308261505, 22.159247650726694], [-102.66941568734231, 22.159589578559334], [-102.67028121781598, 22.161037091839354], [-102.67082954006814, 22.16195408942221], [-102.6722148209881, 22.164013174359624], [-102.67264974191328, 22.164732138130173], [-102.66922188251824, 22.174622635477096], [-102.66720275421885, 22.18011826608245], [-102.66713039254478, 22.180202754788457], [-102.66671835555847, 22.180940977166394], [-102.66650991195137, 22.181904311325773], [-102.66645748901267, 22.18214658584444], [-102.66286186006606, 22.19193147591814], [-102.66229204208337, 22.191480949208255], [-102.66190531339568, 22.191297486451905], [-102.66107762978, 22.19090482966445], [-102.65999000642212, 22.19103961256464], [-102.65841896495412, 22.191081482034132], [-102.65739865255128, 22.191088955051963], [-102.65642718094138, 22.191182411919517], [-102.65533671859987, 22.191252453613767], [-102.65443914855533, 22.191764843269564], [-102.6538491849588, 22.19252267858156], [-102.65277516526393, 22.19298616860657], [-102.651595978723, 22.193140224149214], [-102.65213601669325, 22.19383225721396], [-102.65283096027859, 22.194168054430925], [-102.6538061886736, 22.194303468260035], [-102.65495880230972, 22.194596952169817], [-102.65527667519288, 22.194976603919343], [-102.65520093767172, 22.195125484946118], [-102.65507180478399, 22.19537932976732], [-102.65421663321656, 22.19555778238986], [-102.65330145989786, 22.19590259048639], [-102.6523120101737, 22.196506680829476], [-102.65166305553365, 22.19766894807579], [-102.6514245302037, 22.199330895050004], [-102.65050715959485, 22.199805831737294], [-102.65059899680735, 22.20046274749826], [-102.65023744761288, 22.201226216950076], [-102.64971667138157, 22.201628666571796], [-102.64910535318877, 22.202063749493327], [-102.64815352705664, 22.202505632178365], [-102.64751792304007, 22.20294191946062], [-102.64712324226952, 22.203509649221335], [-102.6463434285465, 22.2038118350929], [-102.64582155475026, 22.204306043012576], [-102.64585696310075, 22.2052622779459], [-102.64547657587495, 22.2063568236936], [-102.6452841237134, 22.208243370391536], [-102.64528092275668, 22.208274751692883], [-102.6449610986162, 22.210415245449028], [-102.64508794556663, 22.210909568313575], [-102.64453914026099, 22.21044096065076], [-102.64456101033727, 22.209127398536996], [-102.64471708186424, 22.207457473581655], [-102.6447647965872, 22.204591554438213], [-102.64376470228335, 22.20302436846217], [-102.64240977913276, 22.19966043027679]]], [[[-102.61816857944395, 22.283274994579823], [-102.61626008435351, 22.282291534275817], [-102.61418949945079, 22.28226120459085], [-102.61190017056441, 22.281033236720948], [-102.61153288998902, 22.2810278412812], [-102.60971894564847, 22.281001214021053], [-102.60935164819307, 22.280995818813352], [-102.60837599380804, 22.28134250680917], [-102.60768628880068, 22.279776965659664], [-102.60784499498314, 22.27798769996907], [-102.60800368482731, 22.276198450414306], [-102.6080401603232, 22.274049086721256], [-102.6106345136813, 22.27241503154049], [-102.61130434491304, 22.27075270443206], [-102.61057299166225, 22.26847261878996], [-102.61188628285015, 22.2667002905841], [-102.61369452926581, 22.266010153520163], [-102.6153805287521, 22.26495990354309], [-102.61567345293305, 22.26281427582758], [-102.61724721605498, 22.260806825457134], [-102.6172714158788, 22.259373890390048], [-102.61960882605734, 22.25773590774605], [-102.62206841729684, 22.25645797447286], [-102.62439521104618, 22.25649191258841], [-102.62569011363945, 22.25579414581308], [-102.62661422217734, 22.254254894949103], [-102.62714945214961, 22.252948850828936], [-102.62769670197957, 22.25092633133023], [-102.6308015257833, 22.249418752572495], [-102.63234489408819, 22.249202307434334], [-102.632520010076, 22.249234584776957], [-102.63271211190178, 22.24920763883601], [-102.6338314981227, 22.249413930910446], [-102.63530734224544, 22.24852867717088], [-102.63648785245742, 22.24699305040851], [-102.63701695151896, 22.24604520451951], [-102.63820142028317, 22.2442707522201], [-102.63860421919898, 22.243201618091422], [-102.63683834013267, 22.241384401014365], [-102.635982393667, 22.23886371798296], [-102.63665370992864, 22.237081842876922], [-102.63770383141097, 22.235663769571428], [-102.63888419780778, 22.23412812684803], [-102.63981997601347, 22.231872272815718], [-102.63741486611053, 22.229926392751167], [-102.63654298901277, 22.228361010585097], [-102.6368334554471, 22.22633472363159], [-102.6380237178675, 22.224202026076338], [-102.63907371265971, 22.222783920462597], [-102.64203758133687, 22.221990693693492], [-102.6435885969078, 22.221296454482733], [-102.64362392080392, 22.221305219575815], [-102.64293534555955, 22.222361078715327], [-102.64166125607025, 22.223509953602267], [-102.6404682781274, 22.22430978780574], [-102.63964971410437, 22.225231784767676], [-102.6392989411616, 22.22603919042205], [-102.64168495011714, 22.2263556594071], [-102.64138711863313, 22.228447535199432], [-102.67001704865257, 22.245702430089402], [-102.66966951247133, 22.258297924355542], [-102.66937585746118, 22.268938819204802], [-102.66893396746961, 22.284947994056868], [-102.66874284287934, 22.29187104613177], [-102.66289950583331, 22.29183463790398], [-102.64838815208981, 22.291743261184376], [-102.62283281618926, 22.2915789759324], [-102.62370349494424, 22.28992509879906], [-102.62283953554419, 22.287882001985984], [-102.62216742117631, 22.286911104762993], [-102.62158661631186, 22.28607208036313], [-102.620462041731, 22.284264057667688], [-102.61816857944395, 22.283274994579823]]]]}}, {"type": "Feature", "properties": {"id": "advc-san-jose", "nombre": "Santuario para el Águila Real en los Bienes Comunales de San José de Gracia", "municipios": "San José de Gracia", "hectareas": 6170.0}, "geometry": {"type": "Polygon", "coordinates": [[[-102.41845461361572, 22.080480875822445], [-102.41796756792145, 22.070369724353426], [-102.4168072856081, 22.04672936250138], [-102.4319599342146, 22.04834422937112], [-102.43896414090278, 22.02877925415029], [-102.44046381454147, 22.018971742558456], [-102.44275636361041, 22.000443666368593], [-102.44427239509956, 21.99116943182482], [-102.44659109041866, 21.98959591491193], [-102.44692611399546, 21.989523639571264], [-102.44713957616148, 21.98726836205054], [-102.44734430368595, 21.986739605905225], [-102.45295628620119, 21.98762633345592], [-102.45309849058174, 21.987831395107396], [-102.45333836272675, 21.988154927068187], [-102.45356247079059, 21.98846497295666], [-102.45419369583756, 21.989338242921], [-102.45517295415912, 21.99069297686137], [-102.45640083100534, 21.992391616140335], [-102.45746071045532, 21.993859289320415], [-102.46190031158814, 22.00052250755557], [-102.46193636821161, 22.000576619202963], [-102.46196732130507, 22.00062307412175], [-102.46199411406164, 22.000663282801675], [-102.46202426682616, 22.000708536477607], [-102.46204909979403, 22.00074580548455], [-102.4620883815047, 22.000804758268764], [-102.46211363915305, 22.000842664117943], [-102.46213571294936, 22.000875793121534], [-102.46216668280375, 22.000922269740343], [-102.46219049141766, 22.000958002311943], [-102.46221888897202, 22.00100062067108], [-102.46236982497078, 22.001227140636193], [-102.4625861369679, 22.001545817147534], [-102.47202380266009, 21.99747407075194], [-102.46961819968298, 22.01198713749837], [-102.48000291188929, 22.021419723042598], [-102.4981282668455, 22.021946514340428], [-102.49875407479314, 22.02237101674629], [-102.50595945159121, 22.021795751857283], [-102.50896996557728, 22.022250477343267], [-102.51149533202711, 22.019623111008826], [-102.5148867058582, 22.022529047499344], [-102.51670405552149, 22.01939080525172], [-102.52026209554012, 22.020934188179258], [-102.51986931308173, 22.021469469897895], [-102.51938077307635, 22.02382250876744], [-102.51408168276306, 22.029172120221563], [-102.50951751247955, 22.035328345047333], [-102.50565482048889, 22.04024824305534], [-102.50345394532437, 22.04759222381864], [-102.49369175548713, 22.047954340102685], [-102.48355452366893, 22.047526818095815], [-102.48288812555441, 22.05016418334042], [-102.4835721327618, 22.05269189566328], [-102.48370869344255, 22.05491978074988], [-102.48490723315386, 22.062787824779015], [-102.48289947544242, 22.06712383130207], [-102.48190827236066, 22.06925386808584], [-102.4816200167123, 22.06998019771581], [-102.4811790176328, 22.071292471011958], [-102.48071991442964, 22.07645348227517], [-102.46992969208203, 22.074904000099938], [-102.46692864000579, 22.082542421994553], [-102.44635572588625, 22.080154898774357], [-102.44488324027247, 22.09817489272641], [-102.44462434585377, 22.099667685645382], [-102.41686381425623, 22.098793268687547], [-102.41785134121129, 22.08742632620972], [-102.41845461361572, 22.080480875822445]]]}}, {"type": "Feature", "properties": {"id": "cema-calvillo", "nombre": "ANP Centro de Educación Medio Ambiental de Calvillo (CEMA)", "municipios": "Calvillo", "hectareas": 13.23}, "geometry": {"type": "Polygon", "coordinates": [[[-102.72877359599887, 21.856954193999943], [-102.72761513199893, 21.856340100999976], [-102.72746892099892, 21.85655044199999], [-102.72740140199889, 21.85664757699996], [-102.72746743599893, 21.856786291999946], [-102.72742964799889, 21.85694293999999], [-102.7273726169989, 21.857018342999968], [-102.72727728799893, 21.857090306999996], [-102.72719442499888, 21.857116165999944], [-102.7271105939989, 21.857123404999957], [-102.72699704999891, 21.857102599999994], [-102.72691397099894, 21.85705810999994], [-102.72684635699888, 21.85702222099994], [-102.7268999009989, 21.856715148999942], [-102.72697546199893, 21.856633718999973], [-102.72725038799891, 21.85653309899996], [-102.72763637799889, 21.85597780699996], [-102.72771129799892, 21.85585582399998], [-102.72775119899889, 21.855801724999967], [-102.72787366099894, 21.855636177999973], [-102.72787918699892, 21.855627437999978], [-102.72788508499892, 21.855618852999985], [-102.7279873729989, 21.855528495999952], [-102.72823241899889, 21.855434012999957], [-102.72859086299891, 21.855352909999933], [-102.7287062059989, 21.85534061499996], [-102.72877729199891, 21.855304169], [-102.72892165699889, 21.85490760199994], [-102.72908699099891, 21.854689589999992], [-102.72961594299889, 21.85427333299996], [-102.72991054999889, 21.85404007599997], [-102.72994846399891, 21.853980609999983], [-102.73002482099892, 21.853917322999997], [-102.73007838199894, 21.853859348999983], [-102.7302080209989, 21.85369278599999], [-102.73026052799891, 21.85351464999994], [-102.73026729899894, 21.85340390299999], [-102.73026180299891, 21.853384187999982], [-102.73024652899889, 21.853350003999964], [-102.73011653599892, 21.853098775999943], [-102.7300406629989, 21.85287581399999], [-102.73003148099892, 21.85284883099999], [-102.73002133299892, 21.852652864999957], [-102.73001164999889, 21.85250761799998], [-102.73011136399893, 21.852145582999952], [-102.73017455299893, 21.85195963599998], [-102.7302087739989, 21.85186167999999], [-102.73024722399893, 21.851648569], [-102.73023451599889, 21.85156876499994], [-102.73024989899888, 21.851501220999953], [-102.73026558699893, 21.851354014999945], [-102.73027436299891, 21.85128145999997], [-102.73031869999889, 21.851167412999963], [-102.73045530999892, 21.85088611799998], [-102.73054181799891, 21.85072765799996], [-102.73065178299893, 21.850562585999942], [-102.73076707799895, 21.850424848999957], [-102.73079392599894, 21.850401031999954], [-102.73080800899895, 21.850388540999948], [-102.7308672519989, 21.85038405799995], [-102.73098276999893, 21.85036085999995], [-102.7312450379989, 21.850313446999998], [-102.73130068899893, 21.85031575799994], [-102.73142963799891, 21.850501020999992], [-102.73144759499893, 21.850532016999953], [-102.73145756599892, 21.85053744099994], [-102.73150380599894, 21.85052573499999], [-102.73159232199895, 21.85061710899996], [-102.73163400499895, 21.850775819999946], [-102.73163855799893, 21.850837127999945], [-102.73166021199891, 21.85108322799997], [-102.73167402799895, 21.85116658799999], [-102.73167962899895, 21.851261033999982], [-102.73175809099891, 21.851302742999994], [-102.7318197129989, 21.85135070399994], [-102.73186682199893, 21.851423445999995], [-102.7319684889989, 21.851691657999964], [-102.73198334299893, 21.851774113999937], [-102.73197113299891, 21.851960834999975], [-102.7319857969989, 21.85203368299998], [-102.73196548199893, 21.852059745000002], [-102.73189593199893, 21.852153813999998], [-102.7317530889989, 21.852332383999997], [-102.73169989399894, 21.852401330999985], [-102.73162175499894, 21.85244878599994], [-102.73136908699892, 21.85254694799997], [-102.7313514579989, 21.852571644999987], [-102.73136244899892, 21.85273523599998], [-102.7313760439989, 21.852916511999954], [-102.73139689599894, 21.853138703999985], [-102.73141946699891, 21.853298902999978], [-102.73155756299893, 21.853265108999977], [-102.73178499699894, 21.85321096799996], [-102.73201984899893, 21.853144069999956], [-102.73203275799891, 21.85314274399995], [-102.7320156119989, 21.853182809999996], [-102.73197904099895, 21.853268271999955], [-102.73190933699895, 21.853479613999955], [-102.73174355699892, 21.853749260999994], [-102.7313798549989, 21.85426919999995], [-102.73103608599892, 21.85477774999996], [-102.73026846699892, 21.855840171999972], [-102.7299644449989, 21.856257646999982], [-102.72973283099893, 21.85651401199997], [-102.7295848149989, 21.856654651999953], [-102.72935606099892, 21.85687590799998], [-102.7291803369989, 21.857056535999995], [-102.7290642669989, 21.857170139999972], [-102.7290610859989, 21.857173513], [-102.72877359599887, 21.856954193999943]]]}}, {"type": "Feature", "properties": {"id": "vivero-conafor", "nombre": "ANP Zona de Conservación Ecológica Municipal Vivero Forestal CONAFOR", "municipios": "Pabellón de Arteaga", "hectareas": 8.73}, "geometry": {"type": "Polygon", "coordinates": [[[-102.28026344657196, 22.15061841116826], [-102.28026998799601, 22.150481962999734], [-102.28028916355666, 22.15001960012127], [-102.2798527229449, 22.149337906301238], [-102.2796750767913, 22.149010752456245], [-102.2795879844837, 22.148839152456887], [-102.27958932294521, 22.148811937072338], [-102.27961079986822, 22.148794121687757], [-102.28057450755786, 22.14874847553344], [-102.28059887678859, 22.14874746014878], [-102.28069314528425, 22.148743555761705], [-102.28158599999604, 22.14868796923044], [-102.28155383984081, 22.149219713076608], [-102.28155233832479, 22.149239490915818], [-102.28151899986356, 22.149530429376398], [-102.28152553832521, 22.14970695245274], [-102.28159450755594, 22.149858813990672], [-102.28212009217035, 22.15048027552678], [-102.28278029216911, 22.15123376783153], [-102.2825836460163, 22.151867167829653], [-102.2811705542062, 22.151319601594345], [-102.28058577899598, 22.152683254999715], [-102.28049978652426, 22.15294231136315], [-102.27989767679354, 22.152653783213534], [-102.28035859986826, 22.151496413986234], [-102.28041899986802, 22.151364844755822], [-102.27895712294905, 22.151433860141235], [-102.27888521775638, 22.150497555633073], [-102.2788899394649, 22.150487163341626], [-102.27919128547114, 22.15043803122817], [-102.27920704785788, 22.15012234707923], [-102.27939249390754, 22.15018976225339], [-102.27943172294675, 22.15020781399101], [-102.2799772767916, 22.15045887552831], [-102.28026344657196, 22.15061841116826]]]}}]}