{"type": "FeatureCollection", "features": [{"type": "Feature", "properties": {"AREA": 189241000.0, "PERIMETER": 83655.5, "MUNAGS84_": 2.0, "MUNAGS84_I": 2.0, "NOMBRE": "COSIO", "SUP": "189.240 Km²", "AREA_KM2": 189.241172352, "edo": "01", "Shape_Leng": 83655.5503893, "Shape_Area": 189241172.352, "NOM_MUNIC": "Cosío"}, "geometry": {"type": "Polygon", "coordinates": [[[-102.24986472350186, 22.382788933806175], [-102.2499645930739, 22.382553681660795], [-102.24998620238551, 22.38228776142419], [-102.25011617152026, 22.382156828245158], [-102.25010445619786, 22.381919677924518], [-102.2501607941185, 22.381584391332755], [-102.25024493924893, 22.38134661474573], [-102.25024897618442, 22.381141325794996], [-102.25028516848661, 22.380904990244545], [-102.25035265853545, 22.38071206382051], [-102.25043621143506, 22.380535207261936], [-102.25053692077988, 22.380257091902404], [-102.25063859091514, 22.379960939354298], [-102.25076939973708, 22.379787142782842], [-102.2508526554598, 22.379594484101837], [-102.25104948842885, 22.37930220588449], [-102.25138713057679, 22.379129668410656], [-102.25180215977228, 22.379093846294044], [-102.25219997327021, 22.379100607441917], [-102.25248565909979, 22.37916413598304], [-102.25286509140568, 22.37930372733876], [-102.25313555670144, 22.37930832246506], [-102.25354916876526, 22.379344685603044], [-102.25397940361857, 22.37930685949246], [-102.25431645341837, 22.379195235960708], [-102.25449345103416, 22.379078637335926], [-102.25475164769975, 22.378904743387736], [-102.25485065096568, 22.37874394306445], [-102.25490435920136, 22.37844922931872], [-102.25487832960864, 22.37813736501989], [-102.25481872934839, 22.377928738233788], [-102.25477573745432, 22.37767751641575], [-102.25477981129129, 22.37746997065702], [-102.25481602515454, 22.377262970545278], [-102.25482009884809, 22.377055424768905], [-102.25471316783643, 22.376816657536303], [-102.25467137181299, 22.376504525542497], [-102.2545480990039, 22.376294817690834], [-102.25442055454839, 22.376148224389166], [-102.2541417654102, 22.376073533395164], [-102.25415783520448, 22.375872961443644], [-102.25416155530067, 22.375683463198726], [-102.25416531964304, 22.375491709017226], [-102.25412341262215, 22.375339799625312], [-102.25411969920563, 22.37531265636756], [-102.25402123630768, 22.375229743795934], [-102.25391153117894, 22.375101506596753], [-102.2535767304532, 22.374944623060756], [-102.25321706793582, 22.37478731659765], [-102.2529064668696, 22.37466469306692], [-102.25262106950262, 22.374556037264956], [-102.25243538860214, 22.374435535149207], [-102.25231366015583, 22.374270985846238], [-102.25233024982151, 22.374074936440405], [-102.25229495721307, 22.373956989358618], [-102.25227306375596, 22.37380541971708], [-102.25233804875211, 22.3736778930155], [-102.252466157376, 22.373517588507262], [-102.25255507392376, 22.373437858590357], [-102.2526450398283, 22.373335579622434], [-102.25271046727944, 22.37318549341398], [-102.25274988039757, 22.373093638984823], [-102.25271458757574, 22.372975691971366], [-102.25261679167738, 22.372858939831058], [-102.25260702581235, 22.372707576229082], [-102.25267431368287, 22.372462740958103], [-102.25266559715992, 22.37228882835459], [-102.25271873273174, 22.372115966452853], [-102.25275951879588, 22.3719541781537], [-102.25273855520945, 22.371755233994932], [-102.25274085885027, 22.371637925638705], [-102.25266792574615, 22.371521595925156], [-102.2526462534607, 22.371358746642343], [-102.25271123673599, 22.371231219607804], [-102.25277573259399, 22.371128507765135], [-102.2528525195343, 22.37104857148811], [-102.25287875467527, 22.370979059941625], [-102.25293245139683, 22.370808464098484], [-102.25302180874553, 22.37070617439375], [-102.25307427866761, 22.370567151203293], [-102.25300221787252, 22.37043729636946], [-102.25295370390867, 22.370343948377457], [-102.25290557491446, 22.37026189032906], [-102.25278098342054, 22.370212383768056], [-102.252632313835, 22.370153441385927], [-102.25260975563477, 22.37003571070253], [-102.25263550335757, 22.3699910144131], [-102.25275059419903, 22.369875621844063], [-102.25275449227905, 22.369677099961315], [-102.25275834601958, 22.36948083400363], [-102.25276175676565, 22.36930712734694], [-102.25263787490009, 22.36922152587397], [-102.25245116782334, 22.369184504133152], [-102.25232900019677, 22.369042514505082], [-102.25217061073442, 22.368829952296693], [-102.25212528767877, 22.368574177219177], [-102.25212962942696, 22.368353096112102], [-102.25208127997546, 22.368282317566194], [-102.25195988053355, 22.36807038364685], [-102.2517496874239, 22.367963005078323], [-102.25157533138886, 22.36791490892261], [-102.25154163559989, 22.36771574838239], [-102.25128022811916, 22.367652632666644], [-102.25123187932849, 22.367581853928836], [-102.25123303154375, 22.36752319979518], [-102.25096092951897, 22.36735609453881], [-102.25086336020186, 22.36722806217056], [-102.25080139153245, 22.367202185467075], [-102.25066556264619, 22.367107352943087], [-102.2506176575919, 22.367014014795494], [-102.25056848134679, 22.366954505239423], [-102.25044560825151, 22.36684860937274], [-102.25037201429322, 22.36676611790824], [-102.25036136397343, 22.36665987289391], [-102.25028492987127, 22.36653671287828], [-102.25026326049692, 22.366373863544595], [-102.25026556559703, 22.366256555355033], [-102.2502172763294, 22.3661519271954], [-102.25021980308739, 22.366023339373594], [-102.25023413259277, 22.36594234246958], [-102.25013705245627, 22.365789494616294], [-102.24995045381552, 22.365716365370776], [-102.24990161863452, 22.365670401543728], [-102.24976557013814, 22.365586848088782], [-102.24974208364438, 22.365516491708988], [-102.24971958689079, 22.36536491168459], [-102.24965761927015, 22.365339034641693], [-102.24952168988122, 22.36528030651697], [-102.24934622959924, 22.365288606488857], [-102.24924529303799, 22.36533202371753], [-102.24914227220673, 22.36548146934402], [-102.24907888559359, 22.365527781675947], [-102.2489166021339, 22.365513738447255], [-102.24866777110648, 22.365428266027898], [-102.24854401373833, 22.36536748745282], [-102.24830884836135, 22.365234856722026], [-102.24818779728214, 22.36503646659412], [-102.24799160234294, 22.36483454138678], [-102.24791756725283, 22.36477460826611], [-102.24780749076402, 22.364635078237544], [-102.24778400539313, 22.364564721681273], [-102.24779181353756, 22.364167679311432], [-102.24778536497865, 22.363878714895122], [-102.24777631368666, 22.363691256679648], [-102.24770844582059, 22.363317750275314], [-102.24765535228664, 22.36284068805293], [-102.24750993155776, 22.362617059572997], [-102.24739744634465, 22.362445894950344], [-102.24736349082087, 22.36226026968684], [-102.24725451101256, 22.362095934671153], [-102.24712055297489, 22.361906351133207], [-102.24702254695693, 22.361800876325965], [-102.24702480987786, 22.36168582431256], [-102.24702827078718, 22.36150986240611], [-102.24703102174175, 22.36136999524662], [-102.2469708312592, 22.361253880515967], [-102.24677233549299, 22.361169262380056], [-102.24663562760385, 22.36111954569867], [-102.24656203871845, 22.361037052978077], [-102.24645283880973, 22.360883997196122], [-102.24632732616782, 22.36088186101712], [-102.24606566813874, 22.36083227386558], [-102.24553009279745, 22.36073965964792], [-102.24525548033927, 22.36070113405315], [-102.24488197653743, 22.360602250500044], [-102.24454517818954, 22.360549124728955], [-102.24443482631236, 22.36045472168637], [-102.24431113515084, 22.360360091383274], [-102.24402555206971, 22.360262703428983], [-102.24396309932243, 22.36026163960317], [-102.24372612584757, 22.36022149599265], [-102.24356407176727, 22.360196168477355], [-102.243463581943, 22.36021702315326], [-102.24336331422879, 22.360226598187175], [-102.24332616561507, 22.360203398523947], [-102.24313996275689, 22.360141552386416], [-102.24301710133469, 22.36003565196407], [-102.24284346992384, 22.359951453014283], [-102.24275891263463, 22.359810098417245], [-102.24264263259938, 22.35970882325367], [-102.24257147521764, 22.35953384687631], [-102.24252412691715, 22.359381842963938], [-102.24255599188663, 22.359057425351175], [-102.24248240656866, 22.35897493110696], [-102.24242293187991, 22.358822720515374], [-102.24242502049071, 22.358716692562087], [-102.2424774502231, 22.358579929154246], [-102.24241753127875, 22.358450277711608], [-102.24232024228789, 22.35830870599411], [-102.24214754668373, 22.358177132354758], [-102.24194950312575, 22.3580699498701], [-102.2418384882759, 22.35800938409933], [-102.24157914935674, 22.357842482916503], [-102.24141803212818, 22.357769779402354], [-102.24136975198122, 22.357665149466253], [-102.24132301174785, 22.35751315570409], [-102.24126177667452, 22.357419588228453], [-102.2411633336849, 22.35733666969962], [-102.24100408450843, 22.357169217559548], [-102.24084270161887, 22.35711004904355], [-102.24059587604404, 22.356954643223663], [-102.24044870993802, 22.3567896533446], [-102.24038901586908, 22.35664872183924], [-102.24038035786612, 22.35647255400434], [-102.24035054771622, 22.35607712854177], [-102.24030320263752, 22.355925124283946], [-102.24018310396211, 22.35567935579936], [-102.24014849176791, 22.355527568673885], [-102.24010242037212, 22.355341736073346], [-102.23985171022711, 22.355168209820167], [-102.23949233739548, 22.35499959961263], [-102.2393818762317, 22.354880368506187], [-102.23919563798084, 22.35482077459043], [-102.23903408072465, 22.354770628239333], [-102.23870929255534, 22.35472446653204], [-102.23891354028709, 22.354547418190663], [-102.24065652714627, 22.353692533261963], [-102.23890400833149, 22.35247789135836], [-102.24138438176173, 22.34916451924152], [-102.24243189521, 22.346848968770892], [-102.24133254145303, 22.342989379741713], [-102.24157829569201, 22.34193518734009], [-102.2451035521622, 22.3420945063336], [-102.24574003396711, 22.33769804003731], [-102.24648087092898, 22.33135131008304], [-102.24698667492521, 22.32665472291018], [-102.24724096090831, 22.324512937083227], [-102.2525883612952, 22.32477748032902], [-102.25510433884078, 22.324960046119774], [-102.25618069374582, 22.321085477312494], [-102.24835213165814, 22.320605179489224], [-102.24436254423588, 22.32028011193329], [-102.24539913477786, 22.317176745017555], [-102.2458365499984, 22.31592946348836], [-102.24590431245726, 22.314639791193173], [-102.24612197670085, 22.313713735682253], [-102.24649780366191, 22.313070195978465], [-102.2465284170392, 22.312962395149484], [-102.24657359122662, 22.312823248080566], [-102.24711858674881, 22.310819541081646], [-102.2471282944005, 22.310695588132234], [-102.2471180403415, 22.3104765152373], [-102.24701254237023, 22.31004369594542], [-102.24675057863246, 22.308901875606356], [-102.24670128892014, 22.30884913453287], [-102.24600711970821, 22.308320560224608], [-102.24593788668021, 22.308233629805937], [-102.24598786694843, 22.304574132220143], [-102.24608980412711, 22.30045966454892], [-102.24615832118974, 22.298450118410532], [-102.25027027345378, 22.298935134098155], [-102.25587140370847, 22.29969349484825], [-102.26260319609477, 22.300583595309003], [-102.26929900333477, 22.30145927607132], [-102.27110898026805, 22.30166803158599], [-102.27552697989246, 22.30148506574512], [-102.27798310393626, 22.3013593218537], [-102.27880153130128, 22.299924237754894], [-102.28043418567675, 22.29748727516004], [-102.28013987848293, 22.287952141583805], [-102.29160065992774, 22.289504727610954], [-102.29207108425125, 22.28956900075498], [-102.29290187066367, 22.29150787948662], [-102.2967116750457, 22.28952002973908], [-102.2965081112862, 22.291276908755833], [-102.29642172918201, 22.291575617737166], [-102.29576255067632, 22.294796304595042], [-102.29501935311556, 22.298505299547898], [-102.2945185194682, 22.300992913853054], [-102.29462718649427, 22.30098570006812], [-102.29468416054299, 22.30098665071428], [-102.29475594198763, 22.300974307877894], [-102.29482348067499, 22.30096189422014], [-102.29492379259273, 22.300947770568193], [-102.29498821379163, 22.3009398183361], [-102.2950744113678, 22.30093448612856], [-102.29515619233648, 22.300938107213018], [-102.29529156914013, 22.300960676370284], [-102.29550833589609, 22.30100717060013], [-102.2957715123945, 22.301067979146328], [-102.29600256543266, 22.30112825155112], [-102.29618041149746, 22.301180866087268], [-102.29630487883817, 22.3012032524984], [-102.29650459061307, 22.301222379971545], [-102.29693644425703, 22.301213782963117], [-102.29752194574078, 22.301223543179194], [-102.29758797565155, 22.30110052207609], [-102.2976428331017, 22.301022449880342], [-102.29772297334156, 22.300953826073243], [-102.2978377467151, 22.300912860513158], [-102.297974296501, 22.30087451453034], [-102.29811746826923, 22.30087013015399], [-102.29825250014895, 22.30087915056521], [-102.2984123374284, 22.300922435567074], [-102.29865027443209, 22.30100312979835], [-102.29885297215233, 22.301056155514317], [-102.299041383836, 22.3010954024456], [-102.29919814922772, 22.301109297657383], [-102.29938409473493, 22.301119165239733], [-102.29963056589894, 22.301102959547446], [-102.29983725208454, 22.301043212458964], [-102.30001852360365, 22.30101237977005], [-102.30023819688977, 22.300970902501145], [-102.30062736039562, 22.301038314608125], [-102.30078867131955, 22.301068081296986], [-102.30088287755311, 22.30108770369039], [-102.30101622186356, 22.301089923444206], [-102.30204003986972, 22.299051051109057], [-102.31396806375709, 22.30210842082638], [-102.31832985721303, 22.30322100171705], [-102.31841013388677, 22.298033979588364], [-102.33196748459746, 22.299252863280277], [-102.3320679656279, 22.299229691734407], [-102.33212211848901, 22.29918770345458], [-102.33218938558333, 22.299125619682577], [-102.33222981199381, 22.299072121502398], [-102.33229041771537, 22.299041523342265], [-102.33232314804933, 22.299042061818678], [-102.33237541480277, 22.299099341799778], [-102.33242686116931, 22.29916789229242], [-102.33242536098838, 22.29924685576366], [-102.33247156061518, 22.29927244064874], [-102.33250300516939, 22.2993406620727], [-102.33250193363365, 22.299397064554547], [-102.33249385188952, 22.299471406146097], [-102.33248534151139, 22.299568308727707], [-102.33249080868882, 22.29963158918963], [-102.332489779995, 22.299685735569746], [-102.33248823694832, 22.299766955139134], [-102.33252041630183, 22.299828418241628], [-102.3325857976928, 22.29986560269086], [-102.33265806075356, 22.29989161629923], [-102.33268447292605, 22.299905591610475], [-102.33270366059786, 22.29994878653399], [-102.3327091707295, 22.30000981089756], [-102.33267514827727, 22.300045360096632], [-102.33266762373223, 22.300090372405027], [-102.33267992977227, 22.300144738149324], [-102.33274458274254, 22.300220276242836], [-102.33284257254373, 22.30029636268746], [-102.33297321354136, 22.300409095025902], [-102.33302431778613, 22.300495694194055], [-102.33304901590222, 22.300599913457535], [-102.33304106287008, 22.300667486788505], [-102.33299297701066, 22.300741170406255], [-102.33295285031696, 22.30077887605052], [-102.33287344793064, 22.300777569947087], [-102.33280737420871, 22.30074488779676], [-102.3327290433677, 22.300687179141104], [-102.33267699631098, 22.300650214076118], [-102.33256438576478, 22.300641591118442], [-102.33248425478533, 22.300678638513528], [-102.3323906175622, 22.300724490872003], [-102.33233655584534, 22.300793562339503], [-102.33232159213543, 22.300879074690133], [-102.33233962236977, 22.300983184314592], [-102.33239726515636, 22.301076661650647], [-102.33246811420176, 22.301177126655283], [-102.33306382589242, 22.30329929530736], [-102.3330317435442, 22.303296510754812], [-102.33293948834287, 22.303333358809287], [-102.33290871608831, 22.303389272688822], [-102.332889466444, 22.30347697137354], [-102.33287618637549, 22.30353768661139], [-102.33287502903725, 22.303598601278892], [-102.33286196326907, 22.303648036019272], [-102.33282491519785, 22.30371513064754], [-102.3328237578272, 22.303776045311167], [-102.3328410846583, 22.303821466439263], [-102.33284027021332, 22.30386433231371], [-102.33283846985427, 22.30395908845635], [-102.33280675433342, 22.304064636463288], [-102.33278668401123, 22.304163605634216], [-102.33275539706665, 22.30424659263645], [-102.33269999307426, 22.304322412433095], [-102.33261902037127, 22.30449936767738], [-102.33256985503478, 22.304597858092443], [-102.33254987017375, 22.304692315008552], [-102.33250112751657, 22.30473664906908], [-102.33243472095896, 22.3047852060696], [-102.33237373265223, 22.304867704240785], [-102.33232430386008, 22.304948135794437], [-102.3323035528469, 22.30511479774418], [-102.33229590496082, 22.305198173600054], [-102.3322935895862, 22.305320002851882], [-102.3311364605985, 22.30530095742874], [-102.33193522284654, 22.30886179797936], [-102.33377093822246, 22.309356904900127], [-102.33533948468482, 22.30987242497779], [-102.33662417266432, 22.310329103305122], [-102.33733012608513, 22.31086428136572], [-102.33876828587593, 22.31154237560585], [-102.33944268385102, 22.3122395177806], [-102.34076451012056, 22.31285023882941], [-102.34112019808254, 22.31299148321323], [-102.34155577470891, 22.3131408077391], [-102.34237754997329, 22.31335739847947], [-102.34271337599104, 22.31336290500447], [-102.34330926136258, 22.31356450331531], [-102.3439489993649, 22.313723938740733], [-102.34543461869633, 22.314012326724324], [-102.34586707058556, 22.314102911777326], [-102.34750254921018, 22.31496471120542], [-102.34863812235885, 22.314685392916346], [-102.34997560060442, 22.314278472086762], [-102.35055075614304, 22.314037368212745], [-102.3520207106698, 22.31319702751325], [-102.35221005226474, 22.313317475937673], [-102.3537229400516, 22.31351144743135], [-102.35452075053813, 22.313456767195998], [-102.35473907458645, 22.313358773386817], [-102.35619987398765, 22.313163696664798], [-102.35694130481816, 22.312979445035992], [-102.35724468313796, 22.312808359143926], [-102.35801713472077, 22.31268328582847], [-102.35917938643787, 22.312273428570823], [-102.35951147575868, 22.31212311739824], [-102.36005516603858, 22.31197399533361], [-102.36111710241518, 22.311835566744723], [-102.36172262835008, 22.311816085460652], [-102.36211868569079, 22.311714203490553], [-102.36275243202401, 22.311451438724667], [-102.36395418320085, 22.310906777239538], [-102.36432177568207, 22.31077057393854], [-102.36470426790075, 22.31064815305363], [-102.36510820087597, 22.310546391349565], [-102.36667997300987, 22.310122821864134], [-102.36745786310128, 22.309900745417874], [-102.36920194777797, 22.309276832117593], [-102.37037920197662, 22.30884005052577], [-102.37081298439155, 22.308698134676725], [-102.37167217426331, 22.308472841666763], [-102.37239217756508, 22.308103105928584], [-102.37438798897712, 22.30727783906905], [-102.37519841655215, 22.30732481619099], [-102.38035329177056, 22.305850963721056], [-102.38151034293742, 22.305226449395118], [-102.38273279311076, 22.304736136964436], [-102.3842004664531, 22.304394211009775], [-102.38568734531272, 22.30403001211128], [-102.3893009830353, 22.305148974262213], [-102.39074991559981, 22.30633684993592], [-102.39113348890706, 22.306546142254646], [-102.39154636968951, 22.306744620925357], [-102.39180592996871, 22.306938375059985], [-102.39198901238994, 22.307038366399482], [-102.39209045089373, 22.307094163419947], [-102.39219052875472, 22.3071905623394], [-102.39230550980322, 22.307300742223322], [-102.39237709736813, 22.30739668274839], [-102.3924771337234, 22.30749533773343], [-102.39260064685381, 22.30753794826076], [-102.39272491447515, 22.307539946978935], [-102.39286259896681, 22.307603097170606], [-102.39302223194562, 22.307659829584228], [-102.39313847121367, 22.307702322747335], [-102.39321808805522, 22.30775776821208], [-102.39332617330675, 22.30784752464165], [-102.39344993846842, 22.307876597326253], [-102.39355001785616, 22.30797299554036], [-102.39362248648565, 22.308021555249272], [-102.39365743313407, 22.308098851115506], [-102.39375912451473, 22.308141109970645], [-102.39386182142962, 22.308129219759827], [-102.39405858075996, 22.30814592421714], [-102.39420479745868, 22.308141504039657], [-102.39431426596381, 22.30815680498346], [-102.39445947745381, 22.308206533608914], [-102.3945895123129, 22.308289871432923], [-102.39470499881803, 22.308372975345808], [-102.39481409067614, 22.308408581866377], [-102.39489335372424, 22.308450479600385], [-102.39510388659814, 22.30854188134327], [-102.39525536814939, 22.30864587527572], [-102.39527501358354, 22.308763548911106], [-102.39525118081328, 22.308871496375403], [-102.39515563202873, 22.308890272951146], [-102.3950243399494, 22.30887462181859], [-102.39495134582985, 22.30888699007621], [-102.39495008947308, 22.30895467638842], [-102.3948605584939, 22.309041255990486], [-102.39482280495984, 22.309115126385684], [-102.394814274227, 22.309182695779405], [-102.39483559455506, 22.30921012102886], [-102.39486494304423, 22.309197051401163], [-102.39490144018905, 22.309190867304405], [-102.39490808629233, 22.30922482736395], [-102.39490703929376, 22.309281232619888], [-102.39495129131974, 22.309281943792865], [-102.39497349114768, 22.309261988610714], [-102.39504690424207, 22.309227058257232], [-102.39509801179126, 22.309250448393712], [-102.39509675548248, 22.309318134710825], [-102.39511782462698, 22.309359097193465], [-102.3951978420482, 22.309360383041554], [-102.39526391704439, 22.309361444810644], [-102.39651208444349, 22.309609442156777], [-102.39847485555755, 22.312556853681926], [-102.39960592711103, 22.31555861075025], [-102.40068439682446, 22.31590316083369], [-102.40129283842091, 22.316186002272723], [-102.40244803798937, 22.31657916640047], [-102.40349592647863, 22.317200806467106], [-102.40521123558769, 22.31813103882193], [-102.40556865157984, 22.318380506188795], [-102.40647496720378, 22.319182670817302], [-102.40764902885051, 22.32009970282406], [-102.40927640808691, 22.32162431128449], [-102.41069020199112, 22.323025876952645], [-102.41110906266688, 22.323298884681908], [-102.41147903955874, 22.323460522283256], [-102.41288857153441, 22.32391184743714], [-102.41342945962442, 22.32411232039247], [-102.41458551439709, 22.324464794677088], [-102.4174714603221, 22.327830735374135], [-102.41779531739385, 22.329806178889786], [-102.42219037490962, 22.334062755746892], [-102.42302302555838, 22.339178887013798], [-102.41749526651041, 22.343062975899425], [-102.42209940963865, 22.34721684240625], [-102.4283737945306, 22.35255494084919], [-102.43239349787397, 22.357586241124004], [-102.4313155771629, 22.358115309067], [-102.43089045196577, 22.35797765903119], [-102.43051188306536, 22.357881371702316], [-102.43017730238992, 22.357966335475393], [-102.43007785538157, 22.35822881550457], [-102.4300713530946, 22.35858304824111], [-102.43011053648281, 22.35902602628891], [-102.43053239235927, 22.35934192313158], [-102.4309534220978, 22.359702944255236], [-102.43132715255433, 22.360063213592507], [-102.43165279682478, 22.360465600408926], [-102.43202735886977, 22.360780743214832], [-102.43249731261096, 22.36105451748693], [-102.43282457623474, 22.36136890815881], [-102.43295819276756, 22.36185626588668], [-102.43341498212739, 22.362881383552736], [-102.43345417591875, 22.363324361689127], [-102.43320023025798, 22.364205045737666], [-102.43304877686015, 22.364690137464454], [-102.43218726764827, 22.366910815154093], [-102.43171774091702, 22.36757140920534], [-102.43105733336205, 22.367955883415885], [-102.42832519043682, 22.369036414914877], [-102.42717304084142, 22.369505586642784], [-102.42621959601593, 22.369824441490785], [-102.42516453619956, 22.370324482426806], [-102.42411283390756, 22.370641759853587], [-102.42299789719024, 22.37086774637243], [-102.4223856232453, 22.371140103495375], [-102.42195664403349, 22.37137475543627], [-102.42140111431708, 22.371365899994927], [-102.42068298436455, 22.37132511005972], [-102.42039221454421, 22.37113766391645], [-102.42030243480453, 22.37070967756342], [-102.42004944993242, 22.370249748419727], [-102.41982584578724, 22.36997309668328], [-102.4196993425287, 22.369727333387356], [-102.41960727700274, 22.369423439947163], [-102.41938252754733, 22.369176109192747], [-102.41922217709325, 22.369022338586014], [-102.4189952471484, 22.368926184955374], [-102.41876661114252, 22.368922536728036], [-102.4185068912202, 22.368828116109533], [-102.41834600104461, 22.368703675821234], [-102.41808798869462, 22.368516748942373], [-102.41763238387477, 22.36841920034813], [-102.41743708067017, 22.368384485837502], [-102.41714686290234, 22.368167703743683], [-102.4166308443579, 22.367793846274495], [-102.41634175383366, 22.367516144676273], [-102.41625027993985, 22.367180662823362], [-102.41635691619584, 22.366694876008363], [-102.41639412141086, 22.366453982111583], [-102.41617111348415, 22.366145739203734], [-102.41597972985439, 22.365898937422056], [-102.41577336180738, 22.365773768564488], [-102.41531722635598, 22.36570554541884], [-102.414990352062, 22.36570032270304], [-102.41453701008831, 22.365480930009348], [-102.41408312770062, 22.365290867151224], [-102.41359816656298, 22.36501003046205], [-102.41317478314083, 22.364942325135083], [-102.41255439358906, 22.364932404182], [-102.41206100989841, 22.36510732086769], [-102.41163589431414, 22.365100519922613], [-102.41130962882713, 22.365095299611216], [-102.41091784568675, 22.365057433655302], [-102.41052550045872, 22.3650827507137], [-102.41026470894106, 22.36504697979322], [-102.40997338273974, 22.364891104438616], [-102.40971200721306, 22.364886919772758], [-102.40967307927131, 22.36522031619023], [-102.40962911987674, 22.365858312111303], [-102.40945694378574, 22.366311446776265], [-102.40912449409831, 22.366640142346107], [-102.40859663989087, 22.366907027930854], [-102.40787578446744, 22.36701509394805], [-102.4072875300676, 22.367005666961116], [-102.40666713427322, 22.366995722579368], [-102.40624481653325, 22.36683774054923], [-102.40592193598658, 22.366649755650876], [-102.40557189227833, 22.366127315662823], [-102.40528736746398, 22.365637522328495], [-102.40490119206518, 22.36529730930075], [-102.40451453712478, 22.36501576675764], [-102.40429097331743, 22.364739097075113], [-102.40419892374163, 22.364403601485357], [-102.40433669217023, 22.3640401968157], [-102.40427626033761, 22.36376614438122], [-102.40424916175046, 22.363461030371727], [-102.4042547685622, 22.36315869796274], [-102.40435639917186, 22.362977520906334], [-102.40442747909135, 22.362644642449368], [-102.40443312712831, 22.362340053754462], [-102.40427564681428, 22.362032848060018], [-102.39556858624108, 22.363493048786708], [-102.39251736229971, 22.364143531374424], [-102.39077865065107, 22.36451045076527], [-102.38865123672348, 22.36499971816271], [-102.38645298478123, 22.365481041322575], [-102.38399393909548, 22.365926520276297], [-102.38153657029154, 22.366281713475917], [-102.38109963597164, 22.366452931975626], [-102.38041722199709, 22.36661340370985], [-102.38015175241256, 22.366828019276788], [-102.3800153137784, 22.36711694342159], [-102.37972376587105, 22.367331135776652], [-102.3794591811145, 22.367498370465245], [-102.37937578122374, 22.367740759237744], [-102.37936804904078, 22.368153637591504], [-102.37925372703921, 22.36868665893798], [-102.37917093230858, 22.368929057296125], [-102.3790358415382, 22.36914578287686], [-102.37900338304954, 22.369486041229408], [-102.37905008562281, 22.369777931573417], [-102.37904053441179, 22.37028782479463], [-102.37903322289996, 22.370678141262665], [-102.37884005773782, 22.37120988428678], [-102.37875819026294, 22.37140264654966], [-102.37875497776601, 22.371574114996005], [-102.37874724228344, 22.371986992948774], [-102.37858760627418, 22.37215366933362], [-102.37853074392982, 22.372371662001132], [-102.37831783803531, 22.372564556807895], [-102.37810651051713, 22.37270556937331], [-102.37768166865276, 22.373039465591397], [-102.37749669929639, 22.37313351082759], [-102.37496706244237, 22.3741644734119], [-102.37462426755332, 22.374328172245445], [-102.37438756229635, 22.37439880530935], [-102.37399475679639, 22.374414996033284], [-102.3735236751618, 22.37443217141588], [-102.37323392380584, 22.374549334886442], [-102.37289234178446, 22.374616005350937], [-102.37257100272251, 22.375026043635827], [-102.37232933695412, 22.375360643147648], [-102.3721025413383, 22.37551719352796], [-102.37191667531091, 22.375658610828207], [-102.37183704207084, 22.375731792368175], [-102.37183386279703, 22.375901003618768], [-102.37183021719223, 22.376095032514577], [-102.37195374114647, 22.37646264787488], [-102.37194869672572, 22.376731129725], [-102.37181601590748, 22.376850842698506], [-102.37163286104149, 22.376847865892458], [-102.37137104720368, 22.376866178667154], [-102.37110825804463, 22.37693638242368], [-102.37089673480394, 22.37705481281425], [-102.37076302226346, 22.37719707641913], [-102.37073282999228, 22.377415498722584], [-102.37072689233628, 22.377731359374025], [-102.3707744688485, 22.377975871350387], [-102.37090224482874, 22.378149468498652], [-102.37092467612953, 22.378343921202717], [-102.37092056230424, 22.378562767521437], [-102.37081349090771, 22.378707721026377], [-102.37063033375965, 22.3787047428519], [-102.37010754763295, 22.378696241096332], [-102.3698964875656, 22.37878985221303], [-102.3697096813795, 22.378980901485576], [-102.36970509877484, 22.379224565170002], [-102.3696213886397, 22.37951433520258], [-102.36953660481686, 22.379828912874544], [-102.36950547601704, 22.38009696982688], [-102.36949860117296, 22.38046246523997], [-102.36941582326594, 22.38070259983989], [-102.36933300259163, 22.38094499050764], [-102.36919835067147, 22.381136887407326], [-102.36893283583329, 22.381351479882795], [-102.36874691613166, 22.38149514853094], [-102.36858679016113, 22.38168663023217], [-102.368402228327, 22.381758101852103], [-102.36813947120017, 22.38182604356883], [-102.36763956834014, 22.381987167793643], [-102.36737447438722, 22.382179195898622], [-102.3671899538869, 22.382248409866982], [-102.36692532617938, 22.382415619589406], [-102.36673944561863, 22.38255702943532], [-102.36655534926182, 22.38260368121166], [-102.36634399527082, 22.38274467562738], [-102.36626192118449, 22.382914857742488], [-102.36625873403739, 22.383084068082816], [-102.36638561560221, 22.38330504751372], [-102.36638009134697, 22.38359834544958], [-102.36621935316032, 22.383789814334072], [-102.36600781546291, 22.383908236832973], [-102.36587376247459, 22.384100140063836], [-102.36579032668166, 22.38434251815537], [-102.36562972568929, 22.38455881365884], [-102.36534041498922, 22.38465114268269], [-102.36497225843844, 22.384742186044672], [-102.36474954611288, 22.38487396550813], [-102.36464203794398, 22.38504147508106], [-102.3645829891372, 22.385406118536938], [-102.36449772138216, 22.38574550939357], [-102.36433941342493, 22.385839972016914], [-102.36416105742887, 22.385839320860303], [-102.36394071380566, 22.38581315975773], [-102.36372044446352, 22.385750890352096], [-102.36342802181139, 22.385621995950324], [-102.36330575185978, 22.385574865246387], [-102.36323410907033, 22.385481166879146], [-102.36305079496908, 22.38542175620068], [-102.36285364872033, 22.38545239269368], [-102.36275390525336, 22.385529754443464], [-102.36260435368933, 22.38564241273567], [-102.3624078455318, 22.38563920669165], [-102.36222346753995, 22.385636198334932], [-102.3620631049708, 22.385678718131015], [-102.36197587421422, 22.385735972114134], [-102.36177745022074, 22.3858342910959], [-102.36161751309305, 22.385854249126908], [-102.36145675653576, 22.3858854777374], [-102.36133270917479, 22.385964698656704], [-102.36116046106193, 22.38596188704121], [-102.36102602935905, 22.385948408464067], [-102.36086765757582, 22.385853293337227], [-102.36065791188068, 22.385908546409695], [-102.36043504604015, 22.385983896366685], [-102.36024739791151, 22.38618620309274], [-102.36021844152275, 22.38640238512209], [-102.36026279760637, 22.386655873454046], [-102.3602684526163, 22.386999002669818], [-102.36026372394461, 22.387249432633524], [-102.36016069740123, 22.387500514171425], [-102.36010769282287, 22.38770501928732], [-102.35999538991724, 22.38780474216095], [-102.35991744258038, 22.38804494894593], [-102.3597900162202, 22.388270806588984], [-102.35961387477673, 22.388570343428135], [-102.35955412179813, 22.388810847132735], [-102.35942233357456, 22.388946360314403], [-102.35919741637112, 22.38913000192668], [-102.35901202102045, 22.389212732048232], [-102.35877116660004, 22.389276501177502], [-102.3585676081917, 22.389325081677747], [-102.35830790865941, 22.3893907989399], [-102.35808683660552, 22.389402983485123], [-102.35782973811493, 22.389331076573843], [-102.35771935141423, 22.389329272138117], [-102.35751775459232, 22.38927406974145], [-102.35742718429547, 22.389186830010054], [-102.35729991501424, 22.389083192517205], [-102.35713825959486, 22.388872922320964], [-102.35695417673102, 22.388854114711574], [-102.35678923727117, 22.388817565403418], [-102.35662305145415, 22.388814847796656], [-102.35640296175809, 22.388775139389246], [-102.35618320443928, 22.388685786179725], [-102.35300642776565, 22.388721811309182], [-102.35275126500163, 22.388579967149013], [-102.3525856865252, 22.388577255354598], [-102.35240258804116, 22.388506552097304], [-102.35211042905065, 22.38836410102699], [-102.35185364389726, 22.388307987780934], [-102.35154135903974, 22.388235167147887], [-102.35128359124869, 22.388230943550038], [-102.35104367687262, 22.388245066589977], [-102.35094892180015, 22.388378922302007], [-102.3508897956995, 22.38858557974455], [-102.3508868883502, 22.388738995104298], [-102.35097548719884, 22.388930019068358], [-102.35104532701983, 22.38911847876752], [-102.35095052850689, 22.389254590518522], [-102.35080087880176, 22.389371748740512], [-102.35066968880984, 22.389507263836645], [-102.35063008280225, 22.389644279977308], [-102.35051614713764, 22.389829727506378], [-102.3504265652732, 22.390042655843054], [-102.35037655465501, 22.390152419629537], [-102.35025649468945, 22.39027683270081], [-102.35010191328966, 22.390430018198686], [-102.3499982289248, 22.390554699508073], [-102.34992885181858, 22.390661888777732], [-102.34979005449132, 22.390878523298408], [-102.34965271123407, 22.391018450072607], [-102.34951331412935, 22.391266669741384], [-102.34947730269384, 22.391406001197073], [-102.34947400833225, 22.391579721271018], [-102.34938644950803, 22.391749802631672], [-102.34921399158054, 22.39198168208388], [-102.34902514192432, 22.392150101877213], [-102.34888899483985, 22.39222685688554], [-102.34838406360399, 22.392234371235798], [-102.34787852596278, 22.39224187404868], [-102.3472040809702, 22.392293995840863], [-102.34679837742385, 22.392379865153085], [-102.34649452056546, 22.392438067142294], [-102.34623949923801, 22.39254446325689], [-102.34605155196755, 22.392697096410295], [-102.3459461124881, 22.39294586992325], [-102.34587463164658, 22.393163605798684], [-102.34587103260137, 22.39335311801056], [-102.34586747636394, 22.39354037411977], [-102.34586481987282, 22.393680252174068], [-102.34574414634248, 22.39380465119571], [-102.34557523660095, 22.393849269818272], [-102.34542214608133, 22.39392348650541], [-102.34526811255361, 22.394047337152582], [-102.34511618538647, 22.394092234224075], [-102.34496455170843, 22.39408974316538], [-102.3447631757982, 22.39405483951782], [-102.34468066791494, 22.39395869831961], [-102.34463182594968, 22.393878907837514], [-102.34454867523057, 22.3938166080169], [-102.34449983338583, 22.393736817505772], [-102.34439854239473, 22.393735153133257], [-102.34428087502783, 22.393733219591052], [-102.34414592463527, 22.393746799537265], [-102.34394424938449, 22.39372768759375], [-102.34379381689324, 22.393662024847576], [-102.3436091247589, 22.393643191625056], [-102.3433901667062, 22.393639592518653], [-102.3432042737973, 22.393683929439558], [-102.34313514732393, 22.39377757853963], [-102.34311520490266, 22.393932969728763], [-102.3430607020597, 22.39415098305703], [-102.34299067444786, 22.394292009994977], [-102.34285336417942, 22.39442967385221], [-102.34269943891543, 22.394451967724578], [-102.34255943284285, 22.394539937437074], [-102.34245888844565, 22.39459470399334], [-102.34227017591093, 22.39462770935671], [-102.34210207392097, 22.394597863175058], [-102.34195523212445, 22.394502919418677], [-102.34184867354004, 22.39436350221302], [-102.34171231490578, 22.39425970351084], [-102.34153506692863, 22.394200367999044], [-102.34138706147098, 22.39413474298365], [-102.34122132671159, 22.394012406286535], [-102.34108277417833, 22.393992072434777], [-102.34086575887129, 22.393950136312366], [-102.34062920042741, 22.39388305358123], [-102.34048133006641, 22.393842254753064], [-102.3403440230255, 22.393756493756374], [-102.34024592595672, 22.393682661932345], [-102.34001100011044, 22.393529847061515], [-102.3398267978795, 22.39332596055767], [-102.3397007046085, 22.39319299099947], [-102.33959397750942, 22.393062596946887], [-102.33959642545949, 22.39293400002757], [-102.33962893675235, 22.39278784363279], [-102.3396517864932, 22.392639271394934], [-102.33965509322776, 22.392465552731736], [-102.33960784899065, 22.39233388104039], [-102.33953101400122, 22.392194951864532], [-102.33929570483116, 22.392062441022198], [-102.33911807429568, 22.392023407985292], [-102.33887001162748, 22.392050918875547], [-102.33851530198075, 22.392166944893436], [-102.33836503321592, 22.392284080245236], [-102.33817715971553, 22.392400596101258], [-102.33798856032463, 22.392587060284313], [-102.33783764118178, 22.39270644114581], [-102.33768603900126, 22.392893514315745], [-102.33758963032625, 22.39308149655873], [-102.33754867805295, 22.39328844664682], [-102.33756387008225, 22.393478267324454], [-102.33770447990723, 22.393645329403558], [-102.3378458255193, 22.393805633132406], [-102.33791572001229, 22.393894799302217], [-102.33795017795707, 22.393996922486185], [-102.33797129713744, 22.394130421023473], [-102.33800519160589, 22.394230278128838], [-102.33807586481801, 22.394310429913958], [-102.33816997801924, 22.39440225170851], [-102.33822834886229, 22.39449122797268], [-102.33825046161267, 22.394604431738976], [-102.3382106747782, 22.39478206291971], [-102.33810017617505, 22.39491339353817], [-102.33799032200915, 22.39501088281706], [-102.33783444246909, 22.39500831503874], [-102.33760699181906, 22.395004568011416], [-102.33740255128528, 22.395035051629353], [-102.33716236343892, 22.395031094113143], [-102.33688635171278, 22.395060397733875], [-102.33666870538781, 22.395147082503332], [-102.33645153184084, 22.39520895007327], [-102.33621134388217, 22.395204991115506], [-102.3360196787821, 22.39520183169176], [-102.33580332219437, 22.395220832856445], [-102.33561208729093, 22.395195112163425], [-102.33548821226223, 22.395105055054447], [-102.33533465599338, 22.394980656647938], [-102.33519327368687, 22.394854202072878], [-102.33497902587332, 22.394762654384483], [-102.3347513999039, 22.39473633260795], [-102.33442811816985, 22.39473100063562], [-102.33410423000142, 22.394725658012742], [-102.3337682112936, 22.394720114607328], [-102.33349499828356, 22.394602767566568], [-102.33328247426404, 22.39442097479689], [-102.33310573604032, 22.394239772336103], [-102.3327861121771, 22.39401107590406], [-102.3325835674746, 22.39394228624178], [-102.33232101984056, 22.39387024911009], [-102.3320088340615, 22.39388766344315], [-102.33181566383647, 22.393963461724997], [-102.33166808298262, 22.394161878751476], [-102.33150798338997, 22.394380399935503], [-102.3313480556071, 22.394589896623863], [-102.3311389187797, 22.394866283899237], [-102.33050914112287, 22.395469726465972], [-102.32952488537468, 22.396112444168473], [-102.32920842583836, 22.39635320312645], [-102.32889239650142, 22.396571400695088], [-102.32858854010533, 22.396787542020274], [-102.3282143596073, 22.396905478529618], [-102.3278649147079, 22.396998998606495], [-102.32755762510742, 22.397109012501616], [-102.32730465993589, 22.397170275220194], [-102.32713664856583, 22.397167496253754], [-102.3269560339961, 22.397220928025767], [-102.32688152513904, 22.39734156136772], [-102.32679523290437, 22.39747554038262], [-102.32662640109695, 22.397515626012893], [-102.32642238768162, 22.397523534513976], [-102.32628053713773, 22.39742188937072], [-102.32619942281808, 22.39725354587472], [-102.32619009819621, 22.397106701221794], [-102.32602416151421, 22.397027225096437], [-102.32579610323808, 22.397023451100004], [-102.32555652079304, 22.39701948605053], [-102.32532591467917, 22.397148818868654], [-102.32510635919937, 22.39733475358075], [-102.3249711121493, 22.39752208364818], [-102.32485930382502, 22.397721085470504], [-102.32473579630015, 22.39789732576468], [-102.32455241360536, 22.398063547479513], [-102.32437205639286, 22.39810343980338], [-102.32425343007111, 22.398024745231144], [-102.32414784204025, 22.39789887428376], [-102.32405928380429, 22.39783421814019], [-102.32393918878071, 22.397832229282727], [-102.32375731934023, 22.397951082884983], [-102.32369532717654, 22.398051610851905], [-102.32372705104865, 22.398264272787074], [-102.32372385321742, 22.398431220897606], [-102.32361290666364, 22.398585100485374], [-102.32348150280399, 22.39857164006566], [-102.3233158242053, 22.398447030006196], [-102.32310227229854, 22.398319369940378], [-102.32293317945867, 22.39837298782475], [-102.32281027554117, 22.398549236387375], [-102.3226980310025, 22.398770796843554], [-102.3225161580894, 22.39885805401673], [-102.32234836153675, 22.398843989612402], [-102.32206258934787, 22.398748982920733], [-102.3217161211393, 22.398686821236645], [-102.321429267508, 22.39861662000634], [-102.32113362174378, 22.398625259398745], [-102.32078416939792, 22.398718763241952], [-102.32055416237336, 22.398816503815763], [-102.32027455131332, 22.39903303001829], [-102.32010182179728, 22.399276152828158], [-102.31998957245649, 22.399497710904527], [-102.31981684181162, 22.399740833291958], [-102.31959727537163, 22.399926759338765], [-102.31927186447453, 22.400031942193603], [-102.31884953576298, 22.400160340538545], [-102.31852351736016, 22.400265511708046], [-102.31822301638053, 22.400305659571416], [-102.31798390601946, 22.400245271572896], [-102.317841020413, 22.400197764433937], [-102.31763700381943, 22.400205661394605], [-102.31749086951216, 22.400327357224683], [-102.31733286391132, 22.40043531522043], [-102.31729348176115, 22.40059037793507], [-102.31719292464386, 22.400834695344006], [-102.31704596605434, 22.40099925546741], [-102.31658676345229, 22.401088670199236], [-102.31616001124468, 22.401131230642502], [-102.31587865924176, 22.401027259345664], [-102.31548994840566, 22.400921503833732], [-102.31531344288508, 22.400886976421155], [-102.31161182990839, 22.402425465891685], [-102.31895561653305, 22.414862655083862], [-102.33114458977154, 22.435420666674812], [-102.34097648298517, 22.452025896525274], [-102.327051425275, 22.45448803588656], [-102.3101589258106, 22.457364345004486], [-102.29831001258928, 22.459395899622432], [-102.29310221685728, 22.43366544027674], [-102.29034605310471, 22.41990283683222], [-102.29002829207478, 22.419798208002724], [-102.2897293872625, 22.419660044279354], [-102.28939814716547, 22.419374650324354], [-102.28913504113984, 22.41920549250028], [-102.2888927196482, 22.41890353676193], [-102.28872010893998, 22.41863660211396], [-102.2886376349262, 22.41832153307276], [-102.28867693082641, 22.41814165527297], [-102.28871500649018, 22.417993351052885], [-102.28864946703472, 22.41771241718919], [-102.28861941089347, 22.41744787618027], [-102.28837557323779, 22.417161691540105], [-102.28818501620033, 22.416944103009254], [-102.28801175148078, 22.416711007679933], [-102.28796314080094, 22.4164958028622], [-102.28780781907852, 22.41624495497034], [-102.28758051023696, 22.416076396435294], [-102.28738833382029, 22.415942278579728], [-102.2871597545934, 22.415839143042117], [-102.28699768298505, 22.415935715848914], [-102.28687073565446, 22.416098323460286], [-102.28672528301357, 22.41627641703794], [-102.28647235890871, 22.41652040605034], [-102.2862901508179, 22.416747529282905], [-102.28602249859127, 22.416968702753994], [-102.28575584075435, 22.417013868497154], [-102.28540290751033, 22.416908640120326], [-102.28515770235074, 22.41675557448183], [-102.28492948262057, 22.41660279410426], [-102.28470187001004, 22.416450023650935], [-102.2843677516671, 22.416313515542527], [-102.28410338517044, 22.416209773958336], [-102.28376865354414, 22.416104848387814], [-102.28338054982375, 22.415967430286674], [-102.28299502946341, 22.415728502666678], [-102.28275171752679, 22.415478426916824], [-102.28259863809691, 22.415144114182546], [-102.28251582811878, 22.414847091259876], [-102.28236245062254, 22.41449697637777], [-102.28217542045263, 22.414098904076177], [-102.28202005973772, 22.413881901653756], [-102.28172051769684, 22.4137775646378], [-102.28118696655822, 22.413818230600633], [-102.28083078562184, 22.41391152901942], [-102.28042031025544, 22.414019709255907], [-102.28002609808699, 22.41422745754969], [-102.27957977974498, 22.414368882444858], [-102.27922492464629, 22.414362904247188], [-102.27888923474345, 22.414307600620578], [-102.2784285878602, 22.414250190483912], [-102.27797231958387, 22.41418608274277], [-102.27763724678177, 22.41409919308743], [-102.27746242019266, 22.413947303192636], [-102.27716772225159, 22.41359480195485], [-102.27704688284014, 22.41344382192052], [-102.27696220300395, 22.41321221010079], [-102.27678860086391, 22.413028746377428], [-102.27629858734423, 22.41267295027397], [-102.27589739140929, 22.41233670465813], [-102.2756030088292, 22.411968409497476], [-102.27550206200674, 22.411668821609336], [-102.27517571429199, 22.41113524721583], [-102.27486660725037, 22.41062001686956], [-102.27462403356004, 22.4103022420022], [-102.27434724876132, 22.409934242048738], [-102.27391063012584, 22.409579341036178], [-102.2735631346963, 22.40922820014194], [-102.27323073053981, 22.408974351586807], [-102.27287879880727, 22.40881946760605], [-102.27243923526497, 22.40861571241088], [-102.2720166359528, 22.408475430243808], [-102.2715592308006, 22.408253317905253], [-102.27092465748414, 22.408062061587692], [-102.27039530766362, 22.40791997177082], [-102.26945007083818, 22.407667042326405], [-102.26895753706654, 22.40744207260637], [-102.26846653819095, 22.407169736846587], [-102.26792155824356, 22.406896486733814], [-102.26753635674048, 22.406643991376203], [-102.26725831806041, 22.406341404190236], [-102.26713878725546, 22.406093402300463], [-102.26711106781687, 22.40571155197787], [-102.26697849481536, 22.40523088985223], [-102.2668078294595, 22.40489852500281], [-102.26656462172468, 22.404614579847696], [-102.2662667473701, 22.404426747146296], [-102.2659681673117, 22.40427500910598], [-102.26583988108679, 22.40416451664406], [-102.26575363457769, 22.404014115165587], [-102.26561844995722, 22.403698146747058], [-102.26548460258539, 22.403282906407426], [-102.2654018901392, 22.402952029202535], [-102.26539207368708, 22.40255468510338], [-102.26538026979068, 22.402258858534058], [-102.26537076236299, 22.40184572279625], [-102.2653084987903, 22.401400100370594], [-102.26517271054448, 22.401084121575888], [-102.26498354876739, 22.400767239198], [-102.26482986341534, 22.400466754091514], [-102.26469341440793, 22.40018461423071], [-102.26448697491546, 22.399851642084737], [-102.264299085284, 22.399500930291246], [-102.26409167569821, 22.39921758857443], [-102.26386345275058, 22.399098632683856], [-102.26363589299025, 22.398945837363136], [-102.263353016175, 22.398891399256513], [-102.26292755237338, 22.39886839569138], [-102.26255453382996, 22.39889367004405], [-102.26234001175074, 22.398973532945703], [-102.26203698252274, 22.399049639080534], [-102.26177035641334, 22.399094767908686], [-102.2615926476231, 22.399091756153812], [-102.26124565812022, 22.39902720102809], [-102.26101774794587, 22.398892449817847], [-102.26082663976806, 22.39870641840733], [-102.26072471474852, 22.398458711532612], [-102.26051864125677, 22.39810768795177], [-102.26029882851297, 22.397560099451734], [-102.26018222321355, 22.39719479572239], [-102.26004614039752, 22.396894605597755], [-102.26005034300347, 22.396680291601594], [-102.26010567452303, 22.396550341966044], [-102.26019836922795, 22.396371378691157], [-102.26030711682972, 22.396240077944842], [-102.26045067472319, 22.396159014395543], [-102.26057823613003, 22.395996438759642], [-102.2606179243039, 22.395766929412364], [-102.26062570808598, 22.39536988428438], [-102.26050619678075, 22.39512187930352], [-102.26035058030294, 22.39492065260311], [-102.26017604896234, 22.39478680572218], [-102.25993316797187, 22.394518655216274], [-102.25969065464342, 22.394200863535747], [-102.25946505411414, 22.393948802302102], [-102.2592563789335, 22.393730878158728], [-102.25892495410244, 22.393461224733112], [-102.25871499718558, 22.393308722159865], [-102.2584702316103, 22.393105981773402], [-102.25827714259066, 22.39302146541604], [-102.25804831540763, 22.39293408581145], [-102.25764077011299, 22.39289557707572], [-102.25719875741726, 22.392820375415475], [-102.25682863393524, 22.392699002492467], [-102.25647609921127, 22.392577927360517], [-102.25614468289274, 22.39230826900556], [-102.25594064931926, 22.392194227363586], [-102.25569778113838, 22.391926071677066], [-102.25549265907351, 22.39152766914024], [-102.25532238987371, 22.391177248629873], [-102.25525918500351, 22.39078125594671], [-102.25526662766725, 22.39040225979791], [-102.25534440721609, 22.39005605162665], [-102.25545700721626, 22.38972848811138], [-102.25551750818542, 22.389366189587015], [-102.25555884024692, 22.38905321253712], [-102.2555480738391, 22.388705500612907], [-102.25548615311772, 22.388244085974033], [-102.25533506900409, 22.387812750883995], [-102.25516125994626, 22.387642804968902], [-102.25491646483634, 22.38744231651304], [-102.25458182866208, 22.387337339155387], [-102.25427979771901, 22.38736380250481], [-102.25404672840342, 22.387492987454397], [-102.2539012713169, 22.387671050797433], [-102.25386030490066, 22.38793438642895], [-102.25385414459389, 22.388247960349517], [-102.253883100821, 22.388595981089114], [-102.25389452789223, 22.388909853801337], [-102.2538359732673, 22.389172890538685], [-102.25362084257655, 22.38928432590969], [-102.25342647666618, 22.389265226405914], [-102.25309189629493, 22.389126396461208], [-102.2528461125026, 22.38900712855662], [-102.25241498672196, 22.38884183289115], [-102.25208361718252, 22.388601505089518], [-102.2518577733892, 22.388362970899458], [-102.2516328319523, 22.38804772476195], [-102.25151226230253, 22.387792926763918], [-102.25138997765545, 22.387594516474124], [-102.25116218471845, 22.387455242163117], [-102.25093152321772, 22.387431009288818], [-102.25072053500111, 22.387486094380712], [-102.25055214661285, 22.38750354030809], [-102.25040462927174, 22.38753939449547], [-102.25017417495754, 22.387535474141263], [-102.25000773920745, 22.387453658991003], [-102.24985931987362, 22.38738117691726], [-102.24965229705668, 22.387111366857056], [-102.24944981594261, 22.386857430596734], [-102.24931135334892, 22.38661812359584], [-102.24912617996296, 22.38631709138629], [-102.24901836602663, 22.38612343926757], [-102.24898976044965, 22.38597401193807], [-102.2489935337996, 22.385782258835015], [-102.24907821689052, 22.385517412390527], [-102.24926049389595, 22.385163959602973], [-102.24945618522739, 22.38493033855007], [-102.24965214216068, 22.38468318166545], [-102.24976639086165, 22.384549724873622], [-102.249884056182, 22.384242562061257], [-102.24993983408872, 22.383812485821885], [-102.24994449317246, 22.383575614088073], [-102.24998071671152, 22.38336861607884], [-102.24993600265844, 22.383205374764035], [-102.24984340960428, 22.383070655746135], [-102.24986472350186, 22.382788933806175]]]}}, {"type": "Feature", "properties": {"AREA": 353534000.0, "PERIMETER": 163903.0, "MUNAGS84_": 3.0, "MUNAGS84_I": 3.0, "NOMBRE": "RINCON DE ROMOS", "SUP": "353.533 Km²", "AREA_KM2": 353.534006453, "edo": "01", "Shape_Leng": 163902.504145, "Shape_Area": 353534006.453, "NOM_MUNIC": "Rincón de Romos"}, "geometry": {"type": "Polygon", "coordinates": [[[-102.18084734185526, 22.350459256608637], [-102.18098781436417, 22.34995848413404], [-102.18213846895017, 22.345970816548256], [-102.18226134045725, 22.3456209272061], [-102.18251600492228, 22.345201120739457], [-102.18310750502792, 22.344376475619796], [-102.18379983792167, 22.343422699378973], [-102.18412558695672, 22.34296576401905], [-102.18609411471618, 22.334540005837436], [-102.18725754286031, 22.329537023739107], [-102.18822320695851, 22.32565212345957], [-102.18840329870945, 22.324926366221593], [-102.18852576814241, 22.324443321833314], [-102.18894885709561, 22.32339231630533], [-102.19096453345064, 22.31802721543353], [-102.19379008860972, 22.31754135888147], [-102.20108199419475, 22.3164127992406], [-102.20824633199481, 22.315261392788035], [-102.21319388071323, 22.314504826969657], [-102.21339122639039, 22.312231269517373], [-102.2134986610067, 22.31057674161605], [-102.2137189079604, 22.306904457078552], [-102.21407996332252, 22.30236803831144], [-102.21436536799676, 22.299136913100448], [-102.21461548054046, 22.294413535498084], [-102.21610665683842, 22.29454520366897], [-102.222521663616, 22.295357023268437], [-102.22785135944214, 22.296025927814938], [-102.23233442526136, 22.296589946005163], [-102.23256155831598, 22.296693116065065], [-102.23324354602677, 22.29678825069729], [-102.2389197457835, 22.29747850787222], [-102.23895124665847, 22.297418113908996], [-102.23898475808265, 22.297317133936463], [-102.23902251188771, 22.29721622618699], [-102.2390760530998, 22.297052400192918], [-102.23914993483119, 22.296717412803403], [-102.23921488776796, 22.29640484012671], [-102.23924539837405, 22.296148098023373], [-102.23924970045948, 22.295929273272442], [-102.23923752078161, 22.29568534443409], [-102.23916606591155, 22.295465229925128], [-102.23915228968224, 22.29530251439793], [-102.23911388702699, 22.29512809620052], [-102.23911725772727, 22.29495664587835], [-102.2391288026685, 22.294801131481403], [-102.23916444172605, 22.294684390841883], [-102.23922753053645, 22.2944665668699], [-102.23935913231509, 22.294186722107092], [-102.239490866544, 22.29390010939651], [-102.2395703472615, 22.293711901080368], [-102.23963250371274, 22.293541451279502], [-102.23976255183949, 22.293340563434594], [-102.23988441064014, 22.293155332846823], [-102.23998749682174, 22.293030713070383], [-102.24007386496712, 22.292923862163214], [-102.24017695080029, 22.29279924222868], [-102.24026225478308, 22.29274653346365], [-102.24033951735933, 22.29267112098895], [-102.24039954469076, 22.292608955296636], [-102.24042545626128, 22.29255523581408], [-102.24057078718897, 22.292440361120274], [-102.24071536444809, 22.292363837065032], [-102.2408515899226, 22.29228040073014], [-102.24102932192511, 22.292213467148194], [-102.24116466084617, 22.29217514911416], [-102.24138468258566, 22.292115704541473], [-102.2415364730802, 22.2920731526402], [-102.24166406614545, 22.292027932366512], [-102.24177334499517, 22.291989170572705], [-102.2418244739691, 22.291978756684433], [-102.24200699322688, 22.291853229558928], [-102.24219725780998, 22.291734603956442], [-102.24243797030242, 22.291578472195877], [-102.24266007457868, 22.291505521051857], [-102.2428906632074, 22.291432713813727], [-102.24308447688576, 22.291411184906135], [-102.24341249090683, 22.29137839661462], [-102.24367580517584, 22.29130614441758], [-102.24397895766768, 22.29130452605727], [-102.24432320172737, 22.2912787817369], [-102.24452681747802, 22.291313834820247], [-102.24462455337881, 22.29133806215678], [-102.24485124693052, 22.291463774467417], [-102.24506188753686, 22.291573416989028], [-102.24526372080078, 22.291730300147695], [-102.24556227349905, 22.291963296507685], [-102.24559736643468, 22.291997742850544], [-102.24565414423213, 22.292039327530595], [-102.24571750006702, 22.2920855372854], [-102.24578466915983, 22.292122785015877], [-102.24587109899215, 22.2921671298723], [-102.24594268742206, 22.292195425830258], [-102.24599483822672, 22.292225648381386], [-102.24602474234177, 22.29224646639172], [-102.24604693159021, 22.29228972029797], [-102.24606093262949, 22.292348631994507], [-102.24608662547266, 22.29239871546163], [-102.24612712882247, 22.292435510269993], [-102.24617205144241, 22.29246335334701], [-102.24622065458695, 22.292489002216627], [-102.24632649144115, 22.292502082713384], [-102.24637216602466, 22.292491574764103], [-102.24641823865878, 22.292460763341953], [-102.24646546118952, 22.29237129746377], [-102.24649731139714, 22.292292854032482], [-102.24652525993962, 22.292227884496565], [-102.2465455952294, 22.292149245552913], [-102.24658111271299, 22.292100201341366], [-102.2466428227356, 22.292044831714264], [-102.24669306210053, 22.291987010636902], [-102.24673620578896, 22.291920042317216], [-102.24675986760677, 22.291857256642224], [-102.24676907281125, 22.291789712165397], [-102.24678923099236, 22.291720096930433], [-102.24682480553028, 22.291637203241862], [-102.24683800068715, 22.291551672953947], [-102.2468464228979, 22.291493141940933], [-102.24688168779942, 22.291426039816148], [-102.2468824395167, 22.291387688817462], [-102.24688401836595, 22.291338068400478], [-102.24689340032086, 22.291261500138628], [-102.24686407894252, 22.291087237147718], [-102.24683391746284, 22.29095583703722], [-102.24675537439214, 22.290787508568158], [-102.24664485719781, 22.290580273529528], [-102.24652659449158, 22.290366136872688], [-102.24643292733238, 22.29013436418459], [-102.24634200725163, 22.28985524758416], [-102.24632290078367, 22.28968567135803], [-102.24632218334762, 22.289536717549883], [-102.24636643187682, 22.28941335073612], [-102.24644186633866, 22.289245379499096], [-102.24651715490116, 22.28911576949123], [-102.24662419101706, 22.288943821210356], [-102.24676878773515, 22.28880410408438], [-102.24688892191878, 22.28867525505695], [-102.24703662374847, 22.288562670656276], [-102.24718700183192, 22.28846818506104], [-102.24737607714054, 22.28837886939419], [-102.24749426552148, 22.288349281314666], [-102.24761114063006, 22.28835577795372], [-102.24775437163585, 22.28837851856642], [-102.24794236045489, 22.28840653183837], [-102.24807313014522, 22.288415520586682], [-102.24826099918062, 22.288418707829006], [-102.24856326267766, 22.2884621991522], [-102.24877496288599, 22.288517694028368], [-102.24911646141518, 22.288631807386984], [-102.24941682641608, 22.288772302893072], [-102.24967713026203, 22.288853444512657], [-102.24975352213227, 22.288884076858267], [-102.24982086772322, 22.288912299091987], [-102.24987756975382, 22.288926800660974], [-102.2499464807727, 22.288936995816748], [-102.25001193226277, 22.288938105504716], [-102.25008496527829, 22.288923546825288], [-102.25011835344215, 22.288890262425117], [-102.25016395055204, 22.288852671603994], [-102.25018094386684, 22.288789772184952], [-102.25019101806241, 22.28870870188915], [-102.25020415435691, 22.28865702056071], [-102.25021715816266, 22.28861210707461], [-102.25022338752636, 22.288510661320736], [-102.25022957271413, 22.28841147151289], [-102.25023080914616, 22.288348304960333], [-102.25023965901136, 22.288298807654684], [-102.25024864134141, 22.288242542502545], [-102.25027008533198, 22.28820002878286], [-102.2502708801616, 22.288159421710986], [-102.25024818450784, 22.2880800525764], [-102.25023747697097, 22.28800765675659], [-102.25019781256493, 22.28792799995961], [-102.25015818016954, 22.28787768075859], [-102.25011097855561, 22.287811436352158], [-102.25004396693616, 22.287704235550553], [-102.24994058634793, 22.287503893576854], [-102.24972758908291, 22.287112130548795], [-102.24951208774047, 22.286817362806552], [-102.24929489648102, 22.286639914381794], [-102.24883385757768, 22.286377089214426], [-102.24846155188824, 22.2861338215518], [-102.24811346307409, 22.2859541514008], [-102.24778966010594, 22.285772635913506], [-102.24758659398817, 22.28567892281569], [-102.24731112834323, 22.28553659040213], [-102.24717367665201, 22.285466557153708], [-102.2471021296184, 22.285343481575815], [-102.24705587133053, 22.28519826819925], [-102.24704721738142, 22.28508302998321], [-102.24705538640288, 22.285006441040203], [-102.2470790465553, 22.28494365513872], [-102.24714829028682, 22.284874872683808], [-102.24723546191774, 22.28478834086059], [-102.24735077520342, 22.284688746329277], [-102.24746582316077, 22.28460268736282], [-102.24759226531026, 22.28449199798562], [-102.24771369505658, 22.284358656509728], [-102.24776882950867, 22.28417454294553], [-102.24780103640597, 22.283953933273725], [-102.24784023116425, 22.283686051539952], [-102.24787028498699, 22.283327746919397], [-102.24785981197206, 22.282995835119458], [-102.24785839126724, 22.282758858058884], [-102.24785110626789, 22.28257368549674], [-102.24785450839693, 22.2823999776994], [-102.24788002330044, 22.282242441870583], [-102.24790491958117, 22.282116489268024], [-102.24791274686514, 22.282026354238567], [-102.24791451412145, 22.281936116411515], [-102.24791623718764, 22.281848134529064], [-102.2479007271493, 22.28177340049429], [-102.24787295203711, 22.28173682222376], [-102.24780047804104, 22.281661121891982], [-102.24768369037214, 22.28155758945853], [-102.24759835803484, 22.281488441005553], [-102.24750554548072, 22.28139885535936], [-102.24731260456485, 22.281221816508154], [-102.24710303706779, 22.2810580355215], [-102.24690165738483, 22.280878596379583], [-102.24678220739625, 22.280725370958248], [-102.24677890632115, 22.280646330656648], [-102.2467892465002, 22.28055172497687], [-102.24679229603171, 22.28039606484378], [-102.24679490358076, 22.280262964147592], [-102.24682204744828, 22.280146076655548], [-102.24694102423395, 22.280075881264285], [-102.24708540839455, 22.280008373554963], [-102.24725568597222, 22.27991873806193], [-102.24743251570565, 22.2798969143731], [-102.24768412244372, 22.279926006248477], [-102.2477046378218, 22.27993086764263], [-102.24786788984888, 22.2799832841055], [-102.2481803432701, 22.280155579143102], [-102.24841224441522, 22.28032425088731], [-102.2487781420496, 22.280646393210546], [-102.24901655371582, 22.280885132210315], [-102.2493039317785, 22.281099877428545], [-102.24949669104917, 22.281193413219665], [-102.24966609366338, 22.281241418915343], [-102.24980365544225, 22.28124375076001], [-102.25002286258753, 22.281224899373594], [-102.25018581208346, 22.281168987040992], [-102.2503253160491, 22.281072056616264], [-102.25048215281599, 22.280925772410782], [-102.2505745006148, 22.280760341627808], [-102.25073063063184, 22.280650152337113], [-102.25094192659265, 22.28060182846829], [-102.25118524025164, 22.28059015395211], [-102.25146049527001, 22.28058804696368], [-102.25167124992318, 22.280598387156346], [-102.25188183978916, 22.280586157277867], [-102.25213360491124, 22.280545287358404], [-102.25245926896247, 22.28047633133454], [-102.25275982228884, 22.280420489664795], [-102.25310259740661, 22.280313458076233], [-102.25339597773805, 22.28022138648754], [-102.25355153207921, 22.280140521626866], [-102.2536423769438, 22.28005179120382], [-102.25368519407866, 22.27990808692295], [-102.25368154821676, 22.279691381685517], [-102.25365520552126, 22.27939530765881], [-102.25359666831575, 22.27907160826219], [-102.2534769934755, 22.278557310929077], [-102.25331614504843, 22.27807165374942], [-102.25314086458202, 22.277518051081035], [-102.2529500717188, 22.277013833170397], [-102.25282674064404, 22.27668678005228], [-102.25276735675017, 22.276437537390464], [-102.25274665617917, 22.27622505686447], [-102.25273513348581, 22.27600821830903], [-102.25276175348948, 22.275886807011563], [-102.25282088701752, 22.275745635798714], [-102.25293614453894, 22.275648291998092], [-102.25314029288002, 22.275593073429103], [-102.25332650398103, 22.27558719847424], [-102.25360130881214, 22.275607646434196], [-102.25387658753878, 22.2756348720671], [-102.25403869188948, 22.275621818236], [-102.25412030039519, 22.27557129492653], [-102.25422825212804, 22.275444489330184], [-102.25431355093372, 22.27523605898216], [-102.25435785259049, 22.275047245286363], [-102.25446097707109, 22.27473305124552], [-102.25462048964921, 22.274449148194353], [-102.2548969744608, 22.27397991694824], [-102.2552414231331, 22.27335160832657], [-102.25549089024173, 22.273024091288317], [-102.25556011140512, 22.272862778924967], [-102.25561180343712, 22.272698913394297], [-102.25563943289396, 22.272525614117313], [-102.25565055858453, 22.272390399789078], [-102.25564559798612, 22.27220977929426], [-102.25558371040073, 22.27205753339197], [-102.25544431271, 22.27174600723994], [-102.25522952453092, 22.271539271306846], [-102.25491285713446, 22.271179612687522], [-102.25451411212015, 22.270863699337596], [-102.25413138810613, 22.270534515950168], [-102.25377192377539, 22.270286966748152], [-102.25340296387088, 22.270091160383217], [-102.25300870923093, 22.269949086078192], [-102.2525081712498, 22.269879683054583], [-102.25222396878873, 22.26990646586709], [-102.25199588801193, 22.26997707571163], [-102.25187293402243, 22.270065262108584], [-102.25182951331512, 22.270208955920907], [-102.2518262945273, 22.270373640734977], [-102.25186380690573, 22.27053224509], [-102.25185952986432, 22.27075107285344], [-102.2517982929208, 22.270968936155448], [-102.25162374184816, 22.271184880640778], [-102.25141914726248, 22.271294251104127], [-102.25126435210309, 22.27133676362929], [-102.25109468411932, 22.27133389006453], [-102.25094997176235, 22.271263737972355], [-102.25076570756674, 22.271170348790946], [-102.25067635811159, 22.271089850747323], [-102.25060466969374, 22.271005138434738], [-102.25058188725626, 22.270930281368205], [-102.25062455958268, 22.27082493927008], [-102.25070752198414, 22.27073607653978], [-102.25087151724466, 22.270626019287498], [-102.25102882573043, 22.270454917644738], [-102.25113708426976, 22.270312322235807], [-102.25123114288105, 22.270058907847602], [-102.25125192519042, 22.26980199574753], [-102.25127282821555, 22.269569909402072], [-102.25131070912596, 22.26930651671998], [-102.25136421217438, 22.26905015866241], [-102.25143328179486, 22.268834684807576], [-102.25149258918258, 22.268684489980863], [-102.25151177176129, 22.26854038581301], [-102.25153060153471, 22.268414329287154], [-102.2515744299539, 22.268218738243515], [-102.25167436782353, 22.26809856839871], [-102.25176489644798, 22.268025629940816], [-102.25191982000425, 22.267976348665773], [-102.25220341256914, 22.267949555733626], [-102.2524145893132, 22.267937333477743], [-102.25260131906258, 22.26790438682495], [-102.25276429582838, 22.26784621419057], [-102.25302584282468, 22.267737805285513], [-102.25328827073068, 22.26758427671887], [-102.25352484112274, 22.26748221441378], [-102.2536963002856, 22.267424184283158], [-102.25389969800446, 22.2673757210993], [-102.25408629469239, 22.267349540507507], [-102.25421596616098, 22.26735173398809], [-102.25434519718361, 22.267376486984844], [-102.25462641030057, 22.267471511612335], [-102.254915842821, 22.26758021502775], [-102.25518187473882, 22.267645644818163], [-102.2554647077208, 22.26768879117724], [-102.25570782319492, 22.267686131410425], [-102.25597548459976, 22.267668089255245], [-102.25621952447024, 22.26761805344395], [-102.25642323007018, 22.26755379527502], [-102.25658008843874, 22.26740524681683], [-102.25666389150528, 22.267241923289145], [-102.256694327493, 22.267079954523982], [-102.25669727601196, 22.26692880476808], [-102.25667014418329, 22.266641744045323], [-102.25660896131805, 22.26645340311395], [-102.25661058960767, 22.26636993235317], [-102.25661278998678, 22.26625713402628], [-102.2566881767743, 22.266152342644723], [-102.25680355529782, 22.266048227024093], [-102.25691963767973, 22.26590801582721], [-102.2569954301071, 22.265751326767777], [-102.25701399036927, 22.265638804835746], [-102.25698465784829, 22.26546454246034], [-102.25691489372723, 22.265312164008233], [-102.25682815351789, 22.265191092629273], [-102.2567132426259, 22.265053748200437], [-102.25659379252839, 22.264900530024747], [-102.25641814342195, 22.264676403999164], [-102.25630868344335, 22.264415032402624], [-102.25610326392032, 22.264039203404785], [-102.25592937709368, 22.263724838377065], [-102.25579398556536, 22.26348785204841], [-102.25556997404982, 22.263195206561885], [-102.25545026252688, 22.263055523590527], [-102.2553956491116, 22.262903400811734], [-102.25524621165533, 22.26260975896934], [-102.2552083986667, 22.26243535308927], [-102.25509000878702, 22.26222799099816], [-102.25498724105039, 22.26202766310219], [-102.25488463924445, 22.2618499050562], [-102.25464637511952, 22.261480289553372], [-102.25452782114114, 22.26125035731015], [-102.25444065544639, 22.26112025096127], [-102.25441167870912, 22.260927940742405], [-102.25439826911848, 22.260776514517836], [-102.25445003392294, 22.260639730643152], [-102.25454147013751, 22.260551008439602], [-102.2547055067453, 22.2605312149949], [-102.25495151758463, 22.260503780472842], [-102.25512359671356, 22.260506689661376], [-102.25524700342496, 22.260456871554265], [-102.25536345750642, 22.26035954491145], [-102.25544126512567, 22.260254794785595], [-102.25563310261772, 22.260052676758402], [-102.25578372748629, 22.259881455866644], [-102.2559170141777, 22.259791183369163], [-102.25604938677942, 22.259716692275507], [-102.25621324636725, 22.25970592105406], [-102.25645064099437, 22.25968510863877], [-102.25666388719016, 22.25965937444599], [-102.25683658138621, 22.259630698153348], [-102.25697678626128, 22.259558595280158], [-102.25711003786084, 22.259438983852927], [-102.2572370397652, 22.25923576836021], [-102.25729830525327, 22.259015645384686], [-102.25731065821344, 22.258817263316022], [-102.25727332685865, 22.25861804202021], [-102.25723717322563, 22.25838950334782], [-102.25718405437158, 22.258160678105746], [-102.25708990037192, 22.257953726826074], [-102.25692362009713, 22.25768462587244], [-102.25675585480208, 22.257460633954476], [-102.25657946553095, 22.25727486031082], [-102.2564753687123, 22.257173806267716], [-102.25634599029497, 22.25709489213258], [-102.25621630407474, 22.2570317696868], [-102.25607813541149, 22.25696850381408], [-102.25598991445213, 22.25689254159294], [-102.25586946922083, 22.256759617001563], [-102.25572540437727, 22.25659469922327], [-102.2556473485619, 22.25640155965872], [-102.2556262029901, 22.256211638569955], [-102.25563038308465, 22.25599732165724], [-102.2556752798177, 22.255808516652422], [-102.25576719581623, 22.25569497766819], [-102.25590026829953, 22.255584390790553], [-102.25606592672784, 22.25548112452018], [-102.2562076572159, 22.255361656793887], [-102.25633302842368, 22.25524191253314], [-102.25638553652155, 22.255066776084746], [-102.25641289511654, 22.254907011711975], [-102.25642494038377, 22.254724421497816], [-102.25644670947307, 22.254447213622342], [-102.25650036057792, 22.25421342186615], [-102.25661861142572, 22.254023598878], [-102.25676074549465, 22.253852232903064], [-102.25688866536288, 22.25360164171835], [-102.25700761867564, 22.253375722795408], [-102.25705208235934, 22.253177882966497], [-102.25705546816981, 22.2530041731964], [-102.25701742449806, 22.25287264127291], [-102.25692089885285, 22.252787512589002], [-102.25682406550439, 22.25271817565368], [-102.25669394306973, 22.252677613651947], [-102.256530927321, 22.25264552276738], [-102.25634267478294, 22.252633315808694], [-102.2561461939944, 22.2526390233219], [-102.25596624790462, 22.2526359831118], [-102.25583599390127, 22.252602188360964], [-102.25569769759248, 22.252545690497925], [-102.25557676194069, 22.25246917548051], [-102.25540843226005, 22.25227451047601], [-102.25522505422929, 22.252043483634353], [-102.25496090586287, 22.251727593209125], [-102.2547845255018, 22.25154181846655], [-102.25476979508441, 22.251458071183407], [-102.25476416296318, 22.251342883729016], [-102.25478782255222, 22.25124850176695], [-102.25497968095357, 22.251075720984208], [-102.25518754543343, 22.250921264118922], [-102.2556091358393, 22.250684663296333], [-102.25628172620112, 22.250319155360888], [-102.25658734320527, 22.250186658125738], [-102.25679419344182, 22.250084086215463], [-102.2569112087189, 22.249957429742143], [-102.2569868928952, 22.24983684532598], [-102.25700606508303, 22.249692739381725], [-102.25702598460637, 22.249510281905405], [-102.25699775220568, 22.249279620266062], [-102.25700219255337, 22.249051767091462], [-102.25705557587482, 22.248831510545713], [-102.25707501150515, 22.248673868722747], [-102.25703710039873, 22.248535568941893], [-102.2569825329719, 22.24838119088227], [-102.25697061491836, 22.248153061448257], [-102.25692642008262, 22.24790181981298], [-102.25688323648768, 22.24759869081349], [-102.25688723703179, 22.247393397336854], [-102.25693912493776, 22.247249843807086], [-102.25704931631739, 22.247068910599797], [-102.25708559309717, 22.246886729235154], [-102.25706488506312, 22.24667424835717], [-102.25704333231661, 22.246536224811987], [-102.25694773368878, 22.246403721097366], [-102.25681968298183, 22.24625712904893], [-102.2567327960747, 22.24608189476789], [-102.2566721120511, 22.24583714479727], [-102.25663569649936, 22.245622141938842], [-102.25661529684716, 22.245393869255565], [-102.25656160033725, 22.245225965569336], [-102.25646714599166, 22.245034806412285], [-102.25636350660506, 22.24487959952873], [-102.25622767939439, 22.24469676839625], [-102.25606779463028, 22.244504503985127], [-102.2559856146427, 22.244367713084568], [-102.2559149018482, 22.244233372560284], [-102.25585552429605, 22.244108250337494], [-102.25579171537717, 22.243899554832204], [-102.25574049734773, 22.243697842137475], [-102.25571812033606, 22.24357108817164], [-102.25572124234259, 22.243410914218586], [-102.25572515580359, 22.243210132779442], [-102.25575816414963, 22.243102368062353], [-102.25583533009056, 22.242936674622886], [-102.25584955732518, 22.242828592646422], [-102.25585759426083, 22.242727176252057], [-102.25585391016854, 22.242605251454588], [-102.2558495225875, 22.24251942220312], [-102.25579628220576, 22.242421484233777], [-102.25576648383962, 22.242364563062974], [-102.25570056501398, 22.242264154208222], [-102.25554754789498, 22.242123909956582], [-102.25536924238175, 22.242037399520658], [-102.25509292414925, 22.241942462904507], [-102.25477514585775, 22.241860365598804], [-102.25460475105837, 22.24180332531683], [-102.25446642149323, 22.241749083433724], [-102.25429690680099, 22.241646923473755], [-102.2540464952445, 22.241466667938607], [-102.25382087934486, 22.241289087879814], [-102.25349967197427, 22.240979002440607], [-102.25340390408229, 22.240855521149587], [-102.2533578243506, 22.240701285823356], [-102.25336064057123, 22.24055690390442], [-102.25341178056972, 22.240451702954747], [-102.2534140246755, 22.24033664860458], [-102.25337519451034, 22.240245723755933], [-102.25337083194127, 22.24022082618416], [-102.25336851706555, 22.24015308570948], [-102.25340075453742, 22.240022741387435], [-102.25344078981752, 22.239865448324217], [-102.25355505343788, 22.239662018976382], [-102.2536995298868, 22.23943201962395], [-102.25384386378026, 22.239240381797522], [-102.25398644770524, 22.239107388757358], [-102.25416596634527, 22.239038207673808], [-102.25432250767388, 22.23896638140268], [-102.25447888285387, 22.238871985026588], [-102.25460600261611, 22.238786121044896], [-102.25474849743429, 22.238657639150112], [-102.25498837237731, 22.23847664106639], [-102.25528784634851, 22.23825377171135], [-102.25555058442959, 22.2380189976972], [-102.25567793223573, 22.237890259012147], [-102.25578513128094, 22.237707018771125], [-102.25584710417952, 22.23754332512711], [-102.25586585395583, 22.237358591095983], [-102.2558919708773, 22.2371378740152], [-102.25592499623075, 22.236966921321525], [-102.25603132460436, 22.236797206407083], [-102.25615962818769, 22.236650429608897], [-102.25639880413277, 22.236473930589703], [-102.25662356252418, 22.236322011653193], [-102.25694444294885, 22.236119810414362], [-102.2571847939874, 22.235913992573646], [-102.25726111871667, 22.235791161304846], [-102.25727172708929, 22.235619829803404], [-102.25723701333683, 22.235504151318878], [-102.25712190322915, 22.235378089032846], [-102.25691231562031, 22.23515564985483], [-102.25662978731432, 22.234882331388985], [-102.25637020206999, 22.234582319250737], [-102.25619783430169, 22.234346967382738], [-102.2561572143331, 22.234161230826153], [-102.25615354817656, 22.233976118173214], [-102.2561925233083, 22.233872967234685], [-102.25632007671786, 22.233764541550155], [-102.25652009663906, 22.23370021668807], [-102.25680150370155, 22.23365757578645], [-102.25697135599518, 22.2336175650244], [-102.25715783749517, 22.233532700366442], [-102.25734507463189, 22.233377889959158], [-102.25746654308891, 22.233208429167526], [-102.25751410417901, 22.233037721132096], [-102.25748277248219, 22.232748332446867], [-102.25739013149409, 22.232588798862547], [-102.25728045719862, 22.232526016687558], [-102.25712546199075, 22.23251888755129], [-102.25697072118572, 22.232529816305476], [-102.25676375037733, 22.232546633495623], [-102.25655003725004, 22.232536255997868], [-102.25635939758438, 22.232492416973166], [-102.25605939210536, 22.232370002977333], [-102.25589972049386, 22.23222964745904], [-102.25573436179572, 22.232007953993016], [-102.25549064063821, 22.23164050734637], [-102.25535646114693, 22.23134261173619], [-102.25528642289693, 22.231142838003404], [-102.25527509251194, 22.230977906400152], [-102.2552712952573, 22.230799561710853], [-102.2553336602974, 22.23061556412621], [-102.25545341426601, 22.230534087789017], [-102.25562329740154, 22.230523415978443], [-102.2558374027529, 22.230513490606754], [-102.25595545210533, 22.230488403012213], [-102.2560305880094, 22.23042648339489], [-102.25604736765266, 22.230311674091425], [-102.25599802907796, 22.23020026202033], [-102.25590446848096, 22.230088103365272], [-102.2557747023601, 22.229936969216432], [-102.25563057354934, 22.229776565618305], [-102.25556569545813, 22.229685201534085], [-102.25548759708846, 22.229525912710994], [-102.25545306154635, 22.229401210171208], [-102.25540394342765, 22.229278518116047], [-102.25530351006239, 22.229145932700796], [-102.25515917230756, 22.22896521481067], [-102.25499389645908, 22.228770602935565], [-102.2548126071826, 22.22858926078238], [-102.2546612114773, 22.228428733785474], [-102.2545162694685, 22.228248005237035], [-102.25417891136485, 22.22777291015843], [-102.25536170396963, 22.227713900253786], [-102.25598350798988, 22.227647669494594], [-102.256501724752, 22.227579688052465], [-102.25743557137076, 22.22742167882526], [-102.2585345374071, 22.22724839503223], [-102.26615763164398, 22.226406382465264], [-102.27212557653203, 22.225793507096846], [-102.27401007315699, 22.225671659613763], [-102.27645283467542, 22.225541089678373], [-102.27798393768805, 22.22548774721315], [-102.2767453106549, 22.187546828814806], [-102.25915133181798, 22.18628115746963], [-102.25929275982924, 22.18564262691298], [-102.25943539059541, 22.184848401861345], [-102.25955256286326, 22.183961221955418], [-102.25964936939, 22.18321812984165], [-102.25970713288724, 22.18258270357127], [-102.25971277981895, 22.18229168013586], [-102.2596408760353, 22.181782705163492], [-102.25934357508675, 22.180683186053333], [-102.25813702981272, 22.176244193816277], [-102.25810006417686, 22.175808022248198], [-102.25817230883254, 22.175393999937164], [-102.25842661836492, 22.174931137680478], [-102.25939689496515, 22.173719805264376], [-102.25989214249502, 22.173139130457034], [-102.26163721372207, 22.17092302644319], [-102.26327803555328, 22.16758129051462], [-102.2696276735809, 22.166895720022453], [-102.27600840481419, 22.166354848398488], [-102.27596835703237, 22.165038488886125], [-102.28122981123299, 22.1650248219948], [-102.2854840021061, 22.165073191976493], [-102.29600756376522, 22.165047338799138], [-102.29613789644664, 22.159594850674033], [-102.29628388665493, 22.15652127250178], [-102.2962802486195, 22.155571104688807], [-102.29634250202682, 22.15345527056089], [-102.29649696024528, 22.149937242541935], [-102.30021256494442, 22.147751056766033], [-102.30070355807305, 22.147443236024994], [-102.30219322276629, 22.145707592835116], [-102.30406106428592, 22.143511028583376], [-102.305150038795, 22.142235883362762], [-102.3055645593279, 22.141362580673455], [-102.30573821404559, 22.140575568981937], [-102.30975879909718, 22.140930822056255], [-102.31634888188562, 22.141614902262624], [-102.32081789025933, 22.142024659484097], [-102.32337534327671, 22.142222381934666], [-102.32637808076548, 22.142477016978752], [-102.32797396898125, 22.142602477740592], [-102.33260956643763, 22.14298305032288], [-102.33466258659492, 22.143115924024777], [-102.33639096477793, 22.143250239600984], [-102.33797840541739, 22.143375465594563], [-102.33967919004988, 22.14359279958477], [-102.34232945733618, 22.14391586950389], [-102.34283605469095, 22.143933153645225], [-102.34368555744024, 22.143847694139932], [-102.34957668978953, 22.14429789080488], [-102.35095472060199, 22.144417330886768], [-102.35112730157489, 22.14322174068901], [-102.35149434036715, 22.141893896730345], [-102.35177660110615, 22.139885358277184], [-102.35190073522796, 22.13907715971752], [-102.35223823020172, 22.13712593746176], [-102.3524018518115, 22.13559843868103], [-102.35253614411683, 22.134246498758667], [-102.35267203547447, 22.132808823341943], [-102.35282433049566, 22.131044167781297], [-102.3530818845251, 22.1286696080207], [-102.35487357345106, 22.12696313464742], [-102.36537209736328, 22.130170777209905], [-102.38015342540896, 22.137533875438248], [-102.37930246636108, 22.141363704821718], [-102.37878047866677, 22.14377922448698], [-102.37861903629941, 22.144385991656343], [-102.37766042606418, 22.14823438421713], [-102.37667649099251, 22.152007880364863], [-102.37621758266428, 22.153923367426284], [-102.37545166793332, 22.156910445618653], [-102.37514238698483, 22.158137727182826], [-102.37405278592723, 22.162406006058916], [-102.37305861741125, 22.166684836862792], [-102.37194684777154, 22.170736069218894], [-102.36781141042769, 22.170371389720135], [-102.3590413643156, 22.185980105983347], [-102.35879433333739, 22.18603703386571], [-102.35851141722553, 22.18623104777569], [-102.35831259876426, 22.186333894371135], [-102.3578856187864, 22.186326965497837], [-102.3576239087185, 22.186261782737635], [-102.35736190337029, 22.186212392813157], [-102.35716650464059, 22.186132487678183], [-102.35703507988909, 22.186130354173926], [-102.35680379492203, 22.18618753455989], [-102.3568012187208, 22.186325161247225], [-102.35650308763908, 22.186457989121713], [-102.35630338058142, 22.186608212742613], [-102.35607293953537, 22.186620268503837], [-102.35565918524605, 22.186780556087243], [-102.35542364502005, 22.187097204027808], [-102.35517055387604, 22.187445162413155], [-102.35506752229401, 22.1876736880485], [-102.35498204027378, 22.187870902713343], [-102.35476710443572, 22.18792834552154], [-102.35448789955738, 22.187923808467882], [-102.35437343163463, 22.187921948236248], [-102.35414413009934, 22.18787308444721], [-102.35387070089561, 22.18781898936621], [-102.35379495113376, 22.187917059763862], [-102.35376087794691, 22.188054174147446], [-102.3537781718345, 22.188230490071657], [-102.35381667722753, 22.1884387467836], [-102.3538128292625, 22.188644058172535], [-102.35376527457792, 22.18891862162309], [-102.35374079188158, 22.189125854412307], [-102.35373618248525, 22.189371776808656], [-102.35371058646508, 22.189606073748976], [-102.35366374998767, 22.18984228222544], [-102.35361581529159, 22.190040106266103], [-102.35361391216107, 22.190141633840266], [-102.35337324331388, 22.190731273997244], [-102.35321439844947, 22.191060448931786], [-102.35286390894728, 22.191400048209413], [-102.35279457137986, 22.1918344934852], [-102.35284142809304, 22.19204965670314], [-102.35303015373572, 22.19219490773573], [-102.3532947710207, 22.192363961194218], [-102.35351006426484, 22.192417112680317], [-102.353865915335, 22.192470292178815], [-102.35418272150396, 22.192570230214283], [-102.35451203585549, 22.192681655249956], [-102.35474116233009, 22.192707947733606], [-102.35497031739007, 22.192700387509138], [-102.3553527072893, 22.19269531682219], [-102.35554456436712, 22.19267360860605], [-102.3559497867691, 22.19264633887925], [-102.35623067746381, 22.19262607612041], [-102.35633602214666, 22.192727088965135], [-102.35642895791335, 22.192940743159056], [-102.35649551176074, 22.193074978775893], [-102.35654524775568, 22.193233766682646], [-102.35655374155031, 22.193362545595587], [-102.35662488757345, 22.193510396916984], [-102.35668623006758, 22.19359941066576], [-102.35673672689538, 22.193717587429973], [-102.3567238531532, 22.19385504676336], [-102.3566589472899, 22.193923955280507], [-102.35663670644936, 22.194011611568396], [-102.35663522763335, 22.194090577614396], [-102.35657973082412, 22.194207032935577], [-102.35648599163768, 22.19432738081159], [-102.3564821462899, 22.19433860264822], [-102.35646676494781, 22.194480534916178], [-102.35643826987784, 22.194610969884284], [-102.35677295865155, 22.195115171597347], [-102.35705613845246, 22.19565238921121], [-102.3572919911499, 22.19599926178761], [-102.35759406115424, 22.196207283953612], [-102.35803917146907, 22.196250620118235], [-102.3583843423993, 22.196195287922688], [-102.3588441570088, 22.19613278808461], [-102.35912391500818, 22.196173437742928], [-102.35951751517365, 22.19624978695046], [-102.3600721792596, 22.196590544076784], [-102.36037404412791, 22.19680984248242], [-102.3605485730039, 22.19700224972179], [-102.36070814653145, 22.197314028035628], [-102.3608672294113, 22.19768447674006], [-102.36098936262307, 22.197957281006314], [-102.36134052866419, 22.198488824689957], [-102.36155868955962, 22.1988105798369], [-102.36188781455647, 22.198933272755976], [-102.36231077395404, 22.19922223721146], [-102.36250993515, 22.19952337156682], [-102.3628533434248, 22.199919374992582], [-102.36309139842795, 22.20021436851417], [-102.36340695846461, 22.200544470599468], [-102.36351960255523, 22.200774239269357], [-102.36382503630595, 22.20109514916557], [-102.364024666784, 22.201371464151805], [-102.36420468877073, 22.201627149509278], [-102.36435687494503, 22.20184853081897], [-102.3644479470576, 22.20219530670189], [-102.36445995560503, 22.202330913255462], [-102.364456626188, 22.202509151846648], [-102.36442971585716, 22.202684751602177], [-102.36438980597048, 22.202907534982835], [-102.36433698069813, 22.20317298959712], [-102.36428206331948, 22.203582849760455], [-102.3642510060273, 22.203947959062496], [-102.36427089343816, 22.20418073851066], [-102.3643020789085, 22.204424985317775], [-102.36440472460876, 22.20463879361605], [-102.36447206977446, 22.204861057504605], [-102.36461084898498, 22.20508673537606], [-102.36471456488566, 22.205275735339967], [-102.3647701911301, 22.20550909366774], [-102.3647526817526, 22.20579768903526], [-102.36471340315178, 22.20598662962039], [-102.3646614196559, 22.206206960516795], [-102.36464472629491, 22.206484284713035], [-102.36463890953266, 22.20679563808649], [-102.36467136024031, 22.206972199357132], [-102.36473887514033, 22.207185438492584], [-102.36486351875864, 22.20751921694113], [-102.36495550096072, 22.20768771501138], [-102.36508343281996, 22.207845510992648], [-102.3652951680419, 22.20799337984589], [-102.36545989287298, 22.20809534978629], [-102.36564901621672, 22.20818868721321], [-102.36581479493464, 22.208234252201144], [-102.36599201452675, 22.208316112164933], [-102.36607312139326, 22.20845058062648], [-102.36613020926873, 22.20857337582674], [-102.36612692305603, 22.2087493583358], [-102.36611169041359, 22.208916119940433], [-102.3660728335859, 22.20908249902444], [-102.36601035249163, 22.209248495562814], [-102.365912342767, 22.20940263241767], [-102.36581559694822, 22.209489083633766], [-102.36564634550224, 22.209596929272397], [-102.36553258051903, 22.209653765400482], [-102.36529297745491, 22.209764984981106], [-102.36500800059318, 22.209904808449533], [-102.36482057558155, 22.210012358740798], [-102.36462859277022, 22.210266531231067], [-102.3646046134129, 22.21051214110555], [-102.3646661760516, 22.21084941150981], [-102.3647700218759, 22.21103164319135], [-102.36505648913763, 22.21136352954478], [-102.3652368610629, 22.21160116543846], [-102.3655408603258, 22.2120326372257], [-102.36572005379574, 22.21233344588678], [-102.36579276030754, 22.21262575923363], [-102.36584720478663, 22.212825245264696], [-102.36581100565179, 22.213206069495943], [-102.3657350256383, 22.2136404141865], [-102.36563686284971, 22.214191756535808], [-102.36554666590222, 22.214316680069448], [-102.365356805555, 22.21458668538633], [-102.36513882156744, 22.214772730768477], [-102.36488307957016, 22.214903999277894], [-102.36435386962718, 22.215109826093027], [-102.36396884742204, 22.215349584236655], [-102.3638678743855, 22.21556460652805], [-102.36376490317285, 22.21585407283319], [-102.36386706342125, 22.21612655243064], [-102.36406796211467, 22.216303587251534], [-102.36435852795901, 22.216416626016024], [-102.3647669218121, 22.216450326496858], [-102.36512854025277, 22.216392993521563], [-102.36551940444369, 22.216327106015008], [-102.36579261020782, 22.21633153151588], [-102.36614241267172, 22.216355252024062], [-102.36644469598403, 22.21636014735341], [-102.36669993394632, 22.21625595074186], [-102.36703487577067, 22.216069540002554], [-102.36738272258441, 22.215905906078554], [-102.36770590644969, 22.215829890038496], [-102.36777642925588, 22.215817490258132], [-102.36793614370106, 22.215831359513242], [-102.36814880372071, 22.21589799342115], [-102.36836125341644, 22.215975908010066], [-102.36853218987164, 22.216102801770145], [-102.36875539886645, 22.216318559040335], [-102.36884405745023, 22.21656824915149], [-102.3688539320798, 22.216753472248644], [-102.36885111107684, 22.216904636892206], [-102.3687938864417, 22.217113599932404], [-102.36874923091125, 22.21736338995636], [-102.36870128691093, 22.217529622566623], [-102.36859471455928, 22.21778518126527], [-102.36848188955078, 22.218083519189967], [-102.36826640997468, 22.21868712986348], [-102.36819050067572, 22.219085367096408], [-102.3682644358077, 22.219312250538614], [-102.36847507953426, 22.21948718150878], [-102.36868830889482, 22.21955608123702], [-102.36886348358234, 22.219585998181273], [-102.3692433160469, 22.219592143631193], [-102.36983709450767, 22.219628831262177], [-102.37043955618755, 22.21971982207162], [-102.37114207638459, 22.219677016009538], [-102.37166891596954, 22.219631367387446], [-102.37280193346777, 22.219184760583], [-102.37339123245638, 22.218941510224177], [-102.37389357235095, 22.21864945887195], [-102.37433670385863, 22.218412871728656], [-102.3745226710517, 22.2183188285693], [-102.37484648175725, 22.218274404855176], [-102.37524085149911, 22.218280770664062], [-102.37552707235866, 22.21833504148612], [-102.37579448979454, 22.21842286156644], [-102.37604436373661, 22.21847654497295], [-102.37631333543374, 22.21848088479152], [-102.37654685934457, 22.218468854147673], [-102.37674590095648, 22.21838856052732], [-102.3769107777487, 22.218190357796452], [-102.37713019903474, 22.21795918139207], [-102.37740601105473, 22.21759575807308], [-102.37757459721813, 22.217230605117265], [-102.37765166140048, 22.21693168258925], [-102.37772748463348, 22.21673204276499], [-102.37787321934476, 22.21658543838196], [-102.37816254304258, 22.216472745119415], [-102.37854185796701, 22.216343446842558], [-102.37884933568043, 22.216199448529913], [-102.37912019089437, 22.216102253952723], [-102.37946248624687, 22.216008466921917], [-102.37969571276601, 22.216012224784272], [-102.38001830180616, 22.21603322014119], [-102.38041233157762, 22.216057622488982], [-102.3808618461098, 22.216031009091576], [-102.3811311075307, 22.21601954701762], [-102.3815245319744, 22.21604393692783], [-102.38184110242135, 22.216128024617685], [-102.38215080021855, 22.216223285528514], [-102.38239265047586, 22.216317453864963], [-102.38255608086101, 22.216457754407653], [-102.38267031716188, 22.21660403376131], [-102.38277368839539, 22.216813331061317], [-102.38285652441503, 22.217051637390675], [-102.38289405797225, 22.217151544485915], [-102.38300846264947, 22.2172887988222], [-102.38315378809779, 22.217327247564867], [-102.38331916893267, 22.217329908663775], [-102.38356073421173, 22.217308969546277], [-102.38391159048409, 22.217341696670136], [-102.38407646909032, 22.217371431594604], [-102.38428857509464, 22.2175012291345], [-102.38466585361033, 22.217644967283764], [-102.38491756839159, 22.21773026325454], [-102.38514171187815, 22.21773386746428], [-102.38551218634817, 22.217721768857004], [-102.38573733399993, 22.217671222988606], [-102.38600125228712, 22.217621299993322], [-102.38631662379734, 22.2174435606453], [-102.38654394560824, 22.217275690116576], [-102.38680920117899, 22.21715356663243], [-102.38712195792725, 22.217084114418608], [-102.3875121507986, 22.21705427274503], [-102.3878650777785, 22.21694258335365], [-102.3882255235973, 22.21694837243902], [-102.38863269849415, 22.21708129722311], [-102.38900179299411, 22.217143645887944], [-102.38918522279154, 22.21721881145097], [-102.3893993393267, 22.21724030391699], [-102.38964639881011, 22.217348086960097], [-102.38995627321046, 22.217434308840474], [-102.39018693571894, 22.217609534877695], [-102.39041809995307, 22.21775768590934], [-102.39066810733364, 22.21793547866665], [-102.39099630502226, 22.218112268644933], [-102.39119872667683, 22.218241902369403], [-102.39133281867404, 22.218363669079537], [-102.39163233594034, 22.218485832251815], [-102.39183325609801, 22.21869668956003], [-102.39201618883527, 22.218798927015357], [-102.39221840381057, 22.218939840797074], [-102.39251886284472, 22.219043962387293], [-102.39270012746627, 22.21923644840729], [-102.39282386126386, 22.219394158379785], [-102.39303414360742, 22.219623219737535], [-102.39323623567218, 22.219770901147736], [-102.39342748712447, 22.219947748282923], [-102.39371775588764, 22.220078787357235], [-102.39398803356482, 22.220209505574402], [-102.39437523289999, 22.220342096957843], [-102.39453462435736, 22.220373990676883], [-102.39515750186105, 22.220411052623078], [-102.39545946740935, 22.220433944781576], [-102.39569314330937, 22.220446715070636], [-102.39583111779548, 22.220358648622483], [-102.39604690811757, 22.22028988340144], [-102.39619257482691, 22.22031027121126], [-102.39641555764383, 22.220377034938508], [-102.39655989112688, 22.220469622042106], [-102.39689812938325, 22.22062850661229], [-102.396983324757, 22.22074045880648], [-102.39718475642437, 22.22092423565974], [-102.3974246274432, 22.22112668279531], [-102.39774310743721, 22.221305561709933], [-102.39804163801631, 22.221481863926236], [-102.39819180485316, 22.221619681225317], [-102.39840524962734, 22.22177656611297], [-102.39862570665366, 22.221816203761367], [-102.3987419215762, 22.221856430413652], [-102.39879283734625, 22.22195429197079], [-102.39885443101943, 22.22209746248537], [-102.39888251106825, 22.222152077469232], [-102.39899691315622, 22.222257725289026], [-102.39908404922282, 22.22229748656928], [-102.39909468551754, 22.222345051770976], [-102.39908217575876, 22.222399017452226], [-102.39900055659079, 22.222388684217528], [-102.3989472673675, 22.222419428472318], [-102.39891181964366, 22.22246851338161], [-102.39898011503804, 22.222544083849268], [-102.3991262010827, 22.222541906870124], [-102.39920063810622, 22.222613061681383], [-102.39917561858586, 22.222720993058033], [-102.39905857014563, 22.222725891473377], [-102.39895459574758, 22.22267909007599], [-102.39894762155619, 22.222728630475792], [-102.39897620136313, 22.222756170556927], [-102.39903871144637, 22.222849703725434], [-102.39898408971519, 22.222952647703483], [-102.39906387729835, 22.22306225560868], [-102.39917988520706, 22.223113763261924], [-102.3992368785445, 22.223177868327415], [-102.3992527405287, 22.223270655268216], [-102.39918710768275, 22.223346340288266], [-102.39915661258412, 22.223422587348445], [-102.3990973709361, 22.223480319295497], [-102.39905425962714, 22.223583447402113], [-102.39913425574419, 22.223681774097045], [-102.39915625920813, 22.223770145468766], [-102.39921262826283, 22.223868094187345], [-102.39921104618163, 22.223953831369734], [-102.39923879359796, 22.224026496262983], [-102.39939669204438, 22.22413961041294], [-102.39956695708872, 22.22423938077335], [-102.39976373541359, 22.22438019934903], [-102.40009363482875, 22.224597624495658], [-102.40038410032747, 22.22462032435891], [-102.4005888709609, 22.224623598365547], [-102.40068468030285, 22.2246860666917], [-102.4009093886165, 22.224791219986376], [-102.40107886513314, 22.224933857582215], [-102.40121775399018, 22.225026354084914], [-102.40122547369623, 22.22516640589603], [-102.40112704261809, 22.225246081256085], [-102.40116641886128, 22.2254769154837], [-102.40120685357516, 22.225617490234523], [-102.40129991798798, 22.2258288704431], [-102.40130857640358, 22.225950881975198], [-102.40134992663471, 22.22604181932251], [-102.40150040559247, 22.226064536720493], [-102.4016512590065, 22.226066947774832], [-102.40178883633963, 22.226197790413764], [-102.40193577999419, 22.226412288326692], [-102.40196289802846, 22.22668355095943], [-102.40207369817831, 22.227116391520504], [-102.40207998631877, 22.22736700907997], [-102.4021623141519, 22.227569189736144], [-102.40235306482784, 22.22774150613282], [-102.40247052109447, 22.227813347154935], [-102.40267417386976, 22.227877537643312], [-102.40288985482397, 22.227880983440247], [-102.40314848553638, 22.22785577518735], [-102.4034522337372, 22.227750038306848], [-102.40362361091123, 22.22782273976553], [-102.40387952197896, 22.22797803991017], [-102.40433662933474, 22.228265196360915], [-102.4046954881768, 22.228358945499373], [-102.4050021962846, 22.228388667812727], [-102.40518965281292, 22.22837811858255], [-102.4053911615689, 22.22829557214895], [-102.40544767503295, 22.228122691693585], [-102.40546490865017, 22.227910816756857], [-102.40561624182864, 22.22768979735842], [-102.40588616120151, 22.22754514830816], [-102.4061127474182, 22.227548763798143], [-102.40629554668124, 22.227560708041445], [-102.40634819667005, 22.227597658694705], [-102.40647965566546, 22.227699060278677], [-102.40664942283702, 22.227925203281814], [-102.40690904508507, 22.22834010353037], [-102.40727347194618, 22.22885597939421], [-102.4076689174398, 22.22913537297068], [-102.40811651767189, 22.22947879098218], [-102.4084336120919, 22.229668913847927], [-102.40883155183708, 22.229812929578706], [-102.4090580842698, 22.229852651094262], [-102.40921823792662, 22.229843919079673], [-102.4094612935444, 22.229710120588436], [-102.40978498534112, 22.229541495866926], [-102.40997331460186, 22.229483559782192], [-102.41025210033129, 22.229548938282825], [-102.41053169954776, 22.229603044678363], [-102.41073223807196, 22.229606239052988], [-102.41102607857351, 22.22961091918637], [-102.41123888419821, 22.22963913444782], [-102.4113181526438, 22.229678764471217], [-102.41147368940307, 22.229954328854866], [-102.41162770900857, 22.230279521259526], [-102.41191400830857, 22.230694839703517], [-102.41226877758051, 22.231011943196634], [-102.4125980505759, 22.231265446338877], [-102.41311225886538, 22.23164602301725], [-102.41340270750086, 22.231835712980597], [-102.41360102841136, 22.231926888822564], [-102.41380111514316, 22.23195489865022], [-102.41408415829932, 22.231821729423093], [-102.4141939796146, 22.231649693297648], [-102.41436907952229, 22.23155317401146], [-102.4146183129716, 22.231511999878485], [-102.41471045720196, 22.23157665937488], [-102.41483989777828, 22.231788612183397], [-102.41500943516851, 22.23202828570744], [-102.41515170895224, 22.232267525533413], [-102.415239797221, 22.232553299057], [-102.41538267772351, 22.23279254838967], [-102.41549945334025, 22.23296818859809], [-102.41561820098488, 22.233069381520256], [-102.41589765949722, 22.233098650928813], [-102.41628541899657, 22.233104815266856], [-102.41669877613485, 22.23313621172805], [-102.41707169078613, 22.233191790683023], [-102.41731061004513, 22.233283607474316], [-102.4178278729302, 22.233465609476], [-102.4181592299705, 22.233606289136862], [-102.4184898848571, 22.23378532483095], [-102.41884604179043, 22.234027958965015], [-102.41920290269022, 22.234232235760626], [-102.41952043778103, 22.234399776578872], [-102.41970472090149, 22.234562944462244], [-102.41984539349008, 22.23489017585997], [-102.42001543902356, 22.23510276993586], [-102.42022528083585, 22.235293426245033], [-102.42047757689261, 22.23538319419508], [-102.42075830876722, 22.235376364949357], [-102.42095916004708, 22.23532989978105], [-102.42129436638113, 22.23526073988578], [-102.42162982024762, 22.235178041594608], [-102.42191665128627, 22.23506974502578], [-102.42218686090442, 22.234909274789295], [-102.4223441009255, 22.234828262076373], [-102.42276700848022, 22.2348349687441], [-102.42332381681048, 22.234843797195463], [-102.42374574747993, 22.234870798258576], [-102.42412632382229, 22.23477301128458], [-102.42446243550312, 22.23465420632698], [-102.42480197009891, 22.234348129004708], [-102.4251826809521, 22.23420971661214], [-102.42542593212876, 22.23429707673737], [-102.42560406198724, 22.234299898303437], [-102.42571744125708, 22.2341978749181], [-102.42574402319666, 22.233970345068695], [-102.42592344324437, 22.233869367466237], [-102.42603682192602, 22.233767343798], [-102.42617691760935, 22.233397167259547], [-102.42617992678744, 22.233232458289432], [-102.4262061366489, 22.233025234838127], [-102.42647295825405, 22.233049772194086], [-102.42682884424525, 22.233075719134824], [-102.42698756340872, 22.232913475063793], [-102.42701035178514, 22.23289352333369], [-102.42707889391505, 22.232790789038507], [-102.42745848633817, 22.23271329049166], [-102.42779459085253, 22.232594477873416], [-102.42793265019709, 22.232368711409567], [-102.42813749092002, 22.23210337648502], [-102.42843467714842, 22.23169280090839], [-102.42877604908469, 22.2312851805191], [-102.42900597992596, 22.230873539722815], [-102.4295239918172, 22.230549961144668], [-102.43041627787085, 22.230439936504954], [-102.4309717258266, 22.23048934088383], [-102.4314799021161, 22.230705010557347], [-102.43195606210095, 22.230881804840276], [-102.4323071861107, 22.231135615951818], [-102.43252373350593, 22.23149112042842], [-102.43273889489232, 22.231889484823903], [-102.43297084270257, 22.232597316112006], [-102.43302996623144, 22.233011271478347], [-102.43333230494997, 22.233514831761635], [-102.43363870427615, 22.23382887199719], [-102.43394482786114, 22.234124851800992], [-102.43445569316509, 22.23419385415019], [-102.43472228377942, 22.23419806201009], [-102.43499058956868, 22.234141358823397], [-102.4353692694558, 22.234147334508062], [-102.43561367855231, 22.234171503456313], [-102.43589816975053, 22.234424256544678], [-102.43651822221875, 22.234621364421635], [-102.43682739201441, 22.234750372882566], [-102.43731847092731, 22.23467460940638], [-102.4379195150765, 22.234684085215243], [-102.43843223197196, 22.23465154154251], [-102.43894360455451, 22.23465960025268], [-102.43941250149119, 22.2346037933938], [-102.43992825255518, 22.23440427790723], [-102.44024004966175, 22.234388876167525], [-102.44052602625791, 22.234560394726575], [-102.44074411662972, 22.234832407004074], [-102.44104952080353, 22.23516898863586], [-102.44153457629857, 22.235424890468433], [-102.44195486971974, 22.235575951539904], [-102.44259752874801, 22.235730510774772], [-102.44290404535619, 22.236006168953516], [-102.44298635444622, 22.23637986247648], [-102.44298111167006, 22.236668670946425], [-102.4428406447848, 22.237061428889582], [-102.44256553445415, 22.237492693130577], [-102.44224545357089, 22.237963874241686], [-102.44197038043893, 22.238392880777972], [-102.44185195844872, 22.238806297076387], [-102.44195644719939, 22.239160027450932], [-102.4421944746245, 22.239536172383165], [-102.442482466492, 22.239931159100692], [-102.44281177877784, 22.24018686417956], [-102.44314002720002, 22.240501232895443], [-102.44333547465702, 22.24075257372217], [-102.44339721049887, 22.24102438026561], [-102.4434550876341, 22.2415421347392], [-102.44357708573483, 22.24216697515169], [-102.44379159674527, 22.242603686304303], [-102.44421150431037, 22.242777306833126], [-102.44507341477326, 22.243142947992627], [-102.44582535274138, 22.243423348564654], [-102.44624342425885, 22.243698498682072], [-102.44654996442092, 22.243974152046544], [-102.4466102343338, 22.2443271855254], [-102.44657770791002, 22.244884144297615], [-102.44609735023211, 22.2456033362092], [-102.44568744838223, 22.246113736553355], [-102.44534603994444, 22.24652364938812], [-102.44459697209996, 22.247319860686908], [-102.4442585885719, 22.247562803261605], [-102.44393902753795, 22.247970799213263], [-102.44343548706395, 22.248730241606452], [-102.44325282866866, 22.24897563230504], [-102.44322388356602, 22.249367887449313], [-102.4432187842646, 22.249715378723767], [-102.44319333106381, 22.24988199298815], [-102.44314495664723, 22.250109184320824], [-102.44302895146383, 22.25035562367929], [-102.44297619966763, 22.25079038609777], [-102.44285665938064, 22.25126472227711], [-102.4428730543661, 22.251596753077138], [-102.44286854524726, 22.25184494737092], [-102.4427956667078, 22.25215300314078], [-102.4427926331319, 22.25231997019055], [-102.44274163307725, 22.25269156512453], [-102.44255818866611, 22.252979824240903], [-102.44255220267348, 22.253309245619036], [-102.4426614469193, 22.253435098301598], [-102.44299041956987, 22.253711112454916], [-102.44311885614188, 22.25398171226893], [-102.44313639917046, 22.254250566308443], [-102.44293356565393, 22.254371505686684], [-102.4426004095841, 22.25432563498387], [-102.4422456117634, 22.25423654064058], [-102.4419529196294, 22.254398945760364], [-102.44163001382294, 22.254689520801413], [-102.4416212768856, 22.255170114548346], [-102.44176798491895, 22.25583597020699], [-102.44207612859758, 22.256357666460957], [-102.44270844641028, 22.256552694751257], [-102.44322414212431, 22.256560814297814], [-102.4435463030011, 22.256344704063288], [-102.44386986519315, 22.25601802424912], [-102.4443849037934, 22.256062240937442], [-102.4450559582391, 22.256293981109152], [-102.4461952557456, 22.256977703579604], [-102.44694300131421, 22.257359601887135], [-102.44812501405623, 22.2578950241229], [-102.44895751509092, 22.25798258351676], [-102.44923506170097, 22.257986943174085], [-102.45015234751679, 22.257777908852756], [-102.45087082355187, 22.257568005555022], [-102.45138713227259, 22.257576109059375], [-102.45193747849079, 22.257880407677657], [-102.45280328112378, 22.258338612771126], [-102.45331559129413, 22.25856783057644], [-102.45390733689652, 22.2587621808338], [-102.45446364740957, 22.258770902053918], [-102.4553382445261, 22.258710129115563], [-102.456412263084, 22.258616363512985], [-102.45760032273837, 22.258820039712855], [-102.4583088107379, 22.259162905470568], [-102.4587370609718, 22.259650343492794], [-102.45904328120096, 22.26028257455903], [-102.45911464106565, 22.26072831535454], [-102.45910465715447, 22.261281118115104], [-102.45874242074815, 22.26153500156668], [-102.45842087321704, 22.26175115242], [-102.45829614748351, 22.262044863736076], [-102.45797394576725, 22.262297114885964], [-102.45764370971307, 22.262993863224125], [-102.45747090293159, 22.263767556006027], [-102.45744953216935, 22.264949875006675], [-102.45783180172869, 22.265768371209447], [-102.45809594427229, 22.26654890573905], [-102.45821317974075, 22.2668712314378], [-102.45823446148617, 22.267907515211864], [-102.45806699144904, 22.268385628202722], [-102.45757938700045, 22.268967062065077], [-102.45740856794711, 22.26963019325651], [-102.45739922565905, 22.270146893362014], [-102.45730445151025, 22.27099628693927], [-102.45705558044482, 22.271583714615904], [-102.45736381222498, 22.272105389499693], [-102.45731507447022, 22.272621472314466], [-102.456984152527, 22.273354317222065], [-102.45692130124203, 22.273477465820182], [-102.45694205858806, 22.273536472267374], [-102.4571133187849, 22.273620406421653], [-102.45726422974732, 22.273622770684845], [-102.45754157521772, 22.273807673034643], [-102.45777768559638, 22.273892622375715], [-102.45809879761825, 22.274037583896895], [-102.45829114353832, 22.27416247261737], [-102.45846134493172, 22.274305070145395], [-102.45867673940467, 22.274328755641683], [-102.45891285149065, 22.27441370347115], [-102.45912571804857, 22.27457728110332], [-102.4593160324956, 22.274781130967632], [-102.45961483493345, 22.274986678780685], [-102.45982696938337, 22.275190869671036], [-102.45999497230089, 22.275455307942963], [-102.46018516151359, 22.2756997805224], [-102.4604191166996, 22.275904312250628], [-102.46063308772845, 22.276006967173693], [-102.46089078360913, 22.27607193736142], [-102.46106425004031, 22.276034025631223], [-102.46129999998605, 22.27613927740826], [-102.46160170105442, 22.276184622082482], [-102.46181673271361, 22.276228610766122], [-102.46196622127422, 22.276309942770787], [-102.46222525779623, 22.276334306322212], [-102.46235435330892, 22.276336324942406], [-102.46248222217065, 22.27643988821189], [-102.46265316386172, 22.27654186784606], [-102.462846983611, 22.276585523587798], [-102.46306238290913, 22.276609203648057], [-102.46325486395841, 22.2766934635803], [-102.46340386077289, 22.276835725057712], [-102.46348703423182, 22.27699727043584], [-102.46359198626473, 22.277161413141158], [-102.46374061751459, 22.2773239814523], [-102.46401614774437, 22.27761040951089], [-102.46433475216978, 22.277895253236704], [-102.46463499346766, 22.278021821039015], [-102.4649808313758, 22.278006910920848], [-102.46535007945151, 22.277870488802815], [-102.4656764938042, 22.277755966676143], [-102.46599507321343, 22.277605209823992], [-102.46626288739017, 22.277580050633258], [-102.4667359801706, 22.277770251737582], [-102.4673631102565, 22.278260777190766], [-102.46775278465405, 22.27867311496584], [-102.46830455050149, 22.27890516522269], [-102.46878029204484, 22.278948698281738], [-102.46921663773132, 22.278991615576878], [-102.46976511776744, 22.279406425648606], [-102.47027619441558, 22.279710058731624], [-102.47126099047117, 22.280170034278065], [-102.47157595014075, 22.28032164625473], [-102.4719716089185, 22.280402291324993], [-102.4725667604132, 22.280447673993052], [-102.47296043252952, 22.280638878204694], [-102.47311257940947, 22.28101139366323], [-102.47334542299465, 22.281346796785005], [-102.47382182477848, 22.281354214227967], [-102.47413808790047, 22.281433618243828], [-102.47445305396566, 22.281585225162157], [-102.47544452599406, 22.281675134596604], [-102.47611705999826, 22.281834558243613], [-102.47646419237353, 22.28201825969676], [-102.47683306480846, 22.28220681252034], [-102.47698644331462, 22.28241006988464], [-102.47704296814047, 22.28253734040804], [-102.47717865419405, 22.28261167392001], [-102.47743091451693, 22.282744244554877], [-102.47776205294977, 22.282839672097573], [-102.47799394671145, 22.283026093189093], [-102.47820713481403, 22.28313999944695], [-102.47841971599338, 22.283287750936225], [-102.4785924938335, 22.283491308510555], [-102.47874620012189, 22.283676513621167], [-102.4788017149719, 22.2838601928565], [-102.47891578208986, 22.284024468938423], [-102.47912860719042, 22.28419253639232], [-102.47941836923295, 22.284397910794397], [-102.4796506320198, 22.284564022622604], [-102.47990127979492, 22.28478684462736], [-102.48013285596952, 22.284991314123793], [-102.48034475424046, 22.2851774217655], [-102.48049878828083, 22.285344574618115], [-102.48071234617032, 22.285438170748435], [-102.48092748130391, 22.285477623174312], [-102.48114233403138, 22.28549901495905], [-102.48141695215537, 22.285467166305164], [-102.48172902769933, 22.28554423449674], [-102.48190541184296, 22.285546972192925], [-102.4821015156648, 22.28553195974806], [-102.482258503644, 22.285534396039633], [-102.48245230318086, 22.285647996354392], [-102.48244906908198, 22.28582850609373], [-102.48260019614587, 22.286124261027027], [-102.4827533043015, 22.286343308622484], [-102.48298363454647, 22.28658386718714], [-102.48325655721383, 22.286680638233545], [-102.48353020772323, 22.286702939131967], [-102.48394084535967, 22.28672736413201], [-102.48411787771144, 22.28669399757256], [-102.48437508113861, 22.286551280907492], [-102.48455405212113, 22.286409607833452], [-102.48463583859721, 22.286210002749996], [-102.48471891730499, 22.285938193579447], [-102.48482102871384, 22.28572084744234], [-102.48500036161532, 22.285558866336977], [-102.485295668089, 22.285455107657743], [-102.48559162068253, 22.285349101415232], [-102.48580970430294, 22.28518997684838], [-102.48595088896435, 22.284991291322996], [-102.48613058231119, 22.284775146274168], [-102.48634834225209, 22.28466792693636], [-102.48656577825857, 22.284544903229556], [-102.48691951383118, 22.284496214572236], [-102.48723518230629, 22.284372454400735], [-102.4875679469296, 22.284377607629953], [-102.48784191714795, 22.284381849850384], [-102.48817468194886, 22.284387001838045], [-102.4885926678671, 22.284373159220838], [-102.4890045522064, 22.28436147809584], [-102.48931921113514, 22.28429412326574], [-102.48963487752046, 22.28417035818007], [-102.49164732630447, 22.28949417165911], [-102.51248776605456, 22.292376817246726], [-102.51247308526331, 22.29252104232076], [-102.51238521696916, 22.292655116833572], [-102.51232280114674, 22.29275572613238], [-102.51232076313998, 22.292870803626208], [-102.51228138864582, 22.293005621792386], [-102.51217047162784, 22.293071631615568], [-102.51209492605169, 22.29319460975107], [-102.51206684219547, 22.293410854238942], [-102.51206444421449, 22.293546239488307], [-102.51198905812292, 22.293660191853398], [-102.51189086358946, 22.293692541081995], [-102.51185249426442, 22.293804804167802], [-102.5118749428341, 22.293906715043974], [-102.51194665201278, 22.294000353442225], [-102.512079219287, 22.294081383131513], [-102.51211379837305, 22.29421733556514], [-102.51215945536028, 22.294378285287458], [-102.51215705735325, 22.29451367053027], [-102.51223929205129, 22.294697751632807], [-102.51224781880326, 22.294901015460223], [-102.51230744493176, 22.294992211376453], [-102.51250159781192, 22.29505387209361], [-102.51267254237193, 22.295056493779565], [-102.51286817394079, 22.29503466647659], [-102.51307648854582, 22.294981434920622], [-102.51322397772482, 22.294904700142013], [-102.51339552141455, 22.294873474709703], [-102.51349191897187, 22.294942663647202], [-102.51341657304695, 22.295054360273447], [-102.51323126741077, 22.29517791313801], [-102.5130949028466, 22.295311244346486], [-102.51299327114363, 22.29553764643818], [-102.51292964869067, 22.295672092891255], [-102.51290276393506, 22.295820644888455], [-102.51292441430161, 22.295967684127913], [-102.51298464062653, 22.29602503354071], [-102.51299456682872, 22.29614932264676], [-102.5130042532959, 22.29628715028204], [-102.51300205566106, 22.296411253472126], [-102.51291374546553, 22.29657014867256], [-102.51286365163104, 22.296659661827466], [-102.51272324894205, 22.29702089106221], [-102.51267035058795, 22.29723449797675], [-102.51275258720426, 22.29741857897064], [-102.51283626265068, 22.297521428782293], [-102.51296923322764, 22.297579893851264], [-102.51297911942041, 22.297706439366728], [-102.5130385472556, 22.29780891724448], [-102.51323294405458, 22.297857038922793], [-102.51342853960574, 22.29783746772143], [-102.51360008692767, 22.297806242406796], [-102.51374558160795, 22.297842328547144], [-102.51381813274381, 22.297888581500153], [-102.513952102769, 22.297890635259343], [-102.51406182483748, 22.297892317215155], [-102.51412245183688, 22.297927102079814], [-102.51419580197634, 22.297928226414168], [-102.51426975121699, 22.297895504364703], [-102.51422899737199, 22.29800547443987], [-102.51416473561201, 22.2981760241173], [-102.51410151925418, 22.298321762391385], [-102.51402697057873, 22.298388330680904], [-102.51395362020851, 22.298387206248286], [-102.51371012702504, 22.29837218818088], [-102.51352785332502, 22.298324252888733], [-102.51334458088483, 22.29833272794473], [-102.51324498469153, 22.298444052459146], [-102.51319084763077, 22.29872760859438], [-102.51319994163869, 22.2989331381463], [-102.51322339060216, 22.298978638410325], [-102.51327068815193, 22.299047074718242], [-102.51326849045111, 22.299171177891356], [-102.51315652967688, 22.29929585488958], [-102.51302235858037, 22.299305082455337], [-102.51293568477013, 22.29937146420353], [-102.5126418884925, 22.299423383916107], [-102.51238426450693, 22.299487143133852], [-102.51219895181873, 22.29961069413737], [-102.51208662997391, 22.299755678043248], [-102.51192841010682, 22.299753250540178], [-102.51168410897557, 22.299749502024085], [-102.51147618664392, 22.299780166884183], [-102.51125494036312, 22.29987833792715], [-102.51101892364841, 22.300091390520862], [-102.51080920075569, 22.30022359322251], [-102.51067178863006, 22.30041558848655], [-102.51055826444596, 22.30062826360461], [-102.51040632078428, 22.3009216018455], [-102.51029415606456, 22.30105755855871], [-102.51009695541366, 22.301167382130032], [-102.50987550599119, 22.301276833059696], [-102.50969162959085, 22.30131914982592], [-102.50939942956998, 22.301280806597894], [-102.50920603064299, 22.301176269679736], [-102.50901183141026, 22.301116860824976], [-102.50868185823151, 22.30115693205719], [-102.50845980171572, 22.301266371638143], [-102.50825327833995, 22.3012180576604], [-102.50805867911598, 22.30118121181333], [-102.50789965167625, 22.301190052976473], [-102.50769232764178, 22.301186866535428], [-102.50753290505817, 22.301252126926073], [-102.50734922855388, 22.301283158918785], [-102.50722573773793, 22.301373798620077], [-102.50711360453766, 22.3014736409274], [-102.50695438172723, 22.30152761864286], [-102.50679455259676, 22.30158158686927], [-102.50667046014452, 22.301706072226562], [-102.50652215389604, 22.30179407271942], [-102.50648337677966, 22.30192889792394], [-102.50635928373656, 22.302053382984486], [-102.50619965420725, 22.302096068502937], [-102.50605135228096, 22.302217923940677], [-102.50597519464172, 22.30237474427197], [-102.5058878745107, 22.30247722427036], [-102.50574117534427, 22.30250882305914], [-102.5056087446793, 22.302556440378673], [-102.50548509130998, 22.302656104161933], [-102.50539801120306, 22.302745045403363], [-102.50524058586142, 22.30266362751456], [-102.50506051597314, 22.302491580126567], [-102.50493926824808, 22.302455859099275], [-102.5048321899943, 22.30230524785937], [-102.50459069767287, 22.302177395278367], [-102.5043225462434, 22.302150698061123], [-102.50422474537956, 22.302160477855946], [-102.50410189375091, 22.302215012435372], [-102.50398024093197, 22.302167999379673], [-102.50376259707477, 22.30206308296221], [-102.50353022150036, 22.302104645858844], [-102.50329764085326, 22.302123635041855], [-102.5030541440638, 22.302108600473712], [-102.5028819882484, 22.30217365994668], [-102.5027340850099, 22.30227294805066], [-102.50246372648454, 22.30237034987656], [-102.50220585317837, 22.302447630373486], [-102.5016758173149, 22.302757704211732], [-102.50152670415065, 22.30289082773248], [-102.50125554058614, 22.30303335534088], [-102.50096273850964, 22.303028842772026], [-102.50064729464364, 22.302933699956416], [-102.50040765369128, 22.302702047081418], [-102.50024031712886, 22.30249633581019], [-102.5000637093374, 22.30213023324142], [-102.50000469175961, 22.302005187378835], [-102.49981254565678, 22.301830691485556], [-102.49963007655238, 22.301827877887593], [-102.49925743535344, 22.301982379428097], [-102.49856696226469, 22.301971729113795], [-102.49804077234225, 22.301963610837912], [-102.49762204851325, 22.302015831742057], [-102.49720469203424, 22.301991334179057], [-102.49689613160365, 22.30198657118911], [-102.49665999447555, 22.30200098184459], [-102.49656785616689, 22.30206726971949], [-102.49656363174547, 22.302304190844723], [-102.49638060452222, 22.3024006734741], [-102.49618083672831, 22.302381789744985], [-102.49596292552101, 22.302394223752533], [-102.49580194769953, 22.302274373059237], [-102.49568096238588, 22.30191815366705], [-102.49544937366367, 22.301677590498542], [-102.49523443988953, 22.301489195585752], [-102.49502075699094, 22.30126470757399], [-102.49495280290334, 22.300995073466158], [-102.4948130732333, 22.300704017377566], [-102.49470814374841, 22.30046766712524], [-102.49451144130704, 22.300311151265113], [-102.49416892920594, 22.300170438154712], [-102.49368093006869, 22.300027475801546], [-102.49342930912046, 22.299890423019477], [-102.49304921894864, 22.299816837104967], [-102.49270489676324, 22.299777658496854], [-102.49226964701627, 22.299770928171395], [-102.49194230218627, 22.299799720739454], [-102.49165104697946, 22.2998448699357], [-102.4911972874653, 22.299822051348837], [-102.49090845123555, 22.299731816227318], [-102.49063836582285, 22.299610272692746], [-102.4903486029562, 22.299571933423532], [-102.49021888213403, 22.299705346116085], [-102.4898739566253, 22.299700007301393], [-102.48960177470721, 22.29969579390629], [-102.48927564042194, 22.29965688965737], [-102.48913317953685, 22.29948540856946], [-102.48900890577572, 22.29934806405894], [-102.48888713867068, 22.299240099337574], [-102.48860008111613, 22.299050579675608], [-102.48827697574495, 22.298842445206198], [-102.48788080560442, 22.298651234357372], [-102.4876840736279, 22.29849696749164], [-102.48752435870888, 22.29827330684866], [-102.48720004558592, 22.298132861825927], [-102.4868729873281, 22.298145849780497], [-102.48647443893321, 22.298121617011972], [-102.48604069066879, 22.29799752957375], [-102.48565939926799, 22.297991618358438], [-102.48518867518429, 22.297934665425338], [-102.48489831208937, 22.297930162448484], [-102.48460617081402, 22.297991084341415], [-102.48411423010641, 22.298103074103604], [-102.48376991659961, 22.298063877116864], [-102.48337225973764, 22.297956141690445], [-102.48300947832116, 22.297932455513724], [-102.48244693873252, 22.297923723558966], [-102.48217476181185, 22.297919498024243], [-102.48185134609, 22.29772940277636], [-102.4816191823956, 22.297522668062808], [-102.48122213628079, 22.297381082150434], [-102.48075352315325, 22.297172930766088], [-102.48048410072644, 22.297015269694526], [-102.4801046355153, 22.296907809265498], [-102.47985214457016, 22.296820377105863], [-102.47965331917047, 22.296783432433696], [-102.47930840364187, 22.296778071824374], [-102.47903412342426, 22.296891172092362], [-102.47861492698533, 22.29697042098797], [-102.47810694922616, 22.29696252253322], [-102.47776635291856, 22.29705427637194], [-102.47733200830056, 22.296997866844958], [-102.4770983127456, 22.2968768680234], [-102.47680734747145, 22.29687234134174], [-102.47646125468688, 22.296966263856735], [-102.4762036188383, 22.297131528853438], [-102.4759641656504, 22.29733093120835], [-102.47565197020278, 22.297529200872987], [-102.47550466177425, 22.297628472273885], [-102.47515852592903, 22.297724648099408], [-102.47488574474578, 22.297720400937166], [-102.47459416710757, 22.297783570207443], [-102.47437533093506, 22.297847871816906], [-102.47424803300683, 22.29784588924008], [-102.47406650093261, 22.29785886073264], [-102.4738682852002, 22.29778806366753], [-102.47376160816964, 22.297650982789293], [-102.47359883274416, 22.297598793379656], [-102.47339972456597, 22.297577635555495], [-102.4733963551335, 22.297764912825386], [-102.47321388941646, 22.297829779468856], [-102.47310327479212, 22.297911564370725], [-102.47282196356917, 22.29841500225724], [-102.47265407098469, 22.298647112099452], [-102.47251945934046, 22.299085125956996], [-102.47246035394761, 22.299336986890726], [-102.47229286570894, 22.299546532674146], [-102.47219921311168, 22.29973014543938], [-102.47201463512478, 22.299878485917226], [-102.47181243665091, 22.300028808415664], [-102.47157541032308, 22.300092822249027], [-102.47121079964226, 22.30017064499824], [-102.47091982545571, 22.300199961794874], [-102.47068251752911, 22.300245914023247], [-102.47060822678947, 22.300364375212638], [-102.47060273955827, 22.300668982054958], [-102.4705975774097, 22.30095553810983], [-102.47042540958573, 22.301424561332844], [-102.47034624319292, 22.30177992920572], [-102.47032106490055, 22.30216773701422], [-102.47025890457421, 22.302588822508188], [-102.47032404594897, 22.30301189411393], [-102.47042555975574, 22.30343553317033], [-102.47065588475404, 22.30374381874575], [-102.4709238025182, 22.303984981044007], [-102.47158666000426, 22.30448508430388], [-102.47191129321727, 22.304607509614524], [-102.47225529155081, 22.304664783752848], [-102.47254477201365, 22.304718950328386], [-102.47292514360993, 22.30477679010203], [-102.47315945655917, 22.304863950473102], [-102.47337558055659, 22.304984681822827], [-102.47355379205302, 22.30515673274962], [-102.47365832162306, 22.30541340076376], [-102.47379776545371, 22.30571800942389], [-102.47380896773174, 22.306106385186972], [-102.47383864073137, 22.306479249864783], [-102.47383315883913, 22.30678385723982], [-102.47382800171322, 22.30707041379586], [-102.4738228445034, 22.30735697034065], [-102.47385495395201, 22.307594453951832], [-102.47385040579594, 22.30784716522497], [-102.47369971388311, 22.30813371082294], [-102.47336995009638, 22.308329442995795], [-102.47311228882128, 22.308494700588504], [-102.47271931335152, 22.30869847388986], [-102.47241307452829, 22.308833632151345], [-102.47212037871878, 22.30892386135487], [-102.47187864976311, 22.30897877316778], [-102.47167657625458, 22.3089530518087], [-102.47151062207071, 22.30904299957737], [-102.47132893220113, 22.309265863517084], [-102.47104685161098, 22.309473619173716], [-102.47078111992322, 22.309480758207293], [-102.47038339953669, 22.30977924440534], [-102.47015289463098, 22.309917836817903], [-102.46990860084084, 22.310114895073163], [-102.46958746560388, 22.310403289478014], [-102.46949493195197, 22.310591431065443], [-102.46925128299094, 22.310786241241217], [-102.46896960334554, 22.310971429260285], [-102.46875121565108, 22.31114406324751], [-102.46851773577704, 22.311447365799932], [-102.46834856110853, 22.311715560699096], [-102.46821611769636, 22.312031725585197], [-102.46802168313506, 22.312288240592437], [-102.46786463120672, 22.312556624182548], [-102.46774556830937, 22.3128368859509], [-102.46761478721403, 22.3130943947567], [-102.46742994999293, 22.313490991173996], [-102.4672872916902, 22.31370091756525], [-102.46719132659298, 22.314112444142424], [-102.46717480760655, 22.314322084545946], [-102.46716906474255, 22.31464022807643], [-102.46713848904085, 22.31478871049793], [-102.46700966461385, 22.314904059798703], [-102.4669565758881, 22.315056704255824], [-102.46695022129614, 22.315408692750502], [-102.46707224384731, 22.315670151771652], [-102.46719410860877, 22.315906781556865], [-102.46740611165448, 22.316088395557475], [-102.46759098267493, 22.3163621212798], [-102.46764849007839, 22.316703822914853], [-102.46757762406932, 22.31710219987885], [-102.46749736122258, 22.317349212704457], [-102.46749267722646, 22.317608691439737], [-102.46747591332452, 22.317831869816352], [-102.46750959148949, 22.318049065551126], [-102.46755587910737, 22.318273229253897], [-102.46747561533084, 22.318520241970585], [-102.46741939351806, 22.318812769817477], [-102.46741576814348, 22.319013583747697], [-102.46730898107009, 22.31931886307497], [-102.46711477786656, 22.319561837675817], [-102.46675175134447, 22.320052696718488], [-102.46655774984856, 22.320284388774333], [-102.46633828415649, 22.320515682385], [-102.4662070894275, 22.320761897777558], [-102.46617653103785, 22.321043541298526], [-102.46614763849767, 22.321266529605648], [-102.46611813954908, 22.32148950841256], [-102.46617630135457, 22.3217612544239], [-102.46622209314631, 22.322046348811995], [-102.46619153422866, 22.322327992272324], [-102.46593700232039, 22.322418804467922], [-102.46563349932568, 22.322400515707546], [-102.46537031785577, 22.32223164017681], [-102.46519687197744, 22.32203031356609], [-102.46505043991718, 22.321743644595752], [-102.46474012034082, 22.321397987133157], [-102.46452721654805, 22.321266008594755], [-102.46428803377543, 22.321178757936313], [-102.46397196537099, 22.321151241768025], [-102.46346213408599, 22.321341874724684], [-102.46325641389546, 22.32151695459978], [-102.46305093805753, 22.321678496194817], [-102.46290912102896, 22.32184103426913], [-102.46287982084014, 22.32205273034273], [-102.46269748096009, 22.322343280731648], [-102.46248476264735, 22.322536305558106], [-102.46223002444385, 22.3226383932942], [-102.46205172444738, 22.32270556648088], [-102.46164607467823, 22.322735323418126], [-102.4612786677883, 22.32272956710832], [-102.46089701133099, 22.32284094878576], [-102.46063994311115, 22.32307164428688], [-102.46060720742496, 22.323472870719012], [-102.46070036826343, 22.323921209574426], [-102.4608943304204, 22.32439595477231], [-102.4610764194501, 22.32482311751714], [-102.46121035847783, 22.325096052069057], [-102.46135743221022, 22.325380477177397], [-102.46152487182619, 22.325913487338877], [-102.46164521632399, 22.32626745934385], [-102.46171696020942, 22.32649202287536], [-102.46183877579561, 22.32676476713068], [-102.46188501470466, 22.326991187985254], [-102.46187778596996, 22.327390557385193], [-102.46183317043298, 22.3277780561777], [-102.46170917832974, 22.328329069551994], [-102.46160110365955, 22.328704289002903], [-102.46151786767203, 22.3291814609074], [-102.46147598709754, 22.329417785740564], [-102.46149553517742, 22.329711497285196], [-102.46160547771538, 22.329936659520985], [-102.46166444289943, 22.330197134295755], [-102.4616590915188, 22.330492712612887], [-102.4615143280246, 22.33078384921616], [-102.46131899434099, 22.331087734836906], [-102.4611374957083, 22.331330899018596], [-102.4610073425599, 22.33151844374297], [-102.46099076866798, 22.331730338377557], [-102.46102385892631, 22.332012977327214], [-102.46114764475283, 22.332143564493705], [-102.46137476401188, 22.332194520535136], [-102.46167853179657, 22.332199281252993], [-102.46193324117816, 22.332133306821163], [-102.46222492969564, 22.332101765808325], [-102.46252890167949, 22.332095243293768], [-102.4628199367363, 22.332099802380384], [-102.46312370465714, 22.332104560370578], [-102.46340049651688, 22.332192403034927], [-102.46373927916818, 22.33237375152991], [-102.46392693628786, 22.33249405208538], [-102.46415320042497, 22.332592387233205], [-102.4643793075039, 22.332665893002545], [-102.46461744819446, 22.332811809763037], [-102.4647420486512, 22.33293112239878], [-102.46493056431788, 22.333004039045196], [-102.46522115302078, 22.333033413608415], [-102.46556251589406, 22.333038755526168], [-102.4659318679886, 22.332938457139456], [-102.46621168161154, 22.332859326868324], [-102.46658063046564, 22.332747735771743], [-102.46669588407246, 22.332679572408814], [-102.46703997275814, 22.332567591367706], [-102.46727589021198, 22.332467459949317], [-102.46749390796765, 22.33231739495069], [-102.46771106938031, 22.332214712607847], [-102.46786305841133, 22.33219451902885], [-102.4680906294656, 22.332220646207386], [-102.4682793501172, 22.332282277360903], [-102.46849308849396, 22.33236912600013], [-102.4686543833941, 22.332572517295528], [-102.46880278765653, 22.332750880326262], [-102.46891400724161, 22.33290609245104], [-102.46912542508001, 22.333121551486194], [-102.4692850563078, 22.333383597550583], [-102.46941986918026, 22.33364299875872], [-102.46956717576657, 22.333882282331615], [-102.4697146818782, 22.334144138644245], [-102.46979831954566, 22.3344162819602], [-102.4699218672526, 22.33459425587257], [-102.47009468250629, 22.334831680601532], [-102.47024435319886, 22.334940096219274], [-102.47035492444566, 22.335131409016245], [-102.47045321072886, 22.335297703178497], [-102.47062562051886, 22.335557690858504], [-102.47077333371577, 22.335808264817793], [-102.47093341856444, 22.336045490034493], [-102.47108239479434, 22.336226117323715], [-102.47135793908025, 22.336383894042505], [-102.47172160359544, 22.33656561580101], [-102.47202241245486, 22.3367350707822], [-102.47225951076443, 22.33693964244382], [-102.47242004697756, 22.337152046774204], [-102.47267759182067, 22.33743367419664], [-102.4729143300161, 22.3376246975745], [-102.47322978801878, 22.33768830130497], [-102.4735335704956, 22.337693040906572], [-102.4738515505387, 22.337616750245363], [-102.47419609498462, 22.33747993486957], [-102.47453958524038, 22.337367929019457], [-102.47479580455921, 22.33721844995716], [-102.47514055386553, 22.337036496039378], [-102.47537150852693, 22.3368753371744], [-102.4755651161093, 22.336666199215937], [-102.47570989977137, 22.33637279173618], [-102.47583088221141, 22.335986476947152], [-102.47603953694542, 22.335648924921067], [-102.47620812217386, 22.335414569219385], [-102.47640213258977, 22.335182866448076], [-102.47665899588303, 22.33499728227736], [-102.47691521155737, 22.334813944534496], [-102.47715698500586, 22.334759029310796], [-102.47738456606442, 22.334751289273687], [-102.47753424032533, 22.334893553350632], [-102.47754124830603, 22.335211896945786], [-102.47753722842052, 22.335435275538], [-102.47757100492544, 22.335647957896114], [-102.4776552652288, 22.335920108048082], [-102.4776754559636, 22.33617997542053], [-102.47772086703377, 22.336487632202058], [-102.47767612957944, 22.33685030948816], [-102.47746873536639, 22.337117916967223], [-102.47722435567583, 22.337351093240283], [-102.47710678717796, 22.33754787602644], [-102.47693674103687, 22.33782960636455], [-102.47675143905929, 22.33828488623351], [-102.47656845149662, 22.33861155398849], [-102.47648778134227, 22.338881134476257], [-102.47628119425332, 22.339103612959008], [-102.47617720966927, 22.339253209957803], [-102.4761078121442, 22.339570362404544], [-102.47610163533736, 22.339913326948878], [-102.47605896104717, 22.340194784173416], [-102.4759129133853, 22.340558138241516], [-102.47574436122488, 22.340790236536943], [-102.47564033401156, 22.340942089337883], [-102.47556116764933, 22.34109432964343], [-102.47550681481418, 22.341316923075734], [-102.475556022331, 22.34161561134854], [-102.47567681913408, 22.341947013405242], [-102.47577296170581, 22.342232891493026], [-102.47591992142661, 22.34249247799933], [-102.47611903646964, 22.342685168050547], [-102.47635911720185, 22.34272502185629], [-102.47656059008258, 22.34278684340282], [-102.47674827281244, 22.34290713126469], [-102.4769096348012, 22.34307440534167], [-102.47710919898505, 22.34324227455378], [-102.47734822486943, 22.343340792020378], [-102.47757602012184, 22.34335562593188], [-102.47784161402934, 22.34335976343656], [-102.47813267591737, 22.343364297189076], [-102.47837466724621, 22.343298099777797], [-102.4785162891567, 22.343146830631536], [-102.47848547475921, 22.34276943487303], [-102.47838762078199, 22.342578324521106], [-102.47826405566175, 22.342400355581514], [-102.47820480985038, 22.342187276632245], [-102.47821073856598, 22.3418578497192], [-102.47825280036454, 22.341610236859204], [-102.47833407571947, 22.341340664847234], [-102.47843891258255, 22.341143683090305], [-102.47848117663898, 22.340884788346514], [-102.47847100076399, 22.34074244003471], [-102.4785004876291, 22.340519458004323], [-102.47862912640831, 22.340415382942588], [-102.47887030300033, 22.340360456584214], [-102.47911058398556, 22.340389024266436], [-102.47932397717145, 22.340496167447707], [-102.4796271178538, 22.340536997812727], [-102.47988017601153, 22.340529651522626], [-102.48022427712198, 22.34041764334871], [-102.48048033714024, 22.340243325968533], [-102.48078708791103, 22.340083338667043], [-102.48091783385972, 22.339861931178344], [-102.48120102209458, 22.339595498116083], [-102.48136911619078, 22.33942206779375], [-102.48158542949422, 22.339366750447958], [-102.48179987941435, 22.339381370394708], [-102.48204040304745, 22.33939639549162], [-102.48239658511247, 22.339320681970733], [-102.48262547110427, 22.339240731796323], [-102.48280670201264, 22.33904493414637], [-102.48303664098165, 22.338906318018296], [-102.48335275681819, 22.338933800957246], [-102.48364085322366, 22.339103038169192], [-102.48378794584697, 22.33938970439526], [-102.48384043406537, 22.339979594020576], [-102.48377275327567, 22.340235839033756], [-102.48365344839138, 22.340529650564186], [-102.48358597089533, 22.34074075883525], [-102.48344184438331, 22.341031927396344], [-102.4833108577745, 22.341266875311124], [-102.48328162134298, 22.341476320747446], [-102.48327610990968, 22.341783185389023], [-102.4832699904853, 22.342123895380347], [-102.48317574511357, 22.342440665678463], [-102.48304224357142, 22.342815507308096], [-102.48298976590463, 22.34293431183841], [-102.48298640168764, 22.34312158944982], [-102.4829963794339, 22.343275219663916], [-102.48291636622675, 22.343508702409746], [-102.48293676906229, 22.343757288127993], [-102.48303231975999, 22.344077008677463], [-102.48321276643127, 22.34436419410796], [-102.48338472438313, 22.344651247437756], [-102.48349430759231, 22.344898962346907], [-102.48364205314938, 22.345149527339064], [-102.48382824641416, 22.345353293038368], [-102.48398986325655, 22.34550702290229], [-102.4841658759589, 22.34556843983901], [-102.48426499589985, 22.345689600448438], [-102.48442782773806, 22.345809493995162], [-102.48462975518302, 22.345846486262136], [-102.4848303864763, 22.345955681779984], [-102.48506901957698, 22.346042897518704], [-102.48530805689299, 22.346141404150618], [-102.48556092337755, 22.346145331687183], [-102.48574013680395, 22.346028494553167], [-102.48593516055247, 22.345774226329787], [-102.48621730070631, 22.345566450284977], [-102.48652701346619, 22.345241738223862], [-102.48697834015236, 22.344765748203503], [-102.4871191047089, 22.34469570932427], [-102.48723561483308, 22.344557584128808], [-102.48744320657022, 22.344278681821674], [-102.48762492462788, 22.344021947611736], [-102.48778218476515, 22.343742263720237], [-102.48795286642783, 22.343390564081886], [-102.48818782403417, 22.343006006432372], [-102.48854773461426, 22.342688839327014], [-102.48894119521445, 22.3426656008569], [-102.4892758775632, 22.342503773310863], [-102.48958703158955, 22.34203011488068], [-102.48977375519088, 22.341696717426995], [-102.49021563978545, 22.34117091617426], [-102.49242265815444, 22.339927647934157], [-102.49412862132218, 22.34109384215527], [-102.49406140423318, 22.341392983047974], [-102.49394716738836, 22.341540177115903], [-102.49388160310042, 22.341712951420586], [-102.49393788597249, 22.342059143623782], [-102.49378355058374, 22.3423456509153], [-102.49364340153546, 22.342551125594177], [-102.4936257040833, 22.342862317660654], [-102.49370830028137, 22.343093810209353], [-102.49386608758952, 22.343292611581163], [-102.49384467630611, 22.34377753520514], [-102.49368006831378, 22.343993916184562], [-102.49351650839387, 22.344117776193173], [-102.49331656393996, 22.344207217710874], [-102.49328818981408, 22.34440313735313], [-102.49333278694772, 22.34469046673626], [-102.49326762457655, 22.344874531784967], [-102.49311740229376, 22.3449308878091], [-102.49294542751427, 22.344846972925993], [-102.49284929013069, 22.344660410329226], [-102.49271777902017, 22.344416874929728], [-102.49259532651709, 22.34431115664709], [-102.49244655909513, 22.34432013764342], [-102.49225914546066, 22.34438720186895], [-102.49219402229481, 22.344569010002054], [-102.49213892653945, 22.34486833730041], [-102.49207129870724, 22.345190040401796], [-102.49201701015457, 22.34544424015569], [-102.48612818056273, 22.347761117708213], [-102.48601453746754, 22.34787445941073], [-102.48601382776769, 22.348623768882796], [-102.48470920193675, 22.34875246419959], [-102.48315973085118, 22.350793522942325], [-102.4820425796891, 22.351053757894704], [-102.47863243155254, 22.352465454356047], [-102.47602090745974, 22.353248548279012], [-102.47499832230756, 22.353577915791366], [-102.47269152211618, 22.354279941417502], [-102.46969696954774, 22.355007292694605], [-102.46330957741785, 22.3574147864041], [-102.46086309869901, 22.358353681031904], [-102.45952807310351, 22.35894887643387], [-102.45805062928513, 22.359268731504464], [-102.45650480202482, 22.35931214972345], [-102.45480787835783, 22.35955855884265], [-102.45295918436521, 22.360077908152117], [-102.45155386683366, 22.360466545238694], [-102.44972982112802, 22.360963674424372], [-102.4487638552863, 22.359179005592797], [-102.44829107242342, 22.356429368510664], [-102.45040535096427, 22.355180747741525], [-102.44849865153122, 22.352893757501334], [-102.44233294424431, 22.354744176085255], [-102.43239349787397, 22.357586241124004], [-102.4283737945306, 22.35255494084919], [-102.42209940963865, 22.34721684240625], [-102.41749526651041, 22.343062975899425], [-102.42302302555838, 22.339178887013798], [-102.42219037490962, 22.334062755746892], [-102.41779531739385, 22.329806178889786], [-102.4174714603221, 22.327830735374135], [-102.41458551439709, 22.324464794677088], [-102.41342945962442, 22.32411232039247], [-102.41288857153441, 22.32391184743714], [-102.41147903955874, 22.323460522283256], [-102.41110906266688, 22.323298884681908], [-102.41069020199112, 22.323025876952645], [-102.40927640808691, 22.32162431128449], [-102.40764902885051, 22.32009970282406], [-102.40647496720378, 22.319182670817302], [-102.40556865157984, 22.318380506188795], [-102.40521123558769, 22.31813103882193], [-102.40349592647863, 22.317200806467106], [-102.40244803798937, 22.31657916640047], [-102.40129283842091, 22.316186002272723], [-102.40068439682446, 22.31590316083369], [-102.39960592711103, 22.31555861075025], [-102.39847485555755, 22.312556853681926], [-102.39651208444349, 22.309609442156777], [-102.39526391704439, 22.309361444810644], [-102.3951978420482, 22.309360383041554], [-102.39511782462698, 22.309359097193465], [-102.39509675548248, 22.309318134710825], [-102.39509801179126, 22.309250448393712], [-102.39504690424207, 22.309227058257232], [-102.39497349114768, 22.309261988610714], [-102.39495129131974, 22.309281943792865], [-102.39490703929376, 22.309281232619888], [-102.39490808629233, 22.30922482736395], [-102.39490144018905, 22.309190867304405], [-102.39486494304423, 22.309197051401163], [-102.39483559455506, 22.30921012102886], [-102.394814274227, 22.309182695779405], [-102.39482280495984, 22.309115126385684], [-102.3948605584939, 22.309041255990486], [-102.39495008947308, 22.30895467638842], [-102.39495134582985, 22.30888699007621], [-102.3950243399494, 22.30887462181859], [-102.39515563202873, 22.308890272951146], [-102.39525118081328, 22.308871496375403], [-102.39527501358354, 22.308763548911106], [-102.39525536814939, 22.30864587527572], [-102.39510388659814, 22.30854188134327], [-102.39489335372424, 22.308450479600385], [-102.39481409067614, 22.308408581866377], [-102.39470499881803, 22.308372975345808], [-102.3945895123129, 22.308289871432923], [-102.39445947745381, 22.308206533608914], [-102.39431426596381, 22.30815680498346], [-102.39420479745868, 22.308141504039657], [-102.39405858075996, 22.30814592421714], [-102.39386182142962, 22.308129219759827], [-102.39375912451473, 22.308141109970645], [-102.39365743313407, 22.308098851115506], [-102.39362248648565, 22.308021555249272], [-102.39355001785616, 22.30797299554036], [-102.39344993846842, 22.307876597326253], [-102.39332617330675, 22.30784752464165], [-102.39321808805522, 22.30775776821208], [-102.39313847121367, 22.307702322747335], [-102.39302223194562, 22.307659829584228], [-102.39286259896681, 22.307603097170606], [-102.39272491447515, 22.307539946978935], [-102.39260064685381, 22.30753794826076], [-102.3924771337234, 22.30749533773343], [-102.39237709736813, 22.30739668274839], [-102.39230550980322, 22.307300742223322], [-102.39219052875472, 22.3071905623394], [-102.39209045089373, 22.307094163419947], [-102.39198901238994, 22.307038366399482], [-102.39180592996871, 22.306938375059985], [-102.39154636968951, 22.306744620925357], [-102.39113348890706, 22.306546142254646], [-102.39074991559981, 22.30633684993592], [-102.3893009830353, 22.305148974262213], [-102.38568734531272, 22.30403001211128], [-102.3842004664531, 22.304394211009775], [-102.38273279311076, 22.304736136964436], [-102.38151034293742, 22.305226449395118], [-102.38035329177056, 22.305850963721056], [-102.37519841655215, 22.30732481619099], [-102.37438798897712, 22.30727783906905], [-102.37239217756508, 22.308103105928584], [-102.37167217426331, 22.308472841666763], [-102.37081298439155, 22.308698134676725], [-102.37037920197662, 22.30884005052577], [-102.36920194777797, 22.309276832117593], [-102.36745786310128, 22.309900745417874], [-102.36667997300987, 22.310122821864134], [-102.36510820087597, 22.310546391349565], [-102.36470426790075, 22.31064815305363], [-102.36432177568207, 22.31077057393854], [-102.36395418320085, 22.310906777239538], [-102.36275243202401, 22.311451438724667], [-102.36211868569079, 22.311714203490553], [-102.36172262835008, 22.311816085460652], [-102.36111710241518, 22.311835566744723], [-102.36005516603858, 22.31197399533361], [-102.35951147575868, 22.31212311739824], [-102.35917938643787, 22.312273428570823], [-102.35801713472077, 22.31268328582847], [-102.35724468313796, 22.312808359143926], [-102.35694130481816, 22.312979445035992], [-102.35619987398765, 22.313163696664798], [-102.35473907458645, 22.313358773386817], [-102.35452075053813, 22.313456767195998], [-102.3537229400516, 22.31351144743135], [-102.35221005226474, 22.313317475937673], [-102.3520207106698, 22.31319702751325], [-102.35055075614304, 22.314037368212745], [-102.34997560060442, 22.314278472086762], [-102.34863812235885, 22.314685392916346], [-102.34750254921018, 22.31496471120542], [-102.34586707058556, 22.314102911777326], [-102.34543461869633, 22.314012326724324], [-102.3439489993649, 22.313723938740733], [-102.34330926136258, 22.31356450331531], [-102.34271337599104, 22.31336290500447], [-102.34237754997329, 22.31335739847947], [-102.34155577470891, 22.3131408077391], [-102.34112019808254, 22.31299148321323], [-102.34076451012056, 22.31285023882941], [-102.33944268385102, 22.3122395177806], [-102.33876828587593, 22.31154237560585], [-102.33733012608513, 22.31086428136572], [-102.33662417266432, 22.310329103305122], [-102.33533948468482, 22.30987242497779], [-102.33377093822246, 22.309356904900127], [-102.33193522284654, 22.30886179797936], [-102.3311364605985, 22.30530095742874], [-102.3322935895862, 22.305320002851882], [-102.33229590496082, 22.305198173600054], [-102.3323035528469, 22.30511479774418], [-102.33232430386008, 22.304948135794437], [-102.33237373265223, 22.304867704240785], [-102.33243472095896, 22.3047852060696], [-102.33250112751657, 22.30473664906908], [-102.33254987017375, 22.304692315008552], [-102.33256985503478, 22.304597858092443], [-102.33261902037127, 22.30449936767738], [-102.33269999307426, 22.304322412433095], [-102.33275539706665, 22.30424659263645], [-102.33278668401123, 22.304163605634216], [-102.33280675433342, 22.304064636463288], [-102.33283846985427, 22.30395908845635], [-102.33284027021332, 22.30386433231371], [-102.3328410846583, 22.303821466439263], [-102.3328237578272, 22.303776045311167], [-102.33282491519785, 22.30371513064754], [-102.33286196326907, 22.303648036019272], [-102.33287502903725, 22.303598601278892], [-102.33287618637549, 22.30353768661139], [-102.332889466444, 22.30347697137354], [-102.33290871608831, 22.303389272688822], [-102.33293948834287, 22.303333358809287], [-102.3330317435442, 22.303296510754812], [-102.33306382589242, 22.30329929530736], [-102.33246811420176, 22.301177126655283], [-102.33239726515636, 22.301076661650647], [-102.33233962236977, 22.300983184314592], [-102.33232159213543, 22.300879074690133], [-102.33233655584534, 22.300793562339503], [-102.3323906175622, 22.300724490872003], [-102.33248425478533, 22.300678638513528], [-102.33256438576478, 22.300641591118442], [-102.33267699631098, 22.300650214076118], [-102.3327290433677, 22.300687179141104], [-102.33280737420871, 22.30074488779676], [-102.33287344793064, 22.300777569947087], [-102.33295285031696, 22.30077887605052], [-102.33299297701066, 22.300741170406255], [-102.33304106287008, 22.300667486788505], [-102.33304901590222, 22.300599913457535], [-102.33302431778613, 22.300495694194055], [-102.33297321354136, 22.300409095025902], [-102.33284257254373, 22.30029636268746], [-102.33274458274254, 22.300220276242836], [-102.33267992977227, 22.300144738149324], [-102.33266762373223, 22.300090372405027], [-102.33267514827727, 22.300045360096632], [-102.3327091707295, 22.30000981089756], [-102.33270366059786, 22.29994878653399], [-102.33268447292605, 22.299905591610475], [-102.33265806075356, 22.29989161629923], [-102.3325857976928, 22.29986560269086], [-102.33252041630183, 22.299828418241628], [-102.33248823694832, 22.299766955139134], [-102.332489779995, 22.299685735569746], [-102.33249080868882, 22.29963158918963], [-102.33248534151139, 22.299568308727707], [-102.33249385188952, 22.299471406146097], [-102.33250193363365, 22.299397064554547], [-102.33250300516939, 22.2993406620727], [-102.33247156061518, 22.29927244064874], [-102.33242536098838, 22.29924685576366], [-102.33242686116931, 22.29916789229242], [-102.33237541480277, 22.299099341799778], [-102.33232314804933, 22.299042061818678], [-102.33229041771537, 22.299041523342265], [-102.33222981199381, 22.299072121502398], [-102.33218938558333, 22.299125619682577], [-102.33212211848901, 22.29918770345458], [-102.3320679656279, 22.299229691734407], [-102.33196748459746, 22.299252863280277], [-102.31841013388677, 22.298033979588364], [-102.31832985721303, 22.30322100171705], [-102.31396806375709, 22.30210842082638], [-102.30204003986972, 22.299051051109057], [-102.30101622186356, 22.301089923444206], [-102.30088287755311, 22.30108770369039], [-102.30078867131955, 22.301068081296986], [-102.30062736039562, 22.301038314608125], [-102.30023819688977, 22.300970902501145], [-102.30001852360365, 22.30101237977005], [-102.29983725208454, 22.301043212458964], [-102.29963056589894, 22.301102959547446], [-102.29938409473493, 22.301119165239733], [-102.29919814922772, 22.301109297657383], [-102.299041383836, 22.3010954024456], [-102.29885297215233, 22.301056155514317], [-102.29865027443209, 22.30100312979835], [-102.2984123374284, 22.300922435567074], [-102.29825250014895, 22.30087915056521], [-102.29811746826923, 22.30087013015399], [-102.297974296501, 22.30087451453034], [-102.2978377467151, 22.300912860513158], [-102.29772297334156, 22.300953826073243], [-102.2976428331017, 22.301022449880342], [-102.29758797565155, 22.30110052207609], [-102.29752194574078, 22.301223543179194], [-102.29693644425703, 22.301213782963117], [-102.29650459061307, 22.301222379971545], [-102.29630487883817, 22.3012032524984], [-102.29618041149746, 22.301180866087268], [-102.29600256543266, 22.30112825155112], [-102.2957715123945, 22.301067979146328], [-102.29550833589609, 22.30100717060013], [-102.29529156914013, 22.300960676370284], [-102.29515619233648, 22.300938107213018], [-102.2950744113678, 22.30093448612856], [-102.29498821379163, 22.3009398183361], [-102.29492379259273, 22.300947770568193], [-102.29482348067499, 22.30096189422014], [-102.29475594198763, 22.300974307877894], [-102.29468416054299, 22.30098665071428], [-102.29462718649427, 22.30098570006812], [-102.2945185194682, 22.300992913853054], [-102.29501935311556, 22.298505299547898], [-102.29576255067632, 22.294796304595042], [-102.29642172918201, 22.291575617737166], [-102.2965081112862, 22.291276908755833], [-102.2967116750457, 22.28952002973908], [-102.29290187066367, 22.29150787948662], [-102.29207108425125, 22.28956900075498], [-102.29160065992774, 22.289504727610954], [-102.28013987848293, 22.287952141583805], [-102.28043418567675, 22.29748727516004], [-102.27880153130128, 22.299924237754894], [-102.27798310393626, 22.3013593218537], [-102.27552697989246, 22.30148506574512], [-102.27110898026805, 22.30166803158599], [-102.26929900333477, 22.30145927607132], [-102.26260319609477, 22.300583595309003], [-102.25587140370847, 22.29969349484825], [-102.25027027345378, 22.298935134098155], [-102.24615832118974, 22.298450118410532], [-102.24608980412711, 22.30045966454892], [-102.24598786694843, 22.304574132220143], [-102.24593788668021, 22.308233629805937], [-102.24600711970821, 22.308320560224608], [-102.24670128892014, 22.30884913453287], [-102.24675057863246, 22.308901875606356], [-102.24701254237023, 22.31004369594542], [-102.2471180403415, 22.3104765152373], [-102.2471282944005, 22.310695588132234], [-102.24711858674881, 22.310819541081646], [-102.24657359122662, 22.312823248080566], [-102.2465284170392, 22.312962395149484], [-102.24649780366191, 22.313070195978465], [-102.24612197670085, 22.313713735682253], [-102.24590431245726, 22.314639791193173], [-102.2458365499984, 22.31592946348836], [-102.24539913477786, 22.317176745017555], [-102.24436254423588, 22.32028011193329], [-102.24835213165814, 22.320605179489224], [-102.25618069374582, 22.321085477312494], [-102.25510433884078, 22.324960046119774], [-102.2525883612952, 22.32477748032902], [-102.24724096090831, 22.324512937083227], [-102.24698667492521, 22.32665472291018], [-102.24648087092898, 22.33135131008304], [-102.24574003396711, 22.33769804003731], [-102.2451035521622, 22.3420945063336], [-102.24157829569201, 22.34193518734009], [-102.24133254145303, 22.342989379741713], [-102.24243189521, 22.346848968770892], [-102.24138438176173, 22.34916451924152], [-102.23890400833149, 22.35247789135836], [-102.24065652714627, 22.353692533261963], [-102.23891354028709, 22.354547418190663], [-102.23870929255534, 22.35472446653204], [-102.23903408072465, 22.354770628239333], [-102.23919563798084, 22.35482077459043], [-102.2393818762317, 22.354880368506187], [-102.23949233739548, 22.35499959961263], [-102.23985171022711, 22.355168209820167], [-102.24010242037212, 22.355341736073346], [-102.24014849176791, 22.355527568673885], [-102.24018310396211, 22.35567935579936], [-102.24030320263752, 22.355925124283946], [-102.24035054771622, 22.35607712854177], [-102.24038035786612, 22.35647255400434], [-102.24038901586908, 22.35664872183924], [-102.24044870993802, 22.3567896533446], [-102.24059587604404, 22.356954643223663], [-102.24084270161887, 22.35711004904355], [-102.24100408450843, 22.357169217559548], [-102.2411633336849, 22.35733666969962], [-102.24126177667452, 22.357419588228453], [-102.24132301174785, 22.35751315570409], [-102.24136975198122, 22.357665149466253], [-102.24141803212818, 22.357769779402354], [-102.24157914935674, 22.357842482916503], [-102.2418384882759, 22.35800938409933], [-102.24194950312575, 22.3580699498701], [-102.24214754668373, 22.358177132354758], [-102.24232024228789, 22.35830870599411], [-102.24241753127875, 22.358450277711608], [-102.2424774502231, 22.358579929154246], [-102.24242502049071, 22.358716692562087], [-102.24242293187991, 22.358822720515374], [-102.24248240656866, 22.35897493110696], [-102.24255599188663, 22.359057425351175], [-102.24252412691715, 22.359381842963938], [-102.24257147521764, 22.35953384687631], [-102.24264263259938, 22.35970882325367], [-102.24275891263463, 22.359810098417245], [-102.24284346992384, 22.359951453014283], [-102.24301710133469, 22.36003565196407], [-102.24313996275689, 22.360141552386416], [-102.24332616561507, 22.360203398523947], [-102.24336331422879, 22.360226598187175], [-102.243463581943, 22.36021702315326], [-102.24356407176727, 22.360196168477355], [-102.24372612584757, 22.36022149599265], [-102.24396309932243, 22.36026163960317], [-102.24402555206971, 22.360262703428983], [-102.24431113515084, 22.360360091383274], [-102.24443482631236, 22.36045472168637], [-102.24454517818954, 22.360549124728955], [-102.24488197653743, 22.360602250500044], [-102.24525548033927, 22.36070113405315], [-102.24553009279745, 22.36073965964792], [-102.24606566813874, 22.36083227386558], [-102.24632732616782, 22.36088186101712], [-102.24645283880973, 22.360883997196122], [-102.24656203871845, 22.361037052978077], [-102.24663562760385, 22.36111954569867], [-102.24677233549299, 22.361169262380056], [-102.2469708312592, 22.361253880515967], [-102.24703102174175, 22.36136999524662], [-102.24702827078718, 22.36150986240611], [-102.24702480987786, 22.36168582431256], [-102.24702254695693, 22.361800876325965], [-102.24712055297489, 22.361906351133207], [-102.24725451101256, 22.362095934671153], [-102.24736349082087, 22.36226026968684], [-102.24739744634465, 22.362445894950344], [-102.24750993155776, 22.362617059572997], [-102.24765535228664, 22.36284068805293], [-102.24770844582059, 22.363317750275314], [-102.24777631368666, 22.363691256679648], [-102.24778536497865, 22.363878714895122], [-102.24779181353756, 22.364167679311432], [-102.24778400539313, 22.364564721681273], [-102.24780749076402, 22.364635078237544], [-102.24791756725283, 22.36477460826611], [-102.24799160234294, 22.36483454138678], [-102.24818779728214, 22.36503646659412], [-102.24830884836135, 22.365234856722026], [-102.24854401373833, 22.36536748745282], [-102.24866777110648, 22.365428266027898], [-102.2489166021339, 22.365513738447255], [-102.24907888559359, 22.365527781675947], [-102.24914227220673, 22.36548146934402], [-102.24924529303799, 22.36533202371753], [-102.24934622959924, 22.365288606488857], [-102.24952168988122, 22.36528030651697], [-102.24965761927015, 22.365339034641693], [-102.24971958689079, 22.36536491168459], [-102.24974208364438, 22.365516491708988], [-102.24976557013814, 22.365586848088782], [-102.24990161863452, 22.365670401543728], [-102.24995045381552, 22.365716365370776], [-102.25013705245627, 22.365789494616294], [-102.25023413259277, 22.36594234246958], [-102.25021980308739, 22.366023339373594], [-102.2502172763294, 22.3661519271954], [-102.25026556559703, 22.366256555355033], [-102.25026326049692, 22.366373863544595], [-102.25028492987127, 22.36653671287828], [-102.25036136397343, 22.36665987289391], [-102.25037201429322, 22.36676611790824], [-102.25044560825151, 22.36684860937274], [-102.25056848134679, 22.366954505239423], [-102.2506176575919, 22.367014014795494], [-102.25066556264619, 22.367107352943087], [-102.25080139153245, 22.367202185467075], [-102.25086336020186, 22.36722806217056], [-102.25096092951897, 22.36735609453881], [-102.25123303154375, 22.36752319979518], [-102.25123187932849, 22.367581853928836], [-102.25128022811916, 22.367652632666644], [-102.25154163559989, 22.36771574838239], [-102.25157533138886, 22.36791490892261], [-102.2517496874239, 22.367963005078323], [-102.25195988053355, 22.36807038364685], [-102.25208127997546, 22.368282317566194], [-102.25212962942696, 22.368353096112102], [-102.25212528767877, 22.368574177219177], [-102.25217061073442, 22.368829952296693], [-102.25232900019677, 22.369042514505082], [-102.25245116782334, 22.369184504133152], [-102.25263787490009, 22.36922152587397], [-102.25276175676565, 22.36930712734694], [-102.25275834601958, 22.36948083400363], [-102.25275449227905, 22.369677099961315], [-102.25275059419903, 22.369875621844063], [-102.25263550335757, 22.3699910144131], [-102.25260975563477, 22.37003571070253], [-102.252632313835, 22.370153441385927], [-102.25278098342054, 22.370212383768056], [-102.25290557491446, 22.37026189032906], [-102.25295370390867, 22.370343948377457], [-102.25300221787252, 22.37043729636946], [-102.25307427866761, 22.370567151203293], [-102.25302180874553, 22.37070617439375], [-102.25293245139683, 22.370808464098484], [-102.25287875467527, 22.370979059941625], [-102.2528525195343, 22.37104857148811], [-102.25277573259399, 22.371128507765135], [-102.25271123673599, 22.371231219607804], [-102.2526462534607, 22.371358746642343], [-102.25266792574615, 22.371521595925156], [-102.25274085885027, 22.371637925638705], [-102.25273855520945, 22.371755233994932], [-102.25275951879588, 22.3719541781537], [-102.25271873273174, 22.372115966452853], [-102.25266559715992, 22.37228882835459], [-102.25267431368287, 22.372462740958103], [-102.25260702581235, 22.372707576229082], [-102.25261679167738, 22.372858939831058], [-102.25271458757574, 22.372975691971366], [-102.25274988039757, 22.373093638984823], [-102.25271046727944, 22.37318549341398], [-102.2526450398283, 22.373335579622434], [-102.25255507392376, 22.373437858590357], [-102.252466157376, 22.373517588507262], [-102.25233804875211, 22.3736778930155], [-102.25227306375596, 22.37380541971708], [-102.25229495721307, 22.373956989358618], [-102.25233024982151, 22.374074936440405], [-102.25231366015583, 22.374270985846238], [-102.25243538860214, 22.374435535149207], [-102.25262106950262, 22.374556037264956], [-102.2529064668696, 22.37466469306692], [-102.25321706793582, 22.37478731659765], [-102.2535767304532, 22.374944623060756], [-102.25391153117894, 22.375101506596753], [-102.25402123630768, 22.375229743795934], [-102.25411969920563, 22.37531265636756], [-102.25412341262215, 22.375339799625312], [-102.25416531964304, 22.375491709017226], [-102.25416155530067, 22.375683463198726], [-102.25415783520448, 22.375872961443644], [-102.2541417654102, 22.376073533395164], [-102.25388646640766, 22.376069198035577], [-102.24973227905541, 22.37595120684761], [-102.24626687028072, 22.375820016698103], [-102.24561104348543, 22.375454549575956], [-102.24559494792655, 22.374978117616497], [-102.24516242136491, 22.374948183102045], [-102.24447180045514, 22.37505601999001], [-102.24377562217303, 22.37544584280114], [-102.24330114694982, 22.376220818967383], [-102.242960710831, 22.37668891519708], [-102.24249387408908, 22.377752871821777], [-102.24117921953007, 22.378466119476176], [-102.23762694485903, 22.378308433613963], [-102.2374183083616, 22.377262291956477], [-102.23197211841787, 22.377999600383674], [-102.23095381227935, 22.37707047733372], [-102.23014829613436, 22.376332296027353], [-102.22942302414451, 22.375708318745698], [-102.22833297983681, 22.374850165422608], [-102.22748230168769, 22.374341376889628], [-102.22634789535208, 22.373672009660137], [-102.22565943476923, 22.373242720736787], [-102.22517450379812, 22.372889134169125], [-102.22477347521162, 22.372464773546923], [-102.22408583150538, 22.371994873199675], [-102.22336452574632, 22.371143019755173], [-102.22264911922771, 22.37002498131505], [-102.22221977205604, 22.36895021652456], [-102.22162763038233, 22.367795928982037], [-102.22107749123528, 22.366603998678457], [-102.21951432646217, 22.366881782464198], [-102.21729111299297, 22.367378373509112], [-102.21204837640909, 22.36781614501319], [-102.21207617443434, 22.362615095444493], [-102.17740668651815, 22.362528418311445], [-102.18084734185526, 22.350459256608637]]]}}, {"type": "Feature", "properties": {"AREA": 233221000.0, "PERIMETER": 94751.1, "MUNAGS84_": 4.0, "MUNAGS84_I": 4.0, "NOMBRE": "TEPEZALA", "SUP": "233.220 Km²", "AREA_KM2": 233.22108843, "edo": "01", "Shape_Leng": 94751.1113489, "Shape_Area": 233221088.43, "NOM_MUNIC": "Tepezalá"}, "geometry": {"type": "Polygon", "coordinates": [[[-102.12550466915553, 22.28725553441043], [-102.12787377162168, 22.27090607381232], [-102.12979191027769, 22.270856516273767], [-102.12980037282584, 22.25247267033703], [-102.12985958394317, 22.241098504802444], [-102.14695559534766, 22.234131231768217], [-102.13008106219206, 22.216275932858846], [-102.13291406876218, 22.20334622862036], [-102.12535630304382, 22.199638494835092], [-102.11790282732302, 22.19606542536582], [-102.11578913436361, 22.194944840691726], [-102.11150913829911, 22.19276358971562], [-102.10712731890474, 22.19056237520087], [-102.10445647633853, 22.18935503220975], [-102.10188292652188, 22.188426932392655], [-102.11987060693077, 22.164899110597375], [-102.12025974571051, 22.164854089571342], [-102.12045863694597, 22.164455940778453], [-102.12003874272939, 22.16339471310775], [-102.11971443055958, 22.162903823182223], [-102.11914415072094, 22.162298013084175], [-102.11875497284296, 22.162167021193113], [-102.11808683744854, 22.161489524679087], [-102.11777958639053, 22.161202022122], [-102.11760249941064, 22.161095088496467], [-102.1174373755321, 22.160965800967357], [-102.11723683087341, 22.16091035235785], [-102.11694793478691, 22.160821748602952], [-102.1166940398955, 22.161214406332288], [-102.11516014426027, 22.160167299571985], [-102.11530287609386, 22.159761393667882], [-102.1152147487681, 22.159687624227637], [-102.11511595437135, 22.159602383200138], [-102.1149834414924, 22.15950751894759], [-102.11486312200459, 22.159379022479726], [-102.11470949853876, 22.15922060123792], [-102.11440916979865, 22.159009938066323], [-102.114198560996, 22.158913690191504], [-102.11407778228528, 22.1588077504559], [-102.11402401918387, 22.15871202376885], [-102.11386998296231, 22.15857390337006], [-102.11386184859694, 22.158438367230897], [-102.11375003367404, 22.158427360512214], [-102.11361673998607, 22.158370842561407], [-102.11348547946122, 22.158244407980174], [-102.11337412529862, 22.158210843844614], [-102.11318485892853, 22.158166873175798], [-102.11310805208592, 22.158102329462963], [-102.11300883895194, 22.158008053802426], [-102.11296740850564, 22.157871927758844], [-102.11287974422982, 22.15777560012697], [-102.11272442038354, 22.157700638925924], [-102.1125266533086, 22.157539177247926], [-102.11238412237824, 22.157401259546376], [-102.11226462983157, 22.157202823654394], [-102.11213572126631, 22.156961346716233], [-102.11211696137258, 22.15678274820723], [-102.11205294177898, 22.15662591290242], [-102.1120004247431, 22.156469281441872], [-102.11197099189863, 22.156249876197638], [-102.11197569126826, 22.156019793212323], [-102.11198057486159, 22.15578068735694], [-102.11191678610274, 22.155612573468783], [-102.11179688722888, 22.1554637738964], [-102.11166525588605, 22.1553260489666], [-102.1115675263868, 22.15518892485646], [-102.11147191664007, 22.15494803782274], [-102.11100743813672, 22.154680303133894], [-102.10828336872662, 22.153973082492687], [-102.1067485093311, 22.152476842564976], [-102.10579002941112, 22.147378131013134], [-102.10559039932598, 22.147604751917306], [-102.09706383591114, 22.158469413847737], [-102.09473101968692, 22.155905060757775], [-102.0949749193749, 22.15476310299943], [-102.09786584446351, 22.15539227944381], [-102.09930233981089, 22.15311846773821], [-102.1033643224949, 22.146599417733423], [-102.10321116508608, 22.146005487451706], [-102.10077744311157, 22.138231387541236], [-102.10686357623638, 22.14012891418548], [-102.11622459357149, 22.142952953983936], [-102.11798897167333, 22.143527980392914], [-102.12018461306008, 22.144306927164607], [-102.12557960130896, 22.146153225614817], [-102.12808505099977, 22.14694881826914], [-102.14098197789347, 22.15093723684999], [-102.14737307053845, 22.15290864409905], [-102.14564509095756, 22.159487912369343], [-102.14461399663291, 22.163610665915428], [-102.14332612472035, 22.16850742111406], [-102.14219727745648, 22.17248400882437], [-102.142249862607, 22.172489444686086], [-102.14248650010798, 22.172468774491428], [-102.14264352168306, 22.172401575695428], [-102.14278091493202, 22.17228664436008], [-102.14292364533556, 22.172237247125455], [-102.14304610879391, 22.17217169822657], [-102.14319663950762, 22.172066023235057], [-102.14329949947954, 22.172011413123506], [-102.1434272545979, 22.172013653925234], [-102.1435488181712, 22.172022555756403], [-102.14368356540629, 22.172038458433278], [-102.14386622373073, 22.172021352600943], [-102.14408304948479, 22.171961970787216], [-102.14424668451962, 22.171897142863678], [-102.14438325544378, 22.1718228139373], [-102.14454167600503, 22.171656348379464], [-102.14466538200455, 22.171559227873793], [-102.14480797443187, 22.17151659616319], [-102.14493633474501, 22.171518846349123], [-102.14504999432823, 22.171559200533913], [-102.14517671389356, 22.171642658511352], [-102.14531023056105, 22.171719465811215], [-102.14540327173005, 22.171791050446213], [-102.14551090949959, 22.171799706721913], [-102.14567358687405, 22.171782248611507], [-102.14589702643548, 22.171725236760217], [-102.14610765976003, 22.17167251334014], [-102.14635839094586, 22.17161372246508], [-102.14658827576062, 22.171597440946567], [-102.14676386335933, 22.17160051709856], [-102.1470477265114, 22.171580667383942], [-102.14731083473092, 22.171598815483726], [-102.14759319511089, 22.171653405609643], [-102.14780108227298, 22.171706691080434], [-102.14802746617586, 22.171773839676025], [-102.14821537302447, 22.171826774768814], [-102.14833027693687, 22.171835556421414], [-102.14843882568861, 22.171799095111922], [-102.14850114881179, 22.17171217963366], [-102.14851035845363, 22.171585972352652], [-102.14860604175045, 22.171526719852782], [-102.14872787883509, 22.171522083098903], [-102.14886289982151, 22.17152444679054], [-102.14899126059677, 22.17152669378404], [-102.1492738949181, 22.171567746335224], [-102.14940750518161, 22.171640038929908], [-102.14956237055003, 22.17164951912081], [-102.14969086803605, 22.17164499821734], [-102.1497868239923, 22.171572210257654], [-102.1499296429443, 22.171518294962198], [-102.15001218723613, 22.171449785323457], [-102.15003357843989, 22.171380205565466], [-102.15011571311005, 22.17133199794192], [-102.15030448488879, 22.17134207068594], [-102.15038484517478, 22.171381838626015], [-102.15057402650119, 22.171371608975935], [-102.15075791225078, 22.1712935889421], [-102.15086093707754, 22.171200614679364], [-102.15095743800244, 22.171100756465883], [-102.15109409622166, 22.171021909865043], [-102.15122359379936, 22.170967760322096], [-102.1514425533773, 22.170802346078297], [-102.15167282021913, 22.17061681996248], [-102.15177672226037, 22.170510320842748], [-102.15194142976651, 22.17036200976927], [-102.1521598564747, 22.170252999729314], [-102.1523169938922, 22.170149687578864], [-102.1524407392726, 22.170050304646587], [-102.15257712298748, 22.169984991348812], [-102.15272559967926, 22.169980817172956], [-102.15300896002961, 22.169985770341153], [-102.15322450770007, 22.169989537806618], [-102.15343372804814, 22.170006733935118], [-102.15363459226944, 22.170077941891925], [-102.15379531381481, 22.170157474503522], [-102.15390774887109, 22.17025872911389], [-102.15406783472774, 22.17036984262238], [-102.15424269505607, 22.17040900328215], [-102.15439103604584, 22.170411595015], [-102.15455269747598, 22.170414419321485], [-102.15472298731015, 22.17034969650304], [-102.15484562630861, 22.170275114768078], [-102.15502425653243, 22.170127043456535], [-102.15536972427108, 22.169905161680838], [-102.15560387511758, 22.16967682198889], [-102.15585723386619, 22.16948717934229], [-102.15610317529342, 22.169365104491217], [-102.15625428460064, 22.16923009063912], [-102.15641082815785, 22.169156099484972], [-102.1565209620353, 22.169040679327434], [-102.1565438629093, 22.16892599288207], [-102.15657976629646, 22.168827329557594], [-102.15672937678035, 22.168766756569514], [-102.15693300990905, 22.16870035658883], [-102.15709527520876, 22.168703188735527], [-102.15725693506694, 22.16870601015423], [-102.15735754902438, 22.168732588601866], [-102.1574586621603, 22.168734353167732], [-102.15766158467564, 22.168733381071934], [-102.15780430771498, 22.168683969830727], [-102.15790102913182, 22.168572827755632], [-102.15806518406218, 22.168451579173254], [-102.15816181438363, 22.16834494850909], [-102.1582396889485, 22.168177062491566], [-102.15830427265578, 22.16797735221873], [-102.15838192000881, 22.167820745108166], [-102.1585184353696, 22.167748658882697], [-102.15872886256572, 22.16767560516668], [-102.15891926391588, 22.167604458476866], [-102.15900302628333, 22.167475036796663], [-102.15902655964055, 22.16732876846473], [-102.15906398664625, 22.167124070921314], [-102.15915459000534, 22.16698574204113], [-102.15927714924995, 22.166945004034577], [-102.15943228335193, 22.166940939521137], [-102.15955361836876, 22.166961108074936], [-102.15967996530942, 22.167033265672753], [-102.1597867109226, 22.167116364408287], [-102.1598763677096, 22.167205934929797], [-102.15999466580709, 22.167377242286115], [-102.160026198356, 22.167465799359377], [-102.1601674689355, 22.16748857166448], [-102.16032307319671, 22.16749128434171], [-102.16048500407186, 22.167480567563075], [-102.16068996467845, 22.167378080102033], [-102.16075264110289, 22.1672731124144], [-102.16084799976309, 22.167229642499507], [-102.16100965846503, 22.1672324600194], [-102.16118524285237, 22.167235520065773], [-102.1613746458775, 22.1672139981302], [-102.16164468261908, 22.167218703584137], [-102.16188747356289, 22.167222933891473], [-102.16217060416264, 22.16723914961101], [-102.1624799390524, 22.167307723136], [-102.16273498033821, 22.167395659846658], [-102.16299598606919, 22.16748821326639], [-102.1633315719015, 22.167606887697453], [-102.16359235213568, 22.167710719312485], [-102.16386728490119, 22.167803513937205], [-102.16414181067165, 22.167916610473746], [-102.16438900031532, 22.168033743925278], [-102.16459609365539, 22.168156948902748], [-102.16478314449628, 22.168252725539887], [-102.16488851952711, 22.168374159676997], [-102.1649000467566, 22.168493960349355], [-102.16496471970358, 22.168621455837304], [-102.1651424802596, 22.168757689321577], [-102.16528932764201, 22.168834712930234], [-102.16553148866743, 22.168870519552527], [-102.165996102036, 22.168928249205035], [-102.16638607917344, 22.16902304149032], [-102.16691722295013, 22.16911577506522], [-102.16715277015513, 22.169149207703455], [-102.16729445126575, 22.169151671722037], [-102.16762523914517, 22.169177733546977], [-102.16783083920657, 22.169133919787114], [-102.16799968602939, 22.169080440314946], [-102.16820732833591, 22.169025378517475], [-102.1683811995342, 22.168962959536294], [-102.1685191846841, 22.168938278906808], [-102.16865570557046, 22.168956448287275], [-102.16883871248979, 22.168982195378153], [-102.16905690945542, 22.168974704719705], [-102.16929903627522, 22.16895183335679], [-102.16954155161973, 22.168879322936792], [-102.16978965156432, 22.168800139332525], [-102.16996803135675, 22.168724257233354], [-102.17011748373503, 22.16864110252651], [-102.17022251049572, 22.16856845894821], [-102.17031127105406, 22.168551948019978], [-102.17037359934181, 22.168645551869755], [-102.17047958534874, 22.168766993434364], [-102.17053499117007, 22.168813088128484], [-102.17062278506722, 22.16881461314865], [-102.1707986438633, 22.16880412807786], [-102.1709373428606, 22.1688042804827], [-102.17106526038195, 22.168768139713194], [-102.17116041860353, 22.16870435055633], [-102.17131512057713, 22.16860097633048], [-102.17145500153984, 22.16848154827623], [-102.17156011788808, 22.168404392088714], [-102.17168456413322, 22.16832982806962], [-102.17181513669898, 22.168221521097763], [-102.17195003766348, 22.16810877592128], [-102.17208635642066, 22.16795543616218], [-102.17219077629677, 22.16788278063651], [-102.17241639609841, 22.167685858481583], [-102.17260130574492, 22.16755592781011], [-102.17263744229552, 22.16747531687711], [-102.17264467798007, 22.167355841840628], [-102.17274400893281, 22.167265044637514], [-102.17294219292187, 22.16713760050446], [-102.17318134906662, 22.166990557557703], [-102.17329880563449, 22.16684140246512], [-102.17345905791115, 22.16661175162858], [-102.17361055531866, 22.16645641704956], [-102.17385587357708, 22.166334302644678], [-102.17413167114435, 22.166172097435485], [-102.17431540467318, 22.166100816152913], [-102.1744989125478, 22.16604081382413], [-102.17462273059138, 22.16593690027966], [-102.17475991376888, 22.165830961795702], [-102.17492382735054, 22.16572097349484], [-102.17510153109204, 22.16561799399434], [-102.17524586965057, 22.165487356300726], [-102.17540312238864, 22.16537725194768], [-102.17551488126881, 22.165209943156235], [-102.17559905910207, 22.165028616363465], [-102.1757162153858, 22.16492458633048], [-102.17587886515176, 22.164877760366945], [-102.17604954655599, 22.164792710899178], [-102.17618191531196, 22.16459416609135], [-102.17632724325799, 22.164413898724444], [-102.1764437029186, 22.164314369237996], [-102.17656702237247, 22.164235268134185], [-102.17668578807361, 22.164171884360854], [-102.17690958803468, 22.164126116979485], [-102.17717458430558, 22.164049470372703], [-102.17740432327791, 22.16403991114998], [-102.17762072228186, 22.164000784393412], [-102.17781102152375, 22.163934125731622], [-102.17801533621395, 22.163863196354622], [-102.17821994593676, 22.16374713932933], [-102.17855957228046, 22.16363342031405], [-102.17871679568759, 22.163554904566517], [-102.17896727944682, 22.163507339662903], [-102.17916320216553, 22.163492679060155], [-102.17935925991564, 22.16347125067785], [-102.17958368846803, 22.163393897551927], [-102.17982134683507, 22.163321286358386], [-102.17998612941847, 22.163197767603855], [-102.180164186743, 22.163076735041884], [-102.18038323874922, 22.162904509309627], [-102.18060114094992, 22.162820271814315], [-102.18089794878587, 22.162818637957788], [-102.18103310019613, 22.16281420658285], [-102.18125590764161, 22.162818061549686], [-102.18142370511653, 22.16287738026488], [-102.18163708837128, 22.162989389874717], [-102.18179521973059, 22.163077877203992], [-102.18205193330859, 22.163082317619715], [-102.18227474137234, 22.163086171238486], [-102.18247093342244, 22.16305797143959], [-102.18261359946844, 22.16301079274298], [-102.18279120504594, 22.162912315575937], [-102.18283262481846, 22.162870155805305], [-102.1829080189929, 22.16279473401175], [-102.18301628464125, 22.162771783048175], [-102.18318029993836, 22.162686610211246], [-102.18343248945875, 22.162553315637556], [-102.1836575441498, 22.16244437452823], [-102.18393108225877, 22.162273085379788], [-102.18426732188357, 22.161994560957552], [-102.18445194458072, 22.161878149956518], [-102.18460176311314, 22.161806269978957], [-102.18475927474472, 22.1616826202027], [-102.1849119444758, 22.161497957473912], [-102.18498571970132, 22.16150374539983], [-102.18512073537373, 22.161506078058594], [-102.1852298532395, 22.161440264168366], [-102.18539386582628, 22.161355088786788], [-102.18553040839126, 22.161280721884683], [-102.18567910310347, 22.161265237270328], [-102.18577454138521, 22.161217239768607], [-102.18588885851666, 22.161255320418466], [-102.18600994868666, 22.161257411801373], [-102.18615828416459, 22.161259973623153], [-102.1862775362534, 22.161232696796656], [-102.18637891594788, 22.16122090770045], [-102.18654032380131, 22.16126657100126], [-102.18663423546907, 22.161295272245713], [-102.18676965515829, 22.161277300765377], [-102.18691155523446, 22.161268467602675], [-102.18710711605675, 22.161271843916875], [-102.18737651912458, 22.161308087640794], [-102.18763114430342, 22.161386951966936], [-102.18781856455557, 22.161464655979998], [-102.18802639095371, 22.161551738532008], [-102.18817914349569, 22.161667206694865], [-102.1884198217763, 22.161777422125684], [-102.18879363278187, 22.161984713232624], [-102.18902108184486, 22.162090186317158], [-102.1893229127341, 22.16220145557876], [-102.18945126955295, 22.162203669828134], [-102.18962638110732, 22.162199920546847], [-102.1897829701192, 22.162152975423254], [-102.18993908811511, 22.162099252093135], [-102.19010220244377, 22.162059189109332], [-102.19026376965414, 22.162066488740287], [-102.19047397499502, 22.162034007385284], [-102.19066489484779, 22.161935750601604], [-102.19084913174278, 22.16180804199716], [-102.19102069857875, 22.161677858074718], [-102.19116916960449, 22.16167364777441], [-102.19129752614847, 22.161675860520525], [-102.19143969572714, 22.16165348819922], [-102.19163673672888, 22.16158241540037], [-102.19187389493632, 22.161534600207016], [-102.19203714270142, 22.161487767541043], [-102.19228154313635, 22.16141074016346], [-102.19261317360967, 22.161332958778637], [-102.19283674245887, 22.161298447833122], [-102.19306620978602, 22.161302401157567], [-102.1932617716914, 22.16130577009529], [-102.1934384732498, 22.161252397777893], [-102.19358149315173, 22.161187161885344], [-102.1937653470514, 22.161109089272177], [-102.19398931843129, 22.161054273796502], [-102.19411765133023, 22.161027147452028], [-102.19431283352996, 22.161080154791147], [-102.1945145628943, 22.161108451519603], [-102.19473701212833, 22.161130334800543], [-102.19488534858732, 22.161132888669485], [-102.19501495832156, 22.16107193386811], [-102.19514405201332, 22.161006456773162], [-102.19527906839188, 22.161008780971265], [-102.19545465025622, 22.161011803304138], [-102.19562357214735, 22.161014710818748], [-102.19581345850737, 22.160968332685474], [-102.19598993527758, 22.16092623684827], [-102.19611178682817, 22.160889970745494], [-102.19622856805456, 22.16080397099991], [-102.19627825411875, 22.160680710234907], [-102.19633388427198, 22.160593658126587], [-102.19642896131386, 22.160563700990924], [-102.19654339200265, 22.16056566989524], [-102.19661772857657, 22.160573718845004], [-102.19669885934704, 22.160575114702677], [-102.19678718687578, 22.16054955452683], [-102.19681516871846, 22.16048233640873], [-102.19683009894194, 22.160401353840502], [-102.19693244121233, 22.160371521378913], [-102.19713479663535, 22.160368232465455], [-102.19733777817231, 22.160333360947885], [-102.19746760990019, 22.160261124588757], [-102.1975973520703, 22.160193399877254], [-102.19770548031535, 22.160177206325862], [-102.19784715617645, 22.16017964285579], [-102.19801017750993, 22.160144083239267], [-102.19823730774623, 22.160082545986356], [-102.19848035838149, 22.160012255513752], [-102.19873310010628, 22.16000306090882], [-102.19886905867332, 22.160018938164285], [-102.19902068991551, 22.160008004878783], [-102.1991573880744, 22.160017124647542], [-102.19928628456415, 22.160053190054636], [-102.19941611956153, 22.160041881752957], [-102.19953983079199, 22.160003388241353], [-102.19972139731071, 22.159979428860254], [-102.2000013844962, 22.159970700503113], [-102.20023714896008, 22.159931875279657], [-102.20044327089501, 22.159921876933097], [-102.20066378969723, 22.159918895629815], [-102.20081091473514, 22.15992142317299], [-102.20095817378106, 22.15991718291556], [-102.20109729398499, 22.159926342661088], [-102.20120708452008, 22.159948538446912], [-102.20127294494868, 22.159956439668733], [-102.20137587200881, 22.159958207541067], [-102.20152134499992, 22.16004420239251], [-102.20162212884722, 22.16015425286415], [-102.20181153250273, 22.16025454190408], [-102.20204631506272, 22.1602653436675], [-102.20227396616342, 22.160269252670208], [-102.20247268937955, 22.16026589471565], [-102.20264948231653, 22.16026892999584], [-102.20292685661748, 22.160361701437], [-102.20307233110546, 22.160447695039487], [-102.20320244622218, 22.160544708184663], [-102.20334711781851, 22.160671307664416], [-102.20357356502419, 22.1607361240628], [-102.20378574919019, 22.160787155428572], [-102.20394629110672, 22.160846326979165], [-102.20418774159081, 22.160918170012984], [-102.20433292433098, 22.160988360964566], [-102.2044634679121, 22.161094407209184], [-102.20461585287055, 22.161198571426468], [-102.20471726455081, 22.161277037756104], [-102.20482545123727, 22.16138044353716], [-102.20488966239381, 22.16147181155647], [-102.20498425489731, 22.16152759414592], [-102.20511423861765, 22.161631373681473], [-102.20526671385646, 22.16173102559884], [-102.20546878073577, 22.161926307798414], [-102.20569258149445, 22.162155812478797], [-102.20594213171377, 22.16243089174964], [-102.20608667402935, 22.162564256918966], [-102.2062829934475, 22.162682713176796], [-102.20647906438838, 22.162783111655013], [-102.2066322551436, 22.162846668117528], [-102.20678584723436, 22.16288992135135], [-102.20701283489682, 22.162927662678797], [-102.20716638266218, 22.16297317147476], [-102.2073132442894, 22.16298922888508], [-102.2074671042078, 22.163018946106554], [-102.20761369857016, 22.163048538662107], [-102.20769302288355, 22.16311082815995], [-102.20778128783918, 22.163119110883258], [-102.20789148341679, 22.163120999401347], [-102.20803821168683, 22.163143823887935], [-102.20816293859946, 22.16314596124155], [-102.20830293594838, 22.163141590161455], [-102.20848639353854, 22.163144733607716], [-102.20875071697503, 22.16316280228337], [-102.20894191215903, 22.163172847781592], [-102.20909617365773, 22.163182260380978], [-102.2092435703761, 22.163171245240694], [-102.20939796553208, 22.163173889841655], [-102.20953762472219, 22.163155971897396], [-102.20976041156992, 22.163130450827893], [-102.20991817241831, 22.163146692582128], [-102.21008380445123, 22.16316306897323], [-102.21021324180629, 22.163172055424265], [-102.21030920016184, 22.16318949520116], [-102.21040385856584, 22.163211426003357], [-102.21050692235055, 22.1632064206367], [-102.21065431913681, 22.16319540420973], [-102.2108013153026, 22.163204690814187], [-102.21094020013813, 22.16325671515524], [-102.2110573947381, 22.163272261372267], [-102.2112109891307, 22.16331551061547], [-102.21134917978146, 22.16337203608656], [-102.21149550872084, 22.16341516071834], [-102.21159843919781, 22.163416922398607], [-102.21166246836658, 22.163456381641918], [-102.21183625838015, 22.163581216116427], [-102.21201800887208, 22.163701673311902], [-102.21214166888322, 22.163757949510014], [-102.21230212953566, 22.163821625330797], [-102.21242915571115, 22.163891498955977], [-102.21257928658065, 22.163864730908802], [-102.21279633112592, 22.163823310773832], [-102.21298151777384, 22.163830992151762], [-102.21316792550995, 22.16389962436913], [-102.21329905717333, 22.16397633760162], [-102.21340065402877, 22.164045775553525], [-102.21350233993078, 22.16411070162694], [-102.21358206795942, 22.164152685364435], [-102.21372839860099, 22.164195808138807], [-102.2138445273218, 22.164265494371847], [-102.21393324880046, 22.164312145102578], [-102.21402668078014, 22.16436564636322], [-102.2141356774406, 22.164428440427272], [-102.21420773996125, 22.164490602873503], [-102.21428829622124, 22.164521317091488], [-102.21443375529681, 22.164577964422804], [-102.21458681901163, 22.164648281699225], [-102.21473275048432, 22.164711706884262], [-102.21480661911856, 22.16471296975884], [-102.21492297111017, 22.16477137574254], [-102.21509070021705, 22.16483517326602], [-102.21523003305919, 22.16486463511053], [-102.21536136137999, 22.16490073004815], [-102.21548471292728, 22.16497279535653], [-102.21564504347774, 22.16504323591972], [-102.2157760444007, 22.16512671514491], [-102.21584013126443, 22.165224847465726], [-102.2159304483711, 22.165282807859974], [-102.21605504471016, 22.165291707122147], [-102.21618764566048, 22.16529397304243], [-102.21632584064994, 22.165350494681], [-102.21652284012438, 22.165435101070823], [-102.21670559120172, 22.1654743302671], [-102.21687419414127, 22.165524600950416], [-102.21699732500902, 22.16560794483686], [-102.21711261276764, 22.165720491472868], [-102.21719161592581, 22.165830161553878], [-102.21727763488295, 22.16592189802374], [-102.21738043445069, 22.16593042400029], [-102.21749723278978, 22.165966269153355], [-102.21764210133674, 22.16608383407158], [-102.21780105777722, 22.166224206266016], [-102.21790279188671, 22.166286874024962], [-102.21802715121638, 22.16633864471028], [-102.21816588092796, 22.16636809391236], [-102.21825308356826, 22.166430513328216], [-102.2183108836756, 22.16647889056708], [-102.21831624035019, 22.16657601923996], [-102.218358709565, 22.166664754909426], [-102.21843679792168, 22.16679020563831], [-102.22098766036015, 22.168131334024753], [-102.22122091036321, 22.168128543071383], [-102.2214538942749, 22.168139287342335], [-102.22165989691409, 22.16813603099231], [-102.22196164175934, 22.168161487410377], [-102.2222012711127, 22.168203937528848], [-102.22254083722915, 22.168277428217934], [-102.22271923804001, 22.168291753387624], [-102.22294467548063, 22.168347500591654], [-102.22305427105658, 22.168349368958967], [-102.22317779315617, 22.168351474654987], [-102.22334186877522, 22.168385865126805], [-102.22345846449429, 22.16840139266205], [-102.22367764087483, 22.168436721992144], [-102.2238349233077, 22.16847776626207], [-102.22396408688587, 22.168531871307227], [-102.22410695555712, 22.168597493242828], [-102.2242765402634, 22.16869065055498], [-102.22448719600918, 22.168820614516154], [-102.22472418420861, 22.168966823692017], [-102.2249350623186, 22.169085507489417], [-102.22509098739341, 22.16916489120423], [-102.22526788386934, 22.169255915461882], [-102.22558871385473, 22.169358417914268], [-102.22584091519239, 22.16943944076878], [-102.22618259906095, 22.169528757144292], [-102.22655117708074, 22.169636584278592], [-102.22679636485978, 22.169735539839486], [-102.22708837006499, 22.1698871959488], [-102.22733240786634, 22.170044805152592], [-102.22758922221097, 22.17026130547063], [-102.22774315867721, 22.17044220413126], [-102.22787142661858, 22.17057301860739], [-102.22803685236535, 22.17069318190923], [-102.22801769464877, 22.16472164812411], [-102.22843694454606, 22.163356711306154], [-102.22997582713242, 22.16367399631084], [-102.2318984821974, 22.16406548919941], [-102.23338294682374, 22.16434796811055], [-102.23684586851496, 22.16498896704556], [-102.23960622257329, 22.16553675043135], [-102.2407417055876, 22.16579519740395], [-102.24599940550321, 22.166809417336808], [-102.24859961713081, 22.16731146871057], [-102.25040061148351, 22.16767361546895], [-102.25346627626966, 22.168226325220513], [-102.25343695081392, 22.168395085293124], [-102.25339067910647, 22.168531965445606], [-102.25333636851502, 22.16864614276146], [-102.25324868336193, 22.1687010823993], [-102.25291574668186, 22.16881507454299], [-102.25264483552485, 22.168916571731682], [-102.25237331850428, 22.169018058214757], [-102.25223282108428, 22.16907887659767], [-102.25208349535393, 22.169157599718343], [-102.25196867540237, 22.169268498957116], [-102.2518428421186, 22.169478508167767], [-102.25152785787208, 22.170039631425784], [-102.2515584675164, 22.170240996342255], [-102.25240965796887, 22.17026438347537], [-102.2525746589168, 22.170282963730543], [-102.25267832656183, 22.17030953625515], [-102.25279046309474, 22.170367845709865], [-102.25291378922441, 22.170473735049086], [-102.25308539058993, 22.1705578711802], [-102.25322338970106, 22.17062564341997], [-102.25340442515225, 22.17069188452426], [-102.25359954663294, 22.170812524385312], [-102.25376324384712, 22.17102290329115], [-102.25394893498705, 22.17131715176891], [-102.25422763470799, 22.171719034217237], [-102.2545668810644, 22.172153531078873], [-102.25481172602963, 22.172520991196752], [-102.25508085715087, 22.1729791294696], [-102.25518123235318, 22.173206493920375], [-102.25522875066906, 22.173441994470558], [-102.25523236344759, 22.17369255218472], [-102.25513981861137, 22.173966313330375], [-102.25500603314381, 22.174149110187486], [-102.2548370738792, 22.174365164939815], [-102.2545801267338, 22.17462035733207], [-102.25438531144536, 22.174795354547957], [-102.254288057077, 22.174874957092683], [-102.25418390344628, 22.174873201094165], [-102.25406315370259, 22.174821517227652], [-102.2538386890485, 22.17474551720255], [-102.25371824653854, 22.17467804119822], [-102.25362305311067, 22.17465161196284], [-102.25351872427693, 22.174658879500246], [-102.2533356663569, 22.17469641336951], [-102.25322085078534, 22.17477571905743], [-102.25309017645742, 22.174798339042763], [-102.25293271800433, 22.174858871456948], [-102.25275796187552, 22.174905571569028], [-102.25256330177943, 22.1749790163948], [-102.25240566744921, 22.175048572189457], [-102.25219420977105, 22.1751758945141], [-102.25211359335039, 22.17530316754379], [-102.25196364621164, 22.175413473584022], [-102.2516737560918, 22.175586862834074], [-102.25142716635793, 22.175745185253284], [-102.25121525887316, 22.175926659872378], [-102.25115971393657, 22.176104003373517], [-102.25115716788507, 22.176234850279286], [-102.25116362627632, 22.176338768508835], [-102.25123199141763, 22.176405367404335], [-102.25133601423295, 22.176413893348492], [-102.25149286050764, 22.17638494648086], [-102.25158963459778, 22.176330161688213], [-102.25170432954718, 22.176226031364454], [-102.25184628286974, 22.176090766812813], [-102.2519797670754, 22.175923765076963], [-102.25205946250126, 22.175843867812404], [-102.25212106160487, 22.175822339968548], [-102.25218161634147, 22.175823361713846], [-102.25227654689155, 22.175863327742547], [-102.252403712118, 22.176021187212744], [-102.25281277498142, 22.176447838991557], [-102.25237812183462, 22.17690087770072], [-102.25220037896277, 22.177100983766003], [-102.25210184911803, 22.177246008193443], [-102.25207247503235, 22.17741702348026], [-102.25206777924241, 22.17765841360643], [-102.25206334670854, 22.177886267830246], [-102.25207713357928, 22.178080578655816], [-102.25209816942727, 22.178338200047445], [-102.25209483398436, 22.178509654701713], [-102.25206581055484, 22.17866262207881], [-102.2519418985802, 22.178773367108537], [-102.25175822047066, 22.17884248234125], [-102.2515323465777, 22.178838670038836], [-102.25134208715251, 22.178779040550165], [-102.25116104300925, 22.178712796249833], [-102.25087607161704, 22.178601919527274], [-102.25068581286695, 22.178542289330167], [-102.25046042270887, 22.178513659819473], [-102.25029509610852, 22.17854246226463], [-102.25012630914644, 22.178717892910527], [-102.25003751820036, 22.178829229449445], [-102.24997257940248, 22.17902221066796], [-102.24995070432536, 22.179274593850906], [-102.24993783407766, 22.179500048463712], [-102.24993414442366, 22.17968955060432], [-102.24994656955045, 22.179798082997333], [-102.25003116981016, 22.179964252335623], [-102.25011547214578, 22.180114619573914], [-102.25031751786058, 22.180253434840466], [-102.25063425174082, 22.18047542839365], [-102.25079318072072, 22.1805886911788], [-102.25086295058344, 22.18073881274813], [-102.25086084279306, 22.18084709975418], [-102.25084235699282, 22.181049892496453], [-102.25076666783818, 22.181172734150124], [-102.25060487439363, 22.18123770382484], [-102.25041269583785, 22.18136986181186], [-102.25026464510648, 22.1814756841434], [-102.25024747598798, 22.181610797371654], [-102.25021459650598, 22.181774982623992], [-102.25024084341503, 22.18195145002638], [-102.25031193088212, 22.182033892482465], [-102.25045523869551, 22.182171715813524], [-102.25068740911496, 22.1822568783138], [-102.2508898627742, 22.182343795467755], [-102.25100463084068, 22.18245405584607], [-102.25106126381846, 22.182563334624007], [-102.25110328442233, 22.182645286031292], [-102.25112866344224, 22.182835279054537], [-102.25118340842478, 22.183041564919943], [-102.25129738685881, 22.183192432794325], [-102.25144043332945, 22.18334379133583], [-102.25151178561151, 22.18341269751921], [-102.25167037628133, 22.183512413716688], [-102.25183040692234, 22.18356927637646], [-102.25193109079987, 22.18362513717816], [-102.252060131243, 22.183749178190443], [-102.25214583340947, 22.183858947331302], [-102.25215747007327, 22.184008087372813], [-102.25217064319784, 22.18407826808354], [-102.25219786744307, 22.184173509886385], [-102.25224932404655, 22.184237566565788], [-102.25229615551052, 22.184290261563138], [-102.2523184035032, 22.184392189534307], [-102.25230475541716, 22.184470944458493], [-102.25229694367097, 22.184561081491488], [-102.2522237816015, 22.184616264730277], [-102.25215080409411, 22.184630830056523], [-102.25205355926882, 22.184647242464163], [-102.25196272150443, 22.184645709189006], [-102.25187750055272, 22.18466683788813], [-102.25179200704501, 22.18473309636217], [-102.25172411934837, 22.184797395269467], [-102.25169792007286, 22.184898505438753], [-102.25171411180328, 22.18500033122009], [-102.25173083044272, 22.185075085244005], [-102.25179568871752, 22.185166448961038], [-102.25189188927841, 22.185172586326008], [-102.25206285861886, 22.185103257164936], [-102.25222737684133, 22.18505412942109], [-102.25242121754852, 22.185023550152525], [-102.25259617936204, 22.18506035371366], [-102.25275258753582, 22.185085560391084], [-102.25287357334547, 22.18509437214369], [-102.25301772938623, 22.185157736113247], [-102.2531227503914, 22.18533327579547], [-102.25311932725444, 22.185509242415236], [-102.2530606548794, 22.185722641082233], [-102.25299828754618, 22.185845708458995], [-102.25297906647333, 22.185899545463545], [-102.25336560033375, 22.18592863462647], [-102.25624213035024, 22.186103517841804], [-102.25915133181798, 22.18628115746963], [-102.2767453106549, 22.187546828814806], [-102.27798393768805, 22.22548774721315], [-102.27645283467542, 22.225541089678373], [-102.27401007315699, 22.225671659613763], [-102.27212557653203, 22.225793507096846], [-102.26615763164398, 22.226406382465264], [-102.2585345374071, 22.22724839503223], [-102.25743557137076, 22.22742167882526], [-102.256501724752, 22.227579688052465], [-102.25598350798988, 22.227647669494594], [-102.25536170396963, 22.227713900253786], [-102.25417891136485, 22.22777291015843], [-102.2545162694685, 22.228248005237035], [-102.2546612114773, 22.228428733785474], [-102.2548126071826, 22.22858926078238], [-102.25499389645908, 22.228770602935565], [-102.25515917230756, 22.22896521481067], [-102.25530351006239, 22.229145932700796], [-102.25540394342765, 22.229278518116047], [-102.25545306154635, 22.229401210171208], [-102.25548759708846, 22.229525912710994], [-102.25556569545813, 22.229685201534085], [-102.25563057354934, 22.229776565618305], [-102.2557747023601, 22.229936969216432], [-102.25590446848096, 22.230088103365272], [-102.25599802907796, 22.23020026202033], [-102.25604736765266, 22.230311674091425], [-102.2560305880094, 22.23042648339489], [-102.25595545210533, 22.230488403012213], [-102.2558374027529, 22.230513490606754], [-102.25562329740154, 22.230523415978443], [-102.25545341426601, 22.230534087789017], [-102.2553336602974, 22.23061556412621], [-102.2552712952573, 22.230799561710853], [-102.25527509251194, 22.230977906400152], [-102.25528642289693, 22.231142838003404], [-102.25535646114693, 22.23134261173619], [-102.25549064063821, 22.23164050734637], [-102.25573436179572, 22.232007953993016], [-102.25589972049386, 22.23222964745904], [-102.25605939210536, 22.232370002977333], [-102.25635939758438, 22.232492416973166], [-102.25655003725004, 22.232536255997868], [-102.25676375037733, 22.232546633495623], [-102.25697072118572, 22.232529816305476], [-102.25712546199075, 22.23251888755129], [-102.25728045719862, 22.232526016687558], [-102.25739013149409, 22.232588798862547], [-102.25748277248219, 22.232748332446867], [-102.25751410417901, 22.233037721132096], [-102.25746654308891, 22.233208429167526], [-102.25734507463189, 22.233377889959158], [-102.25715783749517, 22.233532700366442], [-102.25697135599518, 22.2336175650244], [-102.25680150370155, 22.23365757578645], [-102.25652009663906, 22.23370021668807], [-102.25632007671786, 22.233764541550155], [-102.2561925233083, 22.233872967234685], [-102.25615354817656, 22.233976118173214], [-102.2561572143331, 22.234161230826153], [-102.25619783430169, 22.234346967382738], [-102.25637020206999, 22.234582319250737], [-102.25662978731432, 22.234882331388985], [-102.25691231562031, 22.23515564985483], [-102.25712190322915, 22.235378089032846], [-102.25723701333683, 22.235504151318878], [-102.25727172708929, 22.235619829803404], [-102.25726111871667, 22.235791161304846], [-102.2571847939874, 22.235913992573646], [-102.25694444294885, 22.236119810414362], [-102.25662356252418, 22.236322011653193], [-102.25639880413277, 22.236473930589703], [-102.25615962818769, 22.236650429608897], [-102.25603132460436, 22.236797206407083], [-102.25592499623075, 22.236966921321525], [-102.2558919708773, 22.2371378740152], [-102.25586585395583, 22.237358591095983], [-102.25584710417952, 22.23754332512711], [-102.25578513128094, 22.237707018771125], [-102.25567793223573, 22.237890259012147], [-102.25555058442959, 22.2380189976972], [-102.25528784634851, 22.23825377171135], [-102.25498837237731, 22.23847664106639], [-102.25474849743429, 22.238657639150112], [-102.25460600261611, 22.238786121044896], [-102.25447888285387, 22.238871985026588], [-102.25432250767388, 22.23896638140268], [-102.25416596634527, 22.239038207673808], [-102.25398644770524, 22.239107388757358], [-102.25384386378026, 22.239240381797522], [-102.2536995298868, 22.23943201962395], [-102.25355505343788, 22.239662018976382], [-102.25344078981752, 22.239865448324217], [-102.25340075453742, 22.240022741387435], [-102.25336851706555, 22.24015308570948], [-102.25337083194127, 22.24022082618416], [-102.25337519451034, 22.240245723755933], [-102.2534140246755, 22.24033664860458], [-102.25341178056972, 22.240451702954747], [-102.25336064057123, 22.24055690390442], [-102.2533578243506, 22.240701285823356], [-102.25340390408229, 22.240855521149587], [-102.25349967197427, 22.240979002440607], [-102.25382087934486, 22.241289087879814], [-102.2540464952445, 22.241466667938607], [-102.25429690680099, 22.241646923473755], [-102.25446642149323, 22.241749083433724], [-102.25460475105837, 22.24180332531683], [-102.25477514585775, 22.241860365598804], [-102.25509292414925, 22.241942462904507], [-102.25536924238175, 22.242037399520658], [-102.25554754789498, 22.242123909956582], [-102.25570056501398, 22.242264154208222], [-102.25576648383962, 22.242364563062974], [-102.25579628220576, 22.242421484233777], [-102.2558495225875, 22.24251942220312], [-102.25585391016854, 22.242605251454588], [-102.25585759426083, 22.242727176252057], [-102.25584955732518, 22.242828592646422], [-102.25583533009056, 22.242936674622886], [-102.25575816414963, 22.243102368062353], [-102.25572515580359, 22.243210132779442], [-102.25572124234259, 22.243410914218586], [-102.25571812033606, 22.24357108817164], [-102.25574049734773, 22.243697842137475], [-102.25579171537717, 22.243899554832204], [-102.25585552429605, 22.244108250337494], [-102.2559149018482, 22.244233372560284], [-102.2559856146427, 22.244367713084568], [-102.25606779463028, 22.244504503985127], [-102.25622767939439, 22.24469676839625], [-102.25636350660506, 22.24487959952873], [-102.25646714599166, 22.245034806412285], [-102.25656160033725, 22.245225965569336], [-102.25661529684716, 22.245393869255565], [-102.25663569649936, 22.245622141938842], [-102.2566721120511, 22.24583714479727], [-102.2567327960747, 22.24608189476789], [-102.25681968298183, 22.24625712904893], [-102.25694773368878, 22.246403721097366], [-102.25704333231661, 22.246536224811987], [-102.25706488506312, 22.24667424835717], [-102.25708559309717, 22.246886729235154], [-102.25704931631739, 22.247068910599797], [-102.25693912493776, 22.247249843807086], [-102.25688723703179, 22.247393397336854], [-102.25688323648768, 22.24759869081349], [-102.25692642008262, 22.24790181981298], [-102.25697061491836, 22.248153061448257], [-102.2569825329719, 22.24838119088227], [-102.25703710039873, 22.248535568941893], [-102.25707501150515, 22.248673868722747], [-102.25705557587482, 22.248831510545713], [-102.25700219255337, 22.249051767091462], [-102.25699775220568, 22.249279620266062], [-102.25702598460637, 22.249510281905405], [-102.25700606508303, 22.249692739381725], [-102.2569868928952, 22.24983684532598], [-102.2569112087189, 22.249957429742143], [-102.25679419344182, 22.250084086215463], [-102.25658734320527, 22.250186658125738], [-102.25628172620112, 22.250319155360888], [-102.2556091358393, 22.250684663296333], [-102.25518754543343, 22.250921264118922], [-102.25497968095357, 22.251075720984208], [-102.25478782255222, 22.25124850176695], [-102.25476416296318, 22.251342883729016], [-102.25476979508441, 22.251458071183407], [-102.2547845255018, 22.25154181846655], [-102.25496090586287, 22.251727593209125], [-102.25522505422929, 22.252043483634353], [-102.25540843226005, 22.25227451047601], [-102.25557676194069, 22.25246917548051], [-102.25569769759248, 22.252545690497925], [-102.25583599390127, 22.252602188360964], [-102.25596624790462, 22.2526359831118], [-102.2561461939944, 22.2526390233219], [-102.25634267478294, 22.252633315808694], [-102.256530927321, 22.25264552276738], [-102.25669394306973, 22.252677613651947], [-102.25682406550439, 22.25271817565368], [-102.25692089885285, 22.252787512589002], [-102.25701742449806, 22.25287264127291], [-102.25705546816981, 22.2530041731964], [-102.25705208235934, 22.253177882966497], [-102.25700761867564, 22.253375722795408], [-102.25688866536288, 22.25360164171835], [-102.25676074549465, 22.253852232903064], [-102.25661861142572, 22.254023598878], [-102.25650036057792, 22.25421342186615], [-102.25644670947307, 22.254447213622342], [-102.25642494038377, 22.254724421497816], [-102.25641289511654, 22.254907011711975], [-102.25638553652155, 22.255066776084746], [-102.25633302842368, 22.25524191253314], [-102.2562076572159, 22.255361656793887], [-102.25606592672784, 22.25548112452018], [-102.25590026829953, 22.255584390790553], [-102.25576719581623, 22.25569497766819], [-102.2556752798177, 22.255808516652422], [-102.25563038308465, 22.25599732165724], [-102.2556262029901, 22.256211638569955], [-102.2556473485619, 22.25640155965872], [-102.25572540437727, 22.25659469922327], [-102.25586946922083, 22.256759617001563], [-102.25598991445213, 22.25689254159294], [-102.25607813541149, 22.25696850381408], [-102.25621630407474, 22.2570317696868], [-102.25634599029497, 22.25709489213258], [-102.2564753687123, 22.257173806267716], [-102.25657946553095, 22.25727486031082], [-102.25675585480208, 22.257460633954476], [-102.25692362009713, 22.25768462587244], [-102.25708990037192, 22.257953726826074], [-102.25718405437158, 22.258160678105746], [-102.25723717322563, 22.25838950334782], [-102.25727332685865, 22.25861804202021], [-102.25731065821344, 22.258817263316022], [-102.25729830525327, 22.259015645384686], [-102.2572370397652, 22.25923576836021], [-102.25711003786084, 22.259438983852927], [-102.25697678626128, 22.259558595280158], [-102.25683658138621, 22.259630698153348], [-102.25666388719016, 22.25965937444599], [-102.25645064099437, 22.25968510863877], [-102.25621324636725, 22.25970592105406], [-102.25604938677942, 22.259716692275507], [-102.2559170141777, 22.259791183369163], [-102.25578372748629, 22.259881455866644], [-102.25563310261772, 22.260052676758402], [-102.25544126512567, 22.260254794785595], [-102.25536345750642, 22.26035954491145], [-102.25524700342496, 22.260456871554265], [-102.25512359671356, 22.260506689661376], [-102.25495151758463, 22.260503780472842], [-102.2547055067453, 22.2605312149949], [-102.25454147013751, 22.260551008439602], [-102.25445003392294, 22.260639730643152], [-102.25439826911848, 22.260776514517836], [-102.25441167870912, 22.260927940742405], [-102.25444065544639, 22.26112025096127], [-102.25452782114114, 22.26125035731015], [-102.25464637511952, 22.261480289553372], [-102.25488463924445, 22.2618499050562], [-102.25498724105039, 22.26202766310219], [-102.25509000878702, 22.26222799099816], [-102.2552083986667, 22.26243535308927], [-102.25524621165533, 22.26260975896934], [-102.2553956491116, 22.262903400811734], [-102.25545026252688, 22.263055523590527], [-102.25556997404982, 22.263195206561885], [-102.25579398556536, 22.26348785204841], [-102.25592937709368, 22.263724838377065], [-102.25610326392032, 22.264039203404785], [-102.25630868344335, 22.264415032402624], [-102.25641814342195, 22.264676403999164], [-102.25659379252839, 22.264900530024747], [-102.2567132426259, 22.265053748200437], [-102.25682815351789, 22.265191092629273], [-102.25691489372723, 22.265312164008233], [-102.25698465784829, 22.26546454246034], [-102.25701399036927, 22.265638804835746], [-102.2569954301071, 22.265751326767777], [-102.25691963767973, 22.26590801582721], [-102.25680355529782, 22.266048227024093], [-102.2566881767743, 22.266152342644723], [-102.25661278998678, 22.26625713402628], [-102.25661058960767, 22.26636993235317], [-102.25660896131805, 22.26645340311395], [-102.25667014418329, 22.266641744045323], [-102.25669727601196, 22.26692880476808], [-102.256694327493, 22.267079954523982], [-102.25666389150528, 22.267241923289145], [-102.25658008843874, 22.26740524681683], [-102.25642323007018, 22.26755379527502], [-102.25621952447024, 22.26761805344395], [-102.25597548459976, 22.267668089255245], [-102.25570782319492, 22.267686131410425], [-102.2554647077208, 22.26768879117724], [-102.25518187473882, 22.267645644818163], [-102.254915842821, 22.26758021502775], [-102.25462641030057, 22.267471511612335], [-102.25434519718361, 22.267376486984844], [-102.25421596616098, 22.26735173398809], [-102.25408629469239, 22.267349540507507], [-102.25389969800446, 22.2673757210993], [-102.2536963002856, 22.267424184283158], [-102.25352484112274, 22.26748221441378], [-102.25328827073068, 22.26758427671887], [-102.25302584282468, 22.267737805285513], [-102.25276429582838, 22.26784621419057], [-102.25260131906258, 22.26790438682495], [-102.2524145893132, 22.267937333477743], [-102.25220341256914, 22.267949555733626], [-102.25191982000425, 22.267976348665773], [-102.25176489644798, 22.268025629940816], [-102.25167436782353, 22.26809856839871], [-102.2515744299539, 22.268218738243515], [-102.25153060153471, 22.268414329287154], [-102.25151177176129, 22.26854038581301], [-102.25149258918258, 22.268684489980863], [-102.25143328179486, 22.268834684807576], [-102.25136421217438, 22.26905015866241], [-102.25131070912596, 22.26930651671998], [-102.25127282821555, 22.269569909402072], [-102.25125192519042, 22.26980199574753], [-102.25123114288105, 22.270058907847602], [-102.25113708426976, 22.270312322235807], [-102.25102882573043, 22.270454917644738], [-102.25087151724466, 22.270626019287498], [-102.25070752198414, 22.27073607653978], [-102.25062455958268, 22.27082493927008], [-102.25058188725626, 22.270930281368205], [-102.25060466969374, 22.271005138434738], [-102.25067635811159, 22.271089850747323], [-102.25076570756674, 22.271170348790946], [-102.25094997176235, 22.271263737972355], [-102.25109468411932, 22.27133389006453], [-102.25126435210309, 22.27133676362929], [-102.25141914726248, 22.271294251104127], [-102.25162374184816, 22.271184880640778], [-102.2517982929208, 22.270968936155448], [-102.25185952986432, 22.27075107285344], [-102.25186380690573, 22.27053224509], [-102.2518262945273, 22.270373640734977], [-102.25182951331512, 22.270208955920907], [-102.25187293402243, 22.270065262108584], [-102.25199588801193, 22.26997707571163], [-102.25222396878873, 22.26990646586709], [-102.2525081712498, 22.269879683054583], [-102.25300870923093, 22.269949086078192], [-102.25340296387088, 22.270091160383217], [-102.25377192377539, 22.270286966748152], [-102.25413138810613, 22.270534515950168], [-102.25451411212015, 22.270863699337596], [-102.25491285713446, 22.271179612687522], [-102.25522952453092, 22.271539271306846], [-102.25544431271, 22.27174600723994], [-102.25558371040073, 22.27205753339197], [-102.25564559798612, 22.27220977929426], [-102.25565055858453, 22.272390399789078], [-102.25563943289396, 22.272525614117313], [-102.25561180343712, 22.272698913394297], [-102.25556011140512, 22.272862778924967], [-102.25549089024173, 22.273024091288317], [-102.2552414231331, 22.27335160832657], [-102.2548969744608, 22.27397991694824], [-102.25462048964921, 22.274449148194353], [-102.25446097707109, 22.27473305124552], [-102.25435785259049, 22.275047245286363], [-102.25431355093372, 22.27523605898216], [-102.25422825212804, 22.275444489330184], [-102.25412030039519, 22.27557129492653], [-102.25403869188948, 22.275621818236], [-102.25387658753878, 22.2756348720671], [-102.25360130881214, 22.275607646434196], [-102.25332650398103, 22.27558719847424], [-102.25314029288002, 22.275593073429103], [-102.25293614453894, 22.275648291998092], [-102.25282088701752, 22.275745635798714], [-102.25276175348948, 22.275886807011563], [-102.25273513348581, 22.27600821830903], [-102.25274665617917, 22.27622505686447], [-102.25276735675017, 22.276437537390464], [-102.25282674064404, 22.27668678005228], [-102.2529500717188, 22.277013833170397], [-102.25314086458202, 22.277518051081035], [-102.25331614504843, 22.27807165374942], [-102.2534769934755, 22.278557310929077], [-102.25359666831575, 22.27907160826219], [-102.25365520552126, 22.27939530765881], [-102.25368154821676, 22.279691381685517], [-102.25368519407866, 22.27990808692295], [-102.2536423769438, 22.28005179120382], [-102.25355153207921, 22.280140521626866], [-102.25339597773805, 22.28022138648754], [-102.25310259740661, 22.280313458076233], [-102.25275982228884, 22.280420489664795], [-102.25245926896247, 22.28047633133454], [-102.25213360491124, 22.280545287358404], [-102.25188183978916, 22.280586157277867], [-102.25167124992318, 22.280598387156346], [-102.25146049527001, 22.28058804696368], [-102.25118524025164, 22.28059015395211], [-102.25094192659265, 22.28060182846829], [-102.25073063063184, 22.280650152337113], [-102.2505745006148, 22.280760341627808], [-102.25048215281599, 22.280925772410782], [-102.2503253160491, 22.281072056616264], [-102.25018581208346, 22.281168987040992], [-102.25002286258753, 22.281224899373594], [-102.24980365544225, 22.28124375076001], [-102.24966609366338, 22.281241418915343], [-102.24949669104917, 22.281193413219665], [-102.2493039317785, 22.281099877428545], [-102.24901655371582, 22.280885132210315], [-102.2487781420496, 22.280646393210546], [-102.24841224441522, 22.28032425088731], [-102.2481803432701, 22.280155579143102], [-102.24786788984888, 22.2799832841055], [-102.2477046378218, 22.27993086764263], [-102.24768412244372, 22.279926006248477], [-102.24743251570565, 22.2798969143731], [-102.24725568597222, 22.27991873806193], [-102.24708540839455, 22.280008373554963], [-102.24694102423395, 22.280075881264285], [-102.24682204744828, 22.280146076655548], [-102.24679490358076, 22.280262964147592], [-102.24679229603171, 22.28039606484378], [-102.2467892465002, 22.28055172497687], [-102.24677890632115, 22.280646330656648], [-102.24678220739625, 22.280725370958248], [-102.24690165738483, 22.280878596379583], [-102.24710303706779, 22.2810580355215], [-102.24731260456485, 22.281221816508154], [-102.24750554548072, 22.28139885535936], [-102.24759835803484, 22.281488441005553], [-102.24768369037214, 22.28155758945853], [-102.24780047804104, 22.281661121891982], [-102.24787295203711, 22.28173682222376], [-102.2479007271493, 22.28177340049429], [-102.24791623718764, 22.281848134529064], [-102.24791451412145, 22.281936116411515], [-102.24791274686514, 22.282026354238567], [-102.24790491958117, 22.282116489268024], [-102.24788002330044, 22.282242441870583], [-102.24785450839693, 22.2823999776994], [-102.24785110626789, 22.28257368549674], [-102.24785839126724, 22.282758858058884], [-102.24785981197206, 22.282995835119458], [-102.24787028498699, 22.283327746919397], [-102.24784023116425, 22.283686051539952], [-102.24780103640597, 22.283953933273725], [-102.24776882950867, 22.28417454294553], [-102.24771369505658, 22.284358656509728], [-102.24759226531026, 22.28449199798562], [-102.24746582316077, 22.28460268736282], [-102.24735077520342, 22.284688746329277], [-102.24723546191774, 22.28478834086059], [-102.24714829028682, 22.284874872683808], [-102.2470790465553, 22.28494365513872], [-102.24705538640288, 22.285006441040203], [-102.24704721738142, 22.28508302998321], [-102.24705587133053, 22.28519826819925], [-102.2471021296184, 22.285343481575815], [-102.24717367665201, 22.285466557153708], [-102.24731112834323, 22.28553659040213], [-102.24758659398817, 22.28567892281569], [-102.24778966010594, 22.285772635913506], [-102.24811346307409, 22.2859541514008], [-102.24846155188824, 22.2861338215518], [-102.24883385757768, 22.286377089214426], [-102.24929489648102, 22.286639914381794], [-102.24951208774047, 22.286817362806552], [-102.24972758908291, 22.287112130548795], [-102.24994058634793, 22.287503893576854], [-102.25004396693616, 22.287704235550553], [-102.25011097855561, 22.287811436352158], [-102.25015818016954, 22.28787768075859], [-102.25019781256493, 22.28792799995961], [-102.25023747697097, 22.28800765675659], [-102.25024818450784, 22.2880800525764], [-102.2502708801616, 22.288159421710986], [-102.25027008533198, 22.28820002878286], [-102.25024864134141, 22.288242542502545], [-102.25023965901136, 22.288298807654684], [-102.25023080914616, 22.288348304960333], [-102.25022957271413, 22.28841147151289], [-102.25022338752636, 22.288510661320736], [-102.25021715816266, 22.28861210707461], [-102.25020415435691, 22.28865702056071], [-102.25019101806241, 22.28870870188915], [-102.25018094386684, 22.288789772184952], [-102.25016395055204, 22.288852671603994], [-102.25011835344215, 22.288890262425117], [-102.25008496527829, 22.288923546825288], [-102.25001193226277, 22.288938105504716], [-102.2499464807727, 22.288936995816748], [-102.24987756975382, 22.288926800660974], [-102.24982086772322, 22.288912299091987], [-102.24975352213227, 22.288884076858267], [-102.24967713026203, 22.288853444512657], [-102.24941682641608, 22.288772302893072], [-102.24911646141518, 22.288631807386984], [-102.24877496288599, 22.288517694028368], [-102.24856326267766, 22.2884621991522], [-102.24826099918062, 22.288418707829006], [-102.24807313014522, 22.288415520586682], [-102.24794236045489, 22.28840653183837], [-102.24775437163585, 22.28837851856642], [-102.24761114063006, 22.28835577795372], [-102.24749426552148, 22.288349281314666], [-102.24737607714054, 22.28837886939419], [-102.24718700183192, 22.28846818506104], [-102.24703662374847, 22.288562670656276], [-102.24688892191878, 22.28867525505695], [-102.24676878773515, 22.28880410408438], [-102.24662419101706, 22.288943821210356], [-102.24651715490116, 22.28911576949123], [-102.24644186633866, 22.289245379499096], [-102.24636643187682, 22.28941335073612], [-102.24632218334762, 22.289536717549883], [-102.24632290078367, 22.28968567135803], [-102.24634200725163, 22.28985524758416], [-102.24643292733238, 22.29013436418459], [-102.24652659449158, 22.290366136872688], [-102.24664485719781, 22.290580273529528], [-102.24675537439214, 22.290787508568158], [-102.24683391746284, 22.29095583703722], [-102.24686407894252, 22.291087237147718], [-102.24689340032086, 22.291261500138628], [-102.24688401836595, 22.291338068400478], [-102.2468824395167, 22.291387688817462], [-102.24688168779942, 22.291426039816148], [-102.2468464228979, 22.291493141940933], [-102.24683800068715, 22.291551672953947], [-102.24682480553028, 22.291637203241862], [-102.24678923099236, 22.291720096930433], [-102.24676907281125, 22.291789712165397], [-102.24675986760677, 22.291857256642224], [-102.24673620578896, 22.291920042317216], [-102.24669306210053, 22.291987010636902], [-102.2466428227356, 22.292044831714264], [-102.24658111271299, 22.292100201341366], [-102.2465455952294, 22.292149245552913], [-102.24652525993962, 22.292227884496565], [-102.24649731139714, 22.292292854032482], [-102.24646546118952, 22.29237129746377], [-102.24641823865878, 22.292460763341953], [-102.24637216602466, 22.292491574764103], [-102.24632649144115, 22.292502082713384], [-102.24622065458695, 22.292489002216627], [-102.24617205144241, 22.29246335334701], [-102.24612712882247, 22.292435510269993], [-102.24608662547266, 22.29239871546163], [-102.24606093262949, 22.292348631994507], [-102.24604693159021, 22.29228972029797], [-102.24602474234177, 22.29224646639172], [-102.24599483822672, 22.292225648381386], [-102.24594268742206, 22.292195425830258], [-102.24587109899215, 22.2921671298723], [-102.24578466915983, 22.292122785015877], [-102.24571750006702, 22.2920855372854], [-102.24565414423213, 22.292039327530595], [-102.24559736643468, 22.291997742850544], [-102.24556227349905, 22.291963296507685], [-102.24526372080078, 22.291730300147695], [-102.24506188753686, 22.291573416989028], [-102.24485124693052, 22.291463774467417], [-102.24462455337881, 22.29133806215678], [-102.24452681747802, 22.291313834820247], [-102.24432320172737, 22.2912787817369], [-102.24397895766768, 22.29130452605727], [-102.24367580517584, 22.29130614441758], [-102.24341249090683, 22.29137839661462], [-102.24308447688576, 22.291411184906135], [-102.2428906632074, 22.291432713813727], [-102.24266007457868, 22.291505521051857], [-102.24243797030242, 22.291578472195877], [-102.24219725780998, 22.291734603956442], [-102.24200699322688, 22.291853229558928], [-102.2418244739691, 22.291978756684433], [-102.24177334499517, 22.291989170572705], [-102.24166406614545, 22.292027932366512], [-102.2415364730802, 22.2920731526402], [-102.24138468258566, 22.292115704541473], [-102.24116466084617, 22.29217514911416], [-102.24102932192511, 22.292213467148194], [-102.2408515899226, 22.29228040073014], [-102.24071536444809, 22.292363837065032], [-102.24057078718897, 22.292440361120274], [-102.24042545626128, 22.29255523581408], [-102.24039954469076, 22.292608955296636], [-102.24033951735933, 22.29267112098895], [-102.24026225478308, 22.29274653346365], [-102.24017695080029, 22.29279924222868], [-102.24007386496712, 22.292923862163214], [-102.23998749682174, 22.293030713070383], [-102.23988441064014, 22.293155332846823], [-102.23976255183949, 22.293340563434594], [-102.23963250371274, 22.293541451279502], [-102.2395703472615, 22.293711901080368], [-102.239490866544, 22.29390010939651], [-102.23935913231509, 22.294186722107092], [-102.23922753053645, 22.2944665668699], [-102.23916444172605, 22.294684390841883], [-102.2391288026685, 22.294801131481403], [-102.23911725772727, 22.29495664587835], [-102.23911388702699, 22.29512809620052], [-102.23915228968224, 22.29530251439793], [-102.23916606591155, 22.295465229925128], [-102.23923752078161, 22.29568534443409], [-102.23924970045948, 22.295929273272442], [-102.23924539837405, 22.296148098023373], [-102.23921488776796, 22.29640484012671], [-102.23914993483119, 22.296717412803403], [-102.2390760530998, 22.297052400192918], [-102.23902251188771, 22.29721622618699], [-102.23898475808265, 22.297317133936463], [-102.23895124665847, 22.297418113908996], [-102.2389197457835, 22.29747850787222], [-102.23324354602677, 22.29678825069729], [-102.23256155831598, 22.296693116065065], [-102.23233442526136, 22.296589946005163], [-102.22785135944214, 22.296025927814938], [-102.222521663616, 22.295357023268437], [-102.21610665683842, 22.29454520366897], [-102.21461548054046, 22.294413535498084], [-102.21436536799676, 22.299136913100448], [-102.21407996332252, 22.30236803831144], [-102.2137189079604, 22.306904457078552], [-102.2134986610067, 22.31057674161605], [-102.21339122639039, 22.312231269517373], [-102.21319388071323, 22.314504826969657], [-102.20824633199481, 22.315261392788035], [-102.20108199419475, 22.3164127992406], [-102.19379008860972, 22.31754135888147], [-102.19096453345064, 22.31802721543353], [-102.18894885709561, 22.32339231630533], [-102.18852576814241, 22.324443321833314], [-102.18840329870945, 22.324926366221593], [-102.18822320695851, 22.32565212345957], [-102.18725754286031, 22.329537023739107], [-102.18609411471618, 22.334540005837436], [-102.18412558695672, 22.34296576401905], [-102.18379983792167, 22.343422699378973], [-102.18310750502792, 22.344376475619796], [-102.18251600492228, 22.345201120739457], [-102.18226134045725, 22.3456209272061], [-102.18213846895017, 22.345970816548256], [-102.18098781436417, 22.34995848413404], [-102.18084734185526, 22.350459256608637], [-102.14979243553147, 22.34724358161114], [-102.15132673607947, 22.322841174983115], [-102.15434757412167, 22.290636730501063], [-102.14440258875337, 22.28936524776702], [-102.12550466915553, 22.28725553441043]]]}}, {"type": "Feature", "properties": {"AREA": 645230000.0, "PERIMETER": 191502.0, "MUNAGS84_": 5.0, "MUNAGS84_I": 5.0, "NOMBRE": "ASIENTOS", "SUP": "645.230 Km²", "AREA_KM2": 645.229472023, "edo": "01", "Shape_Leng": 191502.079916, "Shape_Area": 645229472.023, "NOM_MUNIC": "Asientos"}, "geometry": {"type": "Polygon", "coordinates": [[[-102.22843694454606, 22.163356711306154], [-102.22801769464877, 22.16472164812411], [-102.22803685236535, 22.17069318190923], [-102.22787142661858, 22.17057301860739], [-102.22774315867721, 22.17044220413126], [-102.22758922221097, 22.17026130547063], [-102.22733240786634, 22.170044805152592], [-102.22708837006499, 22.1698871959488], [-102.22679636485978, 22.169735539839486], [-102.22655117708074, 22.169636584278592], [-102.22618259906095, 22.169528757144292], [-102.22584091519239, 22.16943944076878], [-102.22558871385473, 22.169358417914268], [-102.22526788386934, 22.169255915461882], [-102.22509098739341, 22.16916489120423], [-102.2249350623186, 22.169085507489417], [-102.22472418420861, 22.168966823692017], [-102.22448719600918, 22.168820614516154], [-102.2242765402634, 22.16869065055498], [-102.22410695555712, 22.168597493242828], [-102.22396408688587, 22.168531871307227], [-102.2238349233077, 22.16847776626207], [-102.22367764087483, 22.168436721992144], [-102.22345846449429, 22.16840139266205], [-102.22334186877522, 22.168385865126805], [-102.22317779315617, 22.168351474654987], [-102.22305427105658, 22.168349368958967], [-102.22294467548063, 22.168347500591654], [-102.22271923804001, 22.168291753387624], [-102.22254083722915, 22.168277428217934], [-102.2222012711127, 22.168203937528848], [-102.22196164175934, 22.168161487410377], [-102.22165989691409, 22.16813603099231], [-102.2214538942749, 22.168139287342335], [-102.22122091036321, 22.168128543071383], [-102.22098766036015, 22.168131334024753], [-102.21843679792168, 22.16679020563831], [-102.218358709565, 22.166664754909426], [-102.21831624035019, 22.16657601923996], [-102.2183108836756, 22.16647889056708], [-102.21825308356826, 22.166430513328216], [-102.21816588092796, 22.16636809391236], [-102.21802715121638, 22.16633864471028], [-102.21790279188671, 22.166286874024962], [-102.21780105777722, 22.166224206266016], [-102.21764210133674, 22.16608383407158], [-102.21749723278978, 22.165966269153355], [-102.21738043445069, 22.16593042400029], [-102.21727763488295, 22.16592189802374], [-102.21719161592581, 22.165830161553878], [-102.21711261276764, 22.165720491472868], [-102.21699732500902, 22.16560794483686], [-102.21687419414127, 22.165524600950416], [-102.21670559120172, 22.1654743302671], [-102.21652284012438, 22.165435101070823], [-102.21632584064994, 22.165350494681], [-102.21618764566048, 22.16529397304243], [-102.21605504471016, 22.165291707122147], [-102.2159304483711, 22.165282807859974], [-102.21584013126443, 22.165224847465726], [-102.2157760444007, 22.16512671514491], [-102.21564504347774, 22.16504323591972], [-102.21548471292728, 22.16497279535653], [-102.21536136137999, 22.16490073004815], [-102.21523003305919, 22.16486463511053], [-102.21509070021705, 22.16483517326602], [-102.21492297111017, 22.16477137574254], [-102.21480661911856, 22.16471296975884], [-102.21473275048432, 22.164711706884262], [-102.21458681901163, 22.164648281699225], [-102.21443375529681, 22.164577964422804], [-102.21428829622124, 22.164521317091488], [-102.21420773996125, 22.164490602873503], [-102.2141356774406, 22.164428440427272], [-102.21402668078014, 22.16436564636322], [-102.21393324880046, 22.164312145102578], [-102.2138445273218, 22.164265494371847], [-102.21372839860099, 22.164195808138807], [-102.21358206795942, 22.164152685364435], [-102.21350233993078, 22.16411070162694], [-102.21340065402877, 22.164045775553525], [-102.21329905717333, 22.16397633760162], [-102.21316792550995, 22.16389962436913], [-102.21298151777384, 22.163830992151762], [-102.21279633112592, 22.163823310773832], [-102.21257928658065, 22.163864730908802], [-102.21242915571115, 22.163891498955977], [-102.21230212953566, 22.163821625330797], [-102.21214166888322, 22.163757949510014], [-102.21201800887208, 22.163701673311902], [-102.21183625838015, 22.163581216116427], [-102.21166246836658, 22.163456381641918], [-102.21159843919781, 22.163416922398607], [-102.21149550872084, 22.16341516071834], [-102.21134917978146, 22.16337203608656], [-102.2112109891307, 22.16331551061547], [-102.2110573947381, 22.163272261372267], [-102.21094020013813, 22.16325671515524], [-102.2108013153026, 22.163204690814187], [-102.21065431913681, 22.16319540420973], [-102.21050692235055, 22.1632064206367], [-102.21040385856584, 22.163211426003357], [-102.21030920016184, 22.16318949520116], [-102.21021324180629, 22.163172055424265], [-102.21008380445123, 22.16316306897323], [-102.20991817241831, 22.163146692582128], [-102.20976041156992, 22.163130450827893], [-102.20953762472219, 22.163155971897396], [-102.20939796553208, 22.163173889841655], [-102.2092435703761, 22.163171245240694], [-102.20909617365773, 22.163182260380978], [-102.20894191215903, 22.163172847781592], [-102.20875071697503, 22.16316280228337], [-102.20848639353854, 22.163144733607716], [-102.20830293594838, 22.163141590161455], [-102.20816293859946, 22.16314596124155], [-102.20803821168683, 22.163143823887935], [-102.20789148341679, 22.163120999401347], [-102.20778128783918, 22.163119110883258], [-102.20769302288355, 22.16311082815995], [-102.20761369857016, 22.163048538662107], [-102.2074671042078, 22.163018946106554], [-102.2073132442894, 22.16298922888508], [-102.20716638266218, 22.16297317147476], [-102.20701283489682, 22.162927662678797], [-102.20678584723436, 22.16288992135135], [-102.2066322551436, 22.162846668117528], [-102.20647906438838, 22.162783111655013], [-102.2062829934475, 22.162682713176796], [-102.20608667402935, 22.162564256918966], [-102.20594213171377, 22.16243089174964], [-102.20569258149445, 22.162155812478797], [-102.20546878073577, 22.161926307798414], [-102.20526671385646, 22.16173102559884], [-102.20511423861765, 22.161631373681473], [-102.20498425489731, 22.16152759414592], [-102.20488966239381, 22.16147181155647], [-102.20482545123727, 22.16138044353716], [-102.20471726455081, 22.161277037756104], [-102.20461585287055, 22.161198571426468], [-102.2044634679121, 22.161094407209184], [-102.20433292433098, 22.160988360964566], [-102.20418774159081, 22.160918170012984], [-102.20394629110672, 22.160846326979165], [-102.20378574919019, 22.160787155428572], [-102.20357356502419, 22.1607361240628], [-102.20334711781851, 22.160671307664416], [-102.20320244622218, 22.160544708184663], [-102.20307233110546, 22.160447695039487], [-102.20292685661748, 22.160361701437], [-102.20264948231653, 22.16026892999584], [-102.20247268937955, 22.16026589471565], [-102.20227396616342, 22.160269252670208], [-102.20204631506272, 22.1602653436675], [-102.20181153250273, 22.16025454190408], [-102.20162212884722, 22.16015425286415], [-102.20152134499992, 22.16004420239251], [-102.20137587200881, 22.159958207541067], [-102.20127294494868, 22.159956439668733], [-102.20120708452008, 22.159948538446912], [-102.20109729398499, 22.159926342661088], [-102.20095817378106, 22.15991718291556], [-102.20081091473514, 22.15992142317299], [-102.20066378969723, 22.159918895629815], [-102.20044327089501, 22.159921876933097], [-102.20023714896008, 22.159931875279657], [-102.2000013844962, 22.159970700503113], [-102.19972139731071, 22.159979428860254], [-102.19953983079199, 22.160003388241353], [-102.19941611956153, 22.160041881752957], [-102.19928628456415, 22.160053190054636], [-102.1991573880744, 22.160017124647542], [-102.19902068991551, 22.160008004878783], [-102.19886905867332, 22.160018938164285], [-102.19873310010628, 22.16000306090882], [-102.19848035838149, 22.160012255513752], [-102.19823730774623, 22.160082545986356], [-102.19801017750993, 22.160144083239267], [-102.19784715617645, 22.16017964285579], [-102.19770548031535, 22.160177206325862], [-102.1975973520703, 22.160193399877254], [-102.19746760990019, 22.160261124588757], [-102.19733777817231, 22.160333360947885], [-102.19713479663535, 22.160368232465455], [-102.19693244121233, 22.160371521378913], [-102.19683009894194, 22.160401353840502], [-102.19681516871846, 22.16048233640873], [-102.19678718687578, 22.16054955452683], [-102.19669885934704, 22.160575114702677], [-102.19661772857657, 22.160573718845004], [-102.19654339200265, 22.16056566989524], [-102.19642896131386, 22.160563700990924], [-102.19633388427198, 22.160593658126587], [-102.19627825411875, 22.160680710234907], [-102.19622856805456, 22.16080397099991], [-102.19611178682817, 22.160889970745494], [-102.19598993527758, 22.16092623684827], [-102.19581345850737, 22.160968332685474], [-102.19562357214735, 22.161014710818748], [-102.19545465025622, 22.161011803304138], [-102.19527906839188, 22.161008780971265], [-102.19514405201332, 22.161006456773162], [-102.19501495832156, 22.16107193386811], [-102.19488534858732, 22.161132888669485], [-102.19473701212833, 22.161130334800543], [-102.1945145628943, 22.161108451519603], [-102.19431283352996, 22.161080154791147], [-102.19411765133023, 22.161027147452028], [-102.19398931843129, 22.161054273796502], [-102.1937653470514, 22.161109089272177], [-102.19358149315173, 22.161187161885344], [-102.1934384732498, 22.161252397777893], [-102.1932617716914, 22.16130577009529], [-102.19306620978602, 22.161302401157567], [-102.19283674245887, 22.161298447833122], [-102.19261317360967, 22.161332958778637], [-102.19228154313635, 22.16141074016346], [-102.19203714270142, 22.161487767541043], [-102.19187389493632, 22.161534600207016], [-102.19163673672888, 22.16158241540037], [-102.19143969572714, 22.16165348819922], [-102.19129752614847, 22.161675860520525], [-102.19116916960449, 22.16167364777441], [-102.19102069857875, 22.161677858074718], [-102.19084913174278, 22.16180804199716], [-102.19066489484779, 22.161935750601604], [-102.19047397499502, 22.162034007385284], [-102.19026376965414, 22.162066488740287], [-102.19010220244377, 22.162059189109332], [-102.18993908811511, 22.162099252093135], [-102.1897829701192, 22.162152975423254], [-102.18962638110732, 22.162199920546847], [-102.18945126955295, 22.162203669828134], [-102.1893229127341, 22.16220145557876], [-102.18902108184486, 22.162090186317158], [-102.18879363278187, 22.161984713232624], [-102.1884198217763, 22.161777422125684], [-102.18817914349569, 22.161667206694865], [-102.18802639095371, 22.161551738532008], [-102.18781856455557, 22.161464655979998], [-102.18763114430342, 22.161386951966936], [-102.18737651912458, 22.161308087640794], [-102.18710711605675, 22.161271843916875], [-102.18691155523446, 22.161268467602675], [-102.18676965515829, 22.161277300765377], [-102.18663423546907, 22.161295272245713], [-102.18654032380131, 22.16126657100126], [-102.18637891594788, 22.16122090770045], [-102.1862775362534, 22.161232696796656], [-102.18615828416459, 22.161259973623153], [-102.18600994868666, 22.161257411801373], [-102.18588885851666, 22.161255320418466], [-102.18577454138521, 22.161217239768607], [-102.18567910310347, 22.161265237270328], [-102.18553040839126, 22.161280721884683], [-102.18539386582628, 22.161355088786788], [-102.1852298532395, 22.161440264168366], [-102.18512073537373, 22.161506078058594], [-102.18498571970132, 22.16150374539983], [-102.1849119444758, 22.161497957473912], [-102.18475927474472, 22.1616826202027], [-102.18460176311314, 22.161806269978957], [-102.18445194458072, 22.161878149956518], [-102.18426732188357, 22.161994560957552], [-102.18393108225877, 22.162273085379788], [-102.1836575441498, 22.16244437452823], [-102.18343248945875, 22.162553315637556], [-102.18318029993836, 22.162686610211246], [-102.18301628464125, 22.162771783048175], [-102.1829080189929, 22.16279473401175], [-102.18283262481846, 22.162870155805305], [-102.18279120504594, 22.162912315575937], [-102.18261359946844, 22.16301079274298], [-102.18247093342244, 22.16305797143959], [-102.18227474137234, 22.163086171238486], [-102.18205193330859, 22.163082317619715], [-102.18179521973059, 22.163077877203992], [-102.18163708837128, 22.162989389874717], [-102.18142370511653, 22.16287738026488], [-102.18125590764161, 22.162818061549686], [-102.18103310019613, 22.16281420658285], [-102.18089794878587, 22.162818637957788], [-102.18060114094992, 22.162820271814315], [-102.18038323874922, 22.162904509309627], [-102.180164186743, 22.163076735041884], [-102.17998612941847, 22.163197767603855], [-102.17982134683507, 22.163321286358386], [-102.17958368846803, 22.163393897551927], [-102.17935925991564, 22.16347125067785], [-102.17916320216553, 22.163492679060155], [-102.17896727944682, 22.163507339662903], [-102.17871679568759, 22.163554904566517], [-102.17855957228046, 22.16363342031405], [-102.17821994593676, 22.16374713932933], [-102.17801533621395, 22.163863196354622], [-102.17781102152375, 22.163934125731622], [-102.17762072228186, 22.164000784393412], [-102.17740432327791, 22.16403991114998], [-102.17717458430558, 22.164049470372703], [-102.17690958803468, 22.164126116979485], [-102.17668578807361, 22.164171884360854], [-102.17656702237247, 22.164235268134185], [-102.1764437029186, 22.164314369237996], [-102.17632724325799, 22.164413898724444], [-102.17618191531196, 22.16459416609135], [-102.17604954655599, 22.164792710899178], [-102.17587886515176, 22.164877760366945], [-102.1757162153858, 22.16492458633048], [-102.17559905910207, 22.165028616363465], [-102.17551488126881, 22.165209943156235], [-102.17540312238864, 22.16537725194768], [-102.17524586965057, 22.165487356300726], [-102.17510153109204, 22.16561799399434], [-102.17492382735054, 22.16572097349484], [-102.17475991376888, 22.165830961795702], [-102.17462273059138, 22.16593690027966], [-102.1744989125478, 22.16604081382413], [-102.17431540467318, 22.166100816152913], [-102.17413167114435, 22.166172097435485], [-102.17385587357708, 22.166334302644678], [-102.17361055531866, 22.16645641704956], [-102.17345905791115, 22.16661175162858], [-102.17329880563449, 22.16684140246512], [-102.17318134906662, 22.166990557557703], [-102.17294219292187, 22.16713760050446], [-102.17274400893281, 22.167265044637514], [-102.17264467798007, 22.167355841840628], [-102.17263744229552, 22.16747531687711], [-102.17260130574492, 22.16755592781011], [-102.17241639609841, 22.167685858481583], [-102.17219077629677, 22.16788278063651], [-102.17208635642066, 22.16795543616218], [-102.17195003766348, 22.16810877592128], [-102.17181513669898, 22.168221521097763], [-102.17168456413322, 22.16832982806962], [-102.17156011788808, 22.168404392088714], [-102.17145500153984, 22.16848154827623], [-102.17131512057713, 22.16860097633048], [-102.17116041860353, 22.16870435055633], [-102.17106526038195, 22.168768139713194], [-102.1709373428606, 22.1688042804827], [-102.1707986438633, 22.16880412807786], [-102.17062278506722, 22.16881461314865], [-102.17053499117007, 22.168813088128484], [-102.17047958534874, 22.168766993434364], [-102.17037359934181, 22.168645551869755], [-102.17031127105406, 22.168551948019978], [-102.17022251049572, 22.16856845894821], [-102.17011748373503, 22.16864110252651], [-102.16996803135675, 22.168724257233354], [-102.16978965156432, 22.168800139332525], [-102.16954155161973, 22.168879322936792], [-102.16929903627522, 22.16895183335679], [-102.16905690945542, 22.168974704719705], [-102.16883871248979, 22.168982195378153], [-102.16865570557046, 22.168956448287275], [-102.1685191846841, 22.168938278906808], [-102.1683811995342, 22.168962959536294], [-102.16820732833591, 22.169025378517475], [-102.16799968602939, 22.169080440314946], [-102.16783083920657, 22.169133919787114], [-102.16762523914517, 22.169177733546977], [-102.16729445126575, 22.169151671722037], [-102.16715277015513, 22.169149207703455], [-102.16691722295013, 22.16911577506522], [-102.16638607917344, 22.16902304149032], [-102.165996102036, 22.168928249205035], [-102.16553148866743, 22.168870519552527], [-102.16528932764201, 22.168834712930234], [-102.1651424802596, 22.168757689321577], [-102.16496471970358, 22.168621455837304], [-102.1649000467566, 22.168493960349355], [-102.16488851952711, 22.168374159676997], [-102.16478314449628, 22.168252725539887], [-102.16459609365539, 22.168156948902748], [-102.16438900031532, 22.168033743925278], [-102.16414181067165, 22.167916610473746], [-102.16386728490119, 22.167803513937205], [-102.16359235213568, 22.167710719312485], [-102.1633315719015, 22.167606887697453], [-102.16299598606919, 22.16748821326639], [-102.16273498033821, 22.167395659846658], [-102.1624799390524, 22.167307723136], [-102.16217060416264, 22.16723914961101], [-102.16188747356289, 22.167222933891473], [-102.16164468261908, 22.167218703584137], [-102.1613746458775, 22.1672139981302], [-102.16118524285237, 22.167235520065773], [-102.16100965846503, 22.1672324600194], [-102.16084799976309, 22.167229642499507], [-102.16075264110289, 22.1672731124144], [-102.16068996467845, 22.167378080102033], [-102.16048500407186, 22.167480567563075], [-102.16032307319671, 22.16749128434171], [-102.1601674689355, 22.16748857166448], [-102.160026198356, 22.167465799359377], [-102.15999466580709, 22.167377242286115], [-102.1598763677096, 22.167205934929797], [-102.1597867109226, 22.167116364408287], [-102.15967996530942, 22.167033265672753], [-102.15955361836876, 22.166961108074936], [-102.15943228335193, 22.166940939521137], [-102.15927714924995, 22.166945004034577], [-102.15915459000534, 22.16698574204113], [-102.15906398664625, 22.167124070921314], [-102.15902655964055, 22.16732876846473], [-102.15900302628333, 22.167475036796663], [-102.15891926391588, 22.167604458476866], [-102.15872886256572, 22.16767560516668], [-102.1585184353696, 22.167748658882697], [-102.15838192000881, 22.167820745108166], [-102.15830427265578, 22.16797735221873], [-102.1582396889485, 22.168177062491566], [-102.15816181438363, 22.16834494850909], [-102.15806518406218, 22.168451579173254], [-102.15790102913182, 22.168572827755632], [-102.15780430771498, 22.168683969830727], [-102.15766158467564, 22.168733381071934], [-102.1574586621603, 22.168734353167732], [-102.15735754902438, 22.168732588601866], [-102.15725693506694, 22.16870601015423], [-102.15709527520876, 22.168703188735527], [-102.15693300990905, 22.16870035658883], [-102.15672937678035, 22.168766756569514], [-102.15657976629646, 22.168827329557594], [-102.1565438629093, 22.16892599288207], [-102.1565209620353, 22.169040679327434], [-102.15641082815785, 22.169156099484972], [-102.15625428460064, 22.16923009063912], [-102.15610317529342, 22.169365104491217], [-102.15585723386619, 22.16948717934229], [-102.15560387511758, 22.16967682198889], [-102.15536972427108, 22.169905161680838], [-102.15502425653243, 22.170127043456535], [-102.15484562630861, 22.170275114768078], [-102.15472298731015, 22.17034969650304], [-102.15455269747598, 22.170414419321485], [-102.15439103604584, 22.170411595015], [-102.15424269505607, 22.17040900328215], [-102.15406783472774, 22.17036984262238], [-102.15390774887109, 22.17025872911389], [-102.15379531381481, 22.170157474503522], [-102.15363459226944, 22.170077941891925], [-102.15343372804814, 22.170006733935118], [-102.15322450770007, 22.169989537806618], [-102.15300896002961, 22.169985770341153], [-102.15272559967926, 22.169980817172956], [-102.15257712298748, 22.169984991348812], [-102.1524407392726, 22.170050304646587], [-102.1523169938922, 22.170149687578864], [-102.1521598564747, 22.170252999729314], [-102.15194142976651, 22.17036200976927], [-102.15177672226037, 22.170510320842748], [-102.15167282021913, 22.17061681996248], [-102.1514425533773, 22.170802346078297], [-102.15122359379936, 22.170967760322096], [-102.15109409622166, 22.171021909865043], [-102.15095743800244, 22.171100756465883], [-102.15086093707754, 22.171200614679364], [-102.15075791225078, 22.1712935889421], [-102.15057402650119, 22.171371608975935], [-102.15038484517478, 22.171381838626015], [-102.15030448488879, 22.17134207068594], [-102.15011571311005, 22.17133199794192], [-102.15003357843989, 22.171380205565466], [-102.15001218723613, 22.171449785323457], [-102.1499296429443, 22.171518294962198], [-102.1497868239923, 22.171572210257654], [-102.14969086803605, 22.17164499821734], [-102.14956237055003, 22.17164951912081], [-102.14940750518161, 22.171640038929908], [-102.1492738949181, 22.171567746335224], [-102.14899126059677, 22.17152669378404], [-102.14886289982151, 22.17152444679054], [-102.14872787883509, 22.171522083098903], [-102.14860604175045, 22.171526719852782], [-102.14851035845363, 22.171585972352652], [-102.14850114881179, 22.17171217963366], [-102.14843882568861, 22.171799095111922], [-102.14833027693687, 22.171835556421414], [-102.14821537302447, 22.171826774768814], [-102.14802746617586, 22.171773839676025], [-102.14780108227298, 22.171706691080434], [-102.14759319511089, 22.171653405609643], [-102.14731083473092, 22.171598815483726], [-102.1470477265114, 22.171580667383942], [-102.14676386335933, 22.17160051709856], [-102.14658827576062, 22.171597440946567], [-102.14635839094586, 22.17161372246508], [-102.14610765976003, 22.17167251334014], [-102.14589702643548, 22.171725236760217], [-102.14567358687405, 22.171782248611507], [-102.14551090949959, 22.171799706721913], [-102.14540327173005, 22.171791050446213], [-102.14531023056105, 22.171719465811215], [-102.14517671389356, 22.171642658511352], [-102.14504999432823, 22.171559200533913], [-102.14493633474501, 22.171518846349123], [-102.14480797443187, 22.17151659616319], [-102.14466538200455, 22.171559227873793], [-102.14454167600503, 22.171656348379464], [-102.14438325544378, 22.1718228139373], [-102.14424668451962, 22.171897142863678], [-102.14408304948479, 22.171961970787216], [-102.14386622373073, 22.172021352600943], [-102.14368356540629, 22.172038458433278], [-102.1435488181712, 22.172022555756403], [-102.1434272545979, 22.172013653925234], [-102.14329949947954, 22.172011413123506], [-102.14319663950762, 22.172066023235057], [-102.14304610879391, 22.17217169822657], [-102.14292364533556, 22.172237247125455], [-102.14278091493202, 22.17228664436008], [-102.14264352168306, 22.172401575695428], [-102.14248650010798, 22.172468774491428], [-102.142249862607, 22.172489444686086], [-102.14219727745648, 22.17248400882437], [-102.14332612472035, 22.16850742111406], [-102.14461399663291, 22.163610665915428], [-102.14564509095756, 22.159487912369343], [-102.14737307053845, 22.15290864409905], [-102.14098197789347, 22.15093723684999], [-102.12808505099977, 22.14694881826914], [-102.12557960130896, 22.146153225614817], [-102.12018461306008, 22.144306927164607], [-102.11798897167333, 22.143527980392914], [-102.11622459357149, 22.142952953983936], [-102.10686357623638, 22.14012891418548], [-102.10077744311157, 22.138231387541236], [-102.10321116508608, 22.146005487451706], [-102.1033643224949, 22.146599417733423], [-102.09930233981089, 22.15311846773821], [-102.09786584446351, 22.15539227944381], [-102.0949749193749, 22.15476310299943], [-102.09473101968692, 22.155905060757775], [-102.09706383591114, 22.158469413847737], [-102.10559039932598, 22.147604751917306], [-102.10579002941112, 22.147378131013134], [-102.1067485093311, 22.152476842564976], [-102.10828336872662, 22.153973082492687], [-102.11100743813672, 22.154680303133894], [-102.11147191664007, 22.15494803782274], [-102.1115675263868, 22.15518892485646], [-102.11166525588605, 22.1553260489666], [-102.11179688722888, 22.1554637738964], [-102.11191678610274, 22.155612573468783], [-102.11198057486159, 22.15578068735694], [-102.11197569126826, 22.156019793212323], [-102.11197099189863, 22.156249876197638], [-102.1120004247431, 22.156469281441872], [-102.11205294177898, 22.15662591290242], [-102.11211696137258, 22.15678274820723], [-102.11213572126631, 22.156961346716233], [-102.11226462983157, 22.157202823654394], [-102.11238412237824, 22.157401259546376], [-102.1125266533086, 22.157539177247926], [-102.11272442038354, 22.157700638925924], [-102.11287974422982, 22.15777560012697], [-102.11296740850564, 22.157871927758844], [-102.11300883895194, 22.158008053802426], [-102.11310805208592, 22.158102329462963], [-102.11318485892853, 22.158166873175798], [-102.11337412529862, 22.158210843844614], [-102.11348547946122, 22.158244407980174], [-102.11361673998607, 22.158370842561407], [-102.11375003367404, 22.158427360512214], [-102.11386184859694, 22.158438367230897], [-102.11386998296231, 22.15857390337006], [-102.11402401918387, 22.15871202376885], [-102.11407778228528, 22.1588077504559], [-102.114198560996, 22.158913690191504], [-102.11440916979865, 22.159009938066323], [-102.11470949853876, 22.15922060123792], [-102.11486312200459, 22.159379022479726], [-102.1149834414924, 22.15950751894759], [-102.11511595437135, 22.159602383200138], [-102.1152147487681, 22.159687624227637], [-102.11530287609386, 22.159761393667882], [-102.11516014426027, 22.160167299571985], [-102.1166940398955, 22.161214406332288], [-102.11694793478691, 22.160821748602952], [-102.11723683087341, 22.16091035235785], [-102.1174373755321, 22.160965800967357], [-102.11760249941064, 22.161095088496467], [-102.11777958639053, 22.161202022122], [-102.11808683744854, 22.161489524679087], [-102.11875497284296, 22.162167021193113], [-102.11914415072094, 22.162298013084175], [-102.11971443055958, 22.162903823182223], [-102.12003874272939, 22.16339471310775], [-102.12045863694597, 22.164455940778453], [-102.12025974571051, 22.164854089571342], [-102.11987060693077, 22.164899110597375], [-102.10188292652188, 22.188426932392655], [-102.10445647633853, 22.18935503220975], [-102.10712731890474, 22.19056237520087], [-102.11150913829911, 22.19276358971562], [-102.11578913436361, 22.194944840691726], [-102.11790282732302, 22.19606542536582], [-102.12535630304382, 22.199638494835092], [-102.13291406876218, 22.20334622862036], [-102.13008106219206, 22.216275932858846], [-102.14695559534766, 22.234131231768217], [-102.12985958394317, 22.241098504802444], [-102.12980037282584, 22.25247267033703], [-102.12979191027769, 22.270856516273767], [-102.12787377162168, 22.27090607381232], [-102.12550466915553, 22.28725553441043], [-102.10079902218338, 22.283983925513414], [-102.08960153907331, 22.289074841593393], [-102.07289008271015, 22.30956950663269], [-102.06387698414375, 22.31359214834204], [-102.04687601424072, 22.308639523827907], [-102.04257320651494, 22.305605178393396], [-102.03190423826041, 22.297779061983974], [-102.03001637166483, 22.296871269164036], [-102.03010548765769, 22.289074832911655], [-102.03071962377786, 22.28224470966522], [-102.02838853439587, 22.27186551849876], [-102.03028375654885, 22.271577548650068], [-102.02859263919139, 22.266681819437224], [-102.02821319174166, 22.265136015525773], [-102.0278642912961, 22.263750974148348], [-102.02758453464513, 22.2621054575314], [-102.0272955481947, 22.260868178013006], [-102.02588198481047, 22.256239259194473], [-102.02502641657362, 22.25465765361686], [-102.02451880962823, 22.253357700335357], [-102.02383581132932, 22.25141146218987], [-102.02335478114321, 22.250116506765178], [-102.02325795469488, 22.24973791584754], [-102.02318649313192, 22.24942071220646], [-102.02309276848922, 22.24889551312947], [-102.02303612718998, 22.248479300210587], [-102.02299018827384, 22.248187384593336], [-102.02285322739756, 22.247844160074614], [-102.02230749314589, 22.24645776171433], [-102.0222339018624, 22.246212723138193], [-102.02218619927342, 22.24600426131044], [-102.02216530644664, 22.245760188855712], [-102.02216023537248, 22.24536974153045], [-102.02247476883153, 22.24164344773544], [-102.00246553118066, 22.241469518416146], [-101.99988125939619, 22.234244356396985], [-101.99978216810217, 22.233946944600902], [-101.99972629020378, 22.233611972664733], [-101.99969307087152, 22.23318039591323], [-101.99982033449541, 22.218241165558208], [-102.00019128227653, 22.203796036724988], [-102.00048349902083, 22.186059652869663], [-102.00073902598653, 22.177993344885078], [-102.00112820215168, 22.16068514659854], [-102.00150969833064, 22.154604480155978], [-102.00760656541681, 22.154199843198104], [-102.01702064942953, 22.153997882632776], [-102.02589754334258, 22.129745778110273], [-102.00771816759284, 22.123666251550684], [-102.00069306427064, 22.122909969620203], [-101.9930018972529, 22.121850044398958], [-101.98742680555381, 22.121187614236646], [-101.97806541599849, 22.11675901911626], [-101.96762719347522, 22.111364530923947], [-101.9397172676785, 22.092608234380684], [-101.9141584495337, 22.075733341280515], [-101.8934940883455, 22.062282765645968], [-101.87662973308035, 22.050876719578444], [-101.86803012379796, 22.044746895373866], [-101.85973230931548, 22.03753274516121], [-101.84680598409685, 22.02729613460512], [-101.83647804530666, 21.977296878413746], [-101.89336126876228, 21.95408242716085], [-101.91911777726355, 21.979732288953688], [-101.94482062948917, 22.005574229163862], [-101.94470879198106, 21.989545522446967], [-101.95038302043865, 21.990605615297156], [-101.95539690186735, 21.991522386546826], [-101.95775337472884, 21.992202429534963], [-101.9646441146415, 21.980879213196694], [-101.97493002016834, 21.98327377106248], [-101.97164503249446, 21.991771501625593], [-101.96234286407086, 21.991951357762375], [-101.9605255734532, 22.009605120874525], [-101.96990984138475, 22.010112928786516], [-101.99198001013127, 22.007915851760416], [-101.98985544788971, 22.02594592835143], [-102.00558192872711, 22.028680286557755], [-102.00681864180325, 22.019241797364245], [-102.00809159845025, 22.01109009121669], [-102.01017414595134, 21.9988532249869], [-102.01679830200561, 21.995417825140237], [-102.02568269799721, 21.990845294165776], [-102.04148939495886, 21.98275986884767], [-102.04131601712336, 21.99207819262134], [-102.03685047422269, 22.00059010829578], [-102.05496154771804, 22.000305112850427], [-102.05755416423175, 22.00016214364306], [-102.07005338418188, 21.999264628923427], [-102.07113063730733, 21.992940848463277], [-102.07511650028154, 21.998443447049805], [-102.08972472304481, 22.00573262215957], [-102.09040716669155, 22.005848543826453], [-102.09429625554114, 22.009683726145223], [-102.09780027820524, 22.013187069091536], [-102.09689723652491, 22.02299829186886], [-102.10965246258716, 22.027116512986535], [-102.11251833038898, 22.031334950048276], [-102.11250935802381, 22.031777077230686], [-102.1125460642638, 22.033307671291052], [-102.11256930033586, 22.033504401770095], [-102.1125863864808, 22.033676201614615], [-102.11261030932322, 22.0338390958354], [-102.11263394779569, 22.03398618913154], [-102.11265782492048, 22.03415133910203], [-102.11263991870388, 22.034735471748263], [-102.11264896810724, 22.034945491289516], [-102.11264475604493, 22.03515302031124], [-102.1126410475574, 22.03533573607539], [-102.11267235668335, 22.035462655678252], [-102.11275860833062, 22.035565722428025], [-102.11294725765114, 22.035632234037656], [-102.11312236121846, 22.03568045403666], [-102.11332492308505, 22.03574721064834], [-102.11347285324786, 22.035792694439905], [-102.11355960917722, 22.03587094757788], [-102.11357035333502, 22.035997504380727], [-102.11359473509164, 22.036137841063113], [-102.11363435645477, 22.036213006307857], [-102.11373428276119, 22.036298261341162], [-102.11387514807019, 22.03636392926698], [-102.11397461697948, 22.036471741703718], [-102.11408015474419, 22.03663833166375], [-102.11410356604956, 22.036796703681482], [-102.11410059136301, 22.036943327603023], [-102.11411472650354, 22.037051891729313], [-102.11417467562232, 22.037109362872183], [-102.11424127851151, 22.037166951327162], [-102.11434248714781, 22.03718904500792], [-102.11445200690314, 22.037159384291062], [-102.11452053179592, 22.037122231005025], [-102.11459020058305, 22.03702868384725], [-102.11464021837016, 22.03688965897632], [-102.11476569898811, 22.03672939890969], [-102.11486194656119, 22.036667912034876], [-102.11505215403258, 22.036657725817513], [-102.11522124655676, 22.036674245913993], [-102.11537629982716, 22.036726623362824], [-102.11544239993114, 22.036809024672312], [-102.1155282427885, 22.036932392049923], [-102.11564074642796, 22.037053972730053], [-102.11565250896487, 22.037160238450202], [-102.11570397548651, 22.037307822059798], [-102.11571330357445, 22.037504307346627], [-102.11570294483306, 22.037686906282005], [-102.11565861060622, 22.03784408420572], [-102.11562815317583, 22.038033098556895], [-102.11554994493576, 22.038189679370223], [-102.11552682719729, 22.038344974627677], [-102.11553064477377, 22.038484948724406], [-102.11554676353339, 22.038674783997724], [-102.11560442665086, 22.03884504249731], [-102.11571739933503, 22.03897340119825], [-102.11589784577892, 22.0391164884263], [-102.1159233175521, 22.039173351401722], [-102.11596890858952, 22.039282469887066], [-102.11597272651346, 22.039422444009237], [-102.11596300803382, 22.039573462366242], [-102.11596021781439, 22.039711063456917], [-102.11594917274373, 22.03992749871424], [-102.11597906740352, 22.040124346470087], [-102.11610525760607, 22.040257451090614], [-102.11620905192257, 22.040480423416692], [-102.11630811363248, 22.040608536692027], [-102.11641388547602, 22.040763846917844], [-102.11646415418701, 22.04094074462853], [-102.11646665640284, 22.041175471191497], [-102.1164163078289, 22.041300951391722], [-102.11632506473262, 22.04144376336095], [-102.1162009176755, 22.04156794285763], [-102.11603395944834, 22.041684597992017], [-102.11588300295534, 22.04178799561738], [-102.11577050597552, 22.041964280974042], [-102.11568652063272, 22.042107220415172], [-102.11565751555884, 22.04219471498599], [-102.11560675405003, 22.042340496594445], [-102.11559552472663, 22.04256595470332], [-102.11559934196808, 22.04270592875512], [-102.11564328640912, 22.04289625453177], [-102.11570282661211, 22.042974027198497], [-102.11575562136683, 22.04305619406132], [-102.1158083145378, 22.043113536952177], [-102.11596396956998, 22.043136589779788], [-102.1160650912499, 22.043163194377144], [-102.11618691716797, 22.043183394155086], [-102.11628854212609, 22.04318518531458], [-102.11638502258586, 22.043112419208615], [-102.11646148490378, 22.04301222150165], [-102.11653791166319, 22.042943614988268], [-102.11659225174667, 22.042919750443676], [-102.11673400420015, 22.042971892833307], [-102.11678564584889, 22.043081117843073], [-102.11679034354675, 22.04320756810951], [-102.11674127494892, 22.043269887163788], [-102.11665089968687, 22.043369839820734], [-102.11656833212254, 22.043442851271035], [-102.11648369581839, 22.043588036186662], [-102.11640636402647, 22.043731093217865], [-102.11639113469671, 22.043825600391745], [-102.11642919373205, 22.04394812548897], [-102.11643150210963, 22.044162539517913], [-102.11642150869612, 22.04432709237492], [-102.11635670681763, 22.044508731711332], [-102.11627294894403, 22.044640392542252], [-102.11614910878832, 22.044719445896916], [-102.11593690483829, 22.04479919804704], [-102.11569161325275, 22.044869340338906], [-102.11544695211062, 22.044878566236477], [-102.11525778610938, 22.044836869406332], [-102.1150884093735, 22.044833882827376], [-102.11497921388465, 22.044877088502403], [-102.11493643182342, 22.044957570210546], [-102.11481420264832, 22.044987006567123], [-102.11470559216903, 22.04497155182654], [-102.1145085820955, 22.044988386323304], [-102.11429867584621, 22.04498468408822], [-102.11403372220015, 22.044980010566622], [-102.11367504267153, 22.044942091325737], [-102.11347958962537, 22.044882229098913], [-102.1133382128395, 22.04484137323738], [-102.1132303812917, 22.04478756981653], [-102.11311567631175, 22.044774263067186], [-102.1128247388159, 22.04470820210673], [-102.11272175637876, 22.04468381917682], [-102.11256725518555, 22.04463370484467], [-102.1123104225956, 22.044556962135267], [-102.11210404591168, 22.044528497326837], [-102.11196249605337, 22.04452599871895], [-102.11185832270388, 22.044560264672814], [-102.11179089360073, 22.044692211071435], [-102.11176268293949, 22.044800027680523], [-102.11179869416053, 22.04493380013287], [-102.11180934477781, 22.045064868325625], [-102.11174095309295, 22.045244185324453], [-102.1116732943708, 22.04538741034543], [-102.11155540891177, 22.045471078151227], [-102.1113606437539, 22.045526309798575], [-102.11117803177822, 22.04560883444093], [-102.11105981595055, 22.0456789566892], [-102.1109811488892, 22.0457384944706], [-102.11093876729878, 22.045918270311134], [-102.11095964528033, 22.046171372967585], [-102.11093024182745, 22.046337838652864], [-102.11090079244472, 22.04650656006603], [-102.11082093301748, 22.046624747037754], [-102.11071304477719, 22.046841727256226], [-102.11069644486814, 22.047033241058628], [-102.11065530008977, 22.047152111660893], [-102.11065236614832, 22.04729647920718], [-102.11063579395626, 22.047427066555066], [-102.11059441975128, 22.04755721583277], [-102.11055056979143, 22.047809175188405], [-102.11062479132502, 22.047968444811133], [-102.11080323511143, 22.048091193783762], [-102.11104590239803, 22.048239898880645], [-102.11123750880527, 22.04834031436155], [-102.11149457635649, 22.048405780681843], [-102.11172628293765, 22.04846854228829], [-102.11185316259413, 22.048567814271326], [-102.1119667523416, 22.04872552194866], [-102.11196404862858, 22.048858610909463], [-102.11198528564816, 22.049064332273506], [-102.11209973733042, 22.049149845381443], [-102.11226644259203, 22.04922499810727], [-102.11243168182267, 22.049372334549624], [-102.1125196178239, 22.04948220144026], [-102.11254196457858, 22.04966312028765], [-102.11265394296214, 22.04987044338295], [-102.11273955210892, 22.050124688640885], [-102.11278561138099, 22.050389518564817], [-102.11279267967942, 22.050667199588613], [-102.11283929822767, 22.05093429593601], [-102.1126781100915, 22.051242855286596], [-102.11253081641303, 22.05149298927371], [-102.11238471364582, 22.051684473691907], [-102.11232902228076, 22.051864014821717], [-102.11217122320973, 22.052005648304203], [-102.11200061916686, 22.052122233420445], [-102.11181460664653, 22.052371682888367], [-102.11173249795932, 22.05260040139548], [-102.11163796007816, 22.05281536102292], [-102.11157006749244, 22.052969864200776], [-102.11153965380959, 22.053185956147754], [-102.11160144964666, 22.053331466842558], [-102.11162425363081, 22.053489828249283], [-102.11153158544019, 22.053582966911804], [-102.1113367629083, 22.053640453022766], [-102.11120803670484, 22.053602074598043], [-102.11114588332023, 22.053503945060253], [-102.11101885380464, 22.05338210405194], [-102.11087669032285, 22.053379592868673], [-102.11066956783831, 22.053387216781726], [-102.11046254585409, 22.053419664266503], [-102.11029216810095, 22.05352496854317], [-102.11013583289454, 22.053594415930334], [-102.10995467721321, 22.053604754262686], [-102.10960539094249, 22.053609864653275], [-102.1093993319776, 22.053594940215532], [-102.10923143087521, 22.053578433404837], [-102.10902306941902, 22.053646960113678], [-102.10893022449288, 22.053778455337316], [-102.10881867175833, 22.053907363237474], [-102.10863632261342, 22.05397634921791], [-102.10858269888844, 22.05408371553156], [-102.10848952365545, 22.054201665308444], [-102.10814909303045, 22.054425814114797], [-102.10778439272465, 22.05456378413535], [-102.10738170928343, 22.054664976739115], [-102.10718619542007, 22.054756293560022], [-102.10695131332686, 22.0548491702705], [-102.1067041022375, 22.05495311122823], [-102.10646898993737, 22.05505726583608], [-102.10633770012015, 22.055174539804188], [-102.10630773700724, 22.055368072494375], [-102.10631699631601, 22.055537477175623], [-102.10640457083704, 22.055694728265163], [-102.1064025958548, 22.055791724744374], [-102.10631015257316, 22.055873581229434], [-102.10616725225186, 22.055907157392525], [-102.1060247271553, 22.055952022784705], [-102.10593223762844, 22.05603613475069], [-102.10589232581022, 22.056094098590048], [-102.10590328429787, 22.05618004118847], [-102.10597952482706, 22.05624006052324], [-102.10609260732113, 22.05642258515869], [-102.10611434080496, 22.056603493279322], [-102.10605800371327, 22.056843946556334], [-102.10605455835909, 22.05701312638537], [-102.10602464010549, 22.057204403171095], [-102.1059420592745, 22.05745567464614], [-102.10582342495319, 22.05757542844636], [-102.10565331466411, 22.05766719254527], [-102.10543247125072, 22.057724210302425], [-102.10523764125952, 22.05778168823102], [-102.10496601127382, 22.057776879659176], [-102.10474838477475, 22.057675995463406], [-102.10454452748588, 22.057552789384594], [-102.10437956476203, 22.057391910581465], [-102.10416336436768, 22.057221098166604], [-102.10398372147456, 22.05715699033721], [-102.10382885087846, 22.057154247643766], [-102.10367250906027, 22.057223688042942], [-102.10664469626859, 22.06057536955828], [-102.10698482315513, 22.06844995584932], [-102.10731391825196, 22.074756047257534], [-102.14092096486876, 22.075340663396027], [-102.15489134553859, 22.088415543414033], [-102.1548951510492, 22.086957841414634], [-102.15761303304467, 22.087111213824624], [-102.16339732992874, 22.087487061728176], [-102.1631578230014, 22.08332846647514], [-102.17445262975635, 22.083806266741817], [-102.1761722525137, 22.083872103062475], [-102.18034007170309, 22.084320943926564], [-102.18267918509984, 22.074524567432835], [-102.18392023502903, 22.06877569815399], [-102.19039145015596, 22.06805433962743], [-102.19648063561316, 22.06730585731286], [-102.19975436374996, 22.067312318226737], [-102.1994623497829, 22.068984024761246], [-102.19900566552862, 22.071485620473524], [-102.19843475756724, 22.075142927286752], [-102.19806043156964, 22.077670750829093], [-102.1972868244856, 22.08273047532484], [-102.1967385790762, 22.086521296628277], [-102.19670046455961, 22.08976798464207], [-102.19615356223949, 22.09014900116253], [-102.1953803210068, 22.095150031887595], [-102.19223537902033, 22.10065414193864], [-102.2163245926026, 22.104656981547343], [-102.2163516959846, 22.104386640911688], [-102.21631849766246, 22.104289037235766], [-102.21632173111263, 22.10412435402589], [-102.21624616771588, 22.103933503753094], [-102.21621748756974, 22.103605794769475], [-102.21623802114688, 22.10351587728261], [-102.21626568444663, 22.103432851418596], [-102.21631925412674, 22.103325443646106], [-102.21638613852902, 22.10321826284824], [-102.21641433314522, 22.103108165723068], [-102.21650495355053, 22.103087143743277], [-102.21671161342216, 22.103138057242546], [-102.21689089103971, 22.10322686748531], [-102.21714980664244, 22.103206457075917], [-102.21734505602669, 22.103160137601222], [-102.21762865324881, 22.103239441487652], [-102.21786203140972, 22.10319377113695], [-102.21801735147035, 22.103207701133577], [-102.21819733835221, 22.103260415022206], [-102.21839161392748, 22.10326372491565], [-102.21866406577782, 22.10323225922883], [-102.21892239193237, 22.103272766658037], [-102.21912654544504, 22.103420672323086], [-102.2191889147739, 22.10354359605125], [-102.21931374221741, 22.10378493158427], [-102.21925226034301, 22.104666251672292], [-102.21920046005145, 22.106504574410646], [-102.21900992107105, 22.109581713994114], [-102.21863916522692, 22.11360359100616], [-102.21853140280753, 22.114960282246823], [-102.21836575174329, 22.116767324346224], [-102.21784307849009, 22.122725098748674], [-102.22091402624298, 22.12328970394244], [-102.22149757357235, 22.123421504004074], [-102.22344397087004, 22.123684821948647], [-102.22449665258493, 22.123793000903685], [-102.22617770365615, 22.12409465010802], [-102.23070369717296, 22.124911734896653], [-102.23863610772777, 22.126273841160796], [-102.23760102930189, 22.13109696872167], [-102.23704584695244, 22.133791106593677], [-102.2369174206448, 22.134538159173484], [-102.2362090823149, 22.13676255700834], [-102.23437736874966, 22.143294007302796], [-102.2326496911714, 22.149450315387845], [-102.22939137972851, 22.14889623602428], [-102.22932030033932, 22.153607012364212], [-102.23137233002643, 22.15360126341859], [-102.22916956758199, 22.160773973280392], [-102.22843694454606, 22.163356711306154]]]}}, {"type": "Feature", "properties": {"AREA": 815625000.0, "PERIMETER": 156570.0, "MUNAGS84_": 6.0, "MUNAGS84_I": 6.0, "NOMBRE": "SAN JOSE DE GRACIA", "SUP": "815.623 Km²", "AREA_KM2": 815.6252735, "edo": "01", "Shape_Leng": 156569.984625, "Shape_Area": 815625273.5, "NOM_MUNIC": "San José de Gracia"}, "geometry": {"type": "Polygon", "coordinates": [[[-102.51426975121699, 22.297895504364703], [-102.51419580197634, 22.297928226414168], [-102.51412245183688, 22.297927102079814], [-102.51406182483748, 22.297892317215155], [-102.513952102769, 22.297890635259343], [-102.51381813274381, 22.297888581500153], [-102.51374558160795, 22.297842328547144], [-102.51360008692767, 22.297806242406796], [-102.51342853960574, 22.29783746772143], [-102.51323294405458, 22.297857038922793], [-102.5130385472556, 22.29780891724448], [-102.51297911942041, 22.297706439366728], [-102.51296923322764, 22.297579893851264], [-102.51283626265068, 22.297521428782293], [-102.51275258720426, 22.29741857897064], [-102.51267035058795, 22.29723449797675], [-102.51272324894205, 22.29702089106221], [-102.51286365163104, 22.296659661827466], [-102.51291374546553, 22.29657014867256], [-102.51300205566106, 22.296411253472126], [-102.5130042532959, 22.29628715028204], [-102.51299456682872, 22.29614932264676], [-102.51298464062653, 22.29602503354071], [-102.51292441430161, 22.295967684127913], [-102.51290276393506, 22.295820644888455], [-102.51292964869067, 22.295672092891255], [-102.51299327114363, 22.29553764643818], [-102.5130949028466, 22.295311244346486], [-102.51323126741077, 22.29517791313801], [-102.51341657304695, 22.295054360273447], [-102.51349191897187, 22.294942663647202], [-102.51339552141455, 22.294873474709703], [-102.51322397772482, 22.294904700142013], [-102.51307648854582, 22.294981434920622], [-102.51286817394079, 22.29503466647659], [-102.51267254237193, 22.295056493779565], [-102.51250159781192, 22.29505387209361], [-102.51230744493176, 22.294992211376453], [-102.51224781880326, 22.294901015460223], [-102.51223929205129, 22.294697751632807], [-102.51215705735325, 22.29451367053027], [-102.51215945536028, 22.294378285287458], [-102.51211379837305, 22.29421733556514], [-102.512079219287, 22.294081383131513], [-102.51194665201278, 22.294000353442225], [-102.5118749428341, 22.293906715043974], [-102.51185249426442, 22.293804804167802], [-102.51189086358946, 22.293692541081995], [-102.51198905812292, 22.293660191853398], [-102.51206444421449, 22.293546239488307], [-102.51206684219547, 22.293410854238942], [-102.51209492605169, 22.29319460975107], [-102.51217047162784, 22.293071631615568], [-102.51228138864582, 22.293005621792386], [-102.51232076313998, 22.292870803626208], [-102.51232280114674, 22.29275572613238], [-102.51238521696916, 22.292655116833572], [-102.51247308526331, 22.29252104232076], [-102.51248776605456, 22.292376817246726], [-102.49164732630447, 22.28949417165911], [-102.48963487752046, 22.28417035818007], [-102.48931921113514, 22.28429412326574], [-102.4890045522064, 22.28436147809584], [-102.4885926678671, 22.284373159220838], [-102.48817468194886, 22.284387001838045], [-102.48784191714795, 22.284381849850384], [-102.4875679469296, 22.284377607629953], [-102.48723518230629, 22.284372454400735], [-102.48691951383118, 22.284496214572236], [-102.48656577825857, 22.284544903229556], [-102.48634834225209, 22.28466792693636], [-102.48613058231119, 22.284775146274168], [-102.48595088896435, 22.284991291322996], [-102.48580970430294, 22.28518997684838], [-102.48559162068253, 22.285349101415232], [-102.485295668089, 22.285455107657743], [-102.48500036161532, 22.285558866336977], [-102.48482102871384, 22.28572084744234], [-102.48471891730499, 22.285938193579447], [-102.48463583859721, 22.286210002749996], [-102.48455405212113, 22.286409607833452], [-102.48437508113861, 22.286551280907492], [-102.48411787771144, 22.28669399757256], [-102.48394084535967, 22.28672736413201], [-102.48353020772323, 22.286702939131967], [-102.48325655721383, 22.286680638233545], [-102.48298363454647, 22.28658386718714], [-102.4827533043015, 22.286343308622484], [-102.48260019614587, 22.286124261027027], [-102.48244906908198, 22.28582850609373], [-102.48245230318086, 22.285647996354392], [-102.482258503644, 22.285534396039633], [-102.4821015156648, 22.28553195974806], [-102.48190541184296, 22.285546972192925], [-102.48172902769933, 22.28554423449674], [-102.48141695215537, 22.285467166305164], [-102.48114233403138, 22.28549901495905], [-102.48092748130391, 22.285477623174312], [-102.48071234617032, 22.285438170748435], [-102.48049878828083, 22.285344574618115], [-102.48034475424046, 22.2851774217655], [-102.48013285596952, 22.284991314123793], [-102.47990127979492, 22.28478684462736], [-102.4796506320198, 22.284564022622604], [-102.47941836923295, 22.284397910794397], [-102.47912860719042, 22.28419253639232], [-102.47891578208986, 22.284024468938423], [-102.4788017149719, 22.2838601928565], [-102.47874620012189, 22.283676513621167], [-102.4785924938335, 22.283491308510555], [-102.47841971599338, 22.283287750936225], [-102.47820713481403, 22.28313999944695], [-102.47799394671145, 22.283026093189093], [-102.47776205294977, 22.282839672097573], [-102.47743091451693, 22.282744244554877], [-102.47717865419405, 22.28261167392001], [-102.47704296814047, 22.28253734040804], [-102.47698644331462, 22.28241006988464], [-102.47683306480846, 22.28220681252034], [-102.47646419237353, 22.28201825969676], [-102.47611705999826, 22.281834558243613], [-102.47544452599406, 22.281675134596604], [-102.47445305396566, 22.281585225162157], [-102.47413808790047, 22.281433618243828], [-102.47382182477848, 22.281354214227967], [-102.47334542299465, 22.281346796785005], [-102.47311257940947, 22.28101139366323], [-102.47296043252952, 22.280638878204694], [-102.4725667604132, 22.280447673993052], [-102.4719716089185, 22.280402291324993], [-102.47157595014075, 22.28032164625473], [-102.47126099047117, 22.280170034278065], [-102.47027619441558, 22.279710058731624], [-102.46976511776744, 22.279406425648606], [-102.46921663773132, 22.278991615576878], [-102.46878029204484, 22.278948698281738], [-102.46830455050149, 22.27890516522269], [-102.46775278465405, 22.27867311496584], [-102.4673631102565, 22.278260777190766], [-102.4667359801706, 22.277770251737582], [-102.46626288739017, 22.277580050633258], [-102.46599507321343, 22.277605209823992], [-102.4656764938042, 22.277755966676143], [-102.46535007945151, 22.277870488802815], [-102.4649808313758, 22.278006910920848], [-102.46463499346766, 22.278021821039015], [-102.46433475216978, 22.277895253236704], [-102.46401614774437, 22.27761040951089], [-102.46374061751459, 22.2773239814523], [-102.46359198626473, 22.277161413141158], [-102.46348703423182, 22.27699727043584], [-102.46340386077289, 22.276835725057712], [-102.46325486395841, 22.2766934635803], [-102.46306238290913, 22.276609203648057], [-102.462846983611, 22.276585523587798], [-102.46265316386172, 22.27654186784606], [-102.46248222217065, 22.27643988821189], [-102.46235435330892, 22.276336324942406], [-102.46222525779623, 22.276334306322212], [-102.46196622127422, 22.276309942770787], [-102.46181673271361, 22.276228610766122], [-102.46160170105442, 22.276184622082482], [-102.46129999998605, 22.27613927740826], [-102.46106425004031, 22.276034025631223], [-102.46089078360913, 22.27607193736142], [-102.46063308772845, 22.276006967173693], [-102.4604191166996, 22.275904312250628], [-102.46018516151359, 22.2756997805224], [-102.45999497230089, 22.275455307942963], [-102.45982696938337, 22.275190869671036], [-102.45961483493345, 22.274986678780685], [-102.4593160324956, 22.274781130967632], [-102.45912571804857, 22.27457728110332], [-102.45891285149065, 22.27441370347115], [-102.45867673940467, 22.274328755641683], [-102.45846134493172, 22.274305070145395], [-102.45829114353832, 22.27416247261737], [-102.45809879761825, 22.274037583896895], [-102.45777768559638, 22.273892622375715], [-102.45754157521772, 22.273807673034643], [-102.45726422974732, 22.273622770684845], [-102.4571133187849, 22.273620406421653], [-102.45694205858806, 22.273536472267374], [-102.45692130124203, 22.273477465820182], [-102.456984152527, 22.273354317222065], [-102.45731507447022, 22.272621472314466], [-102.45736381222498, 22.272105389499693], [-102.45705558044482, 22.271583714615904], [-102.45730445151025, 22.27099628693927], [-102.45739922565905, 22.270146893362014], [-102.45740856794711, 22.26963019325651], [-102.45757938700045, 22.268967062065077], [-102.45806699144904, 22.268385628202722], [-102.45823446148617, 22.267907515211864], [-102.45821317974075, 22.2668712314378], [-102.45809594427229, 22.26654890573905], [-102.45783180172869, 22.265768371209447], [-102.45744953216935, 22.264949875006675], [-102.45747090293159, 22.263767556006027], [-102.45764370971307, 22.262993863224125], [-102.45797394576725, 22.262297114885964], [-102.45829614748351, 22.262044863736076], [-102.45842087321704, 22.26175115242], [-102.45874242074815, 22.26153500156668], [-102.45910465715447, 22.261281118115104], [-102.45911464106565, 22.26072831535454], [-102.45904328120096, 22.26028257455903], [-102.4587370609718, 22.259650343492794], [-102.4583088107379, 22.259162905470568], [-102.45760032273837, 22.258820039712855], [-102.456412263084, 22.258616363512985], [-102.4553382445261, 22.258710129115563], [-102.45446364740957, 22.258770902053918], [-102.45390733689652, 22.2587621808338], [-102.45331559129413, 22.25856783057644], [-102.45280328112378, 22.258338612771126], [-102.45193747849079, 22.257880407677657], [-102.45138713227259, 22.257576109059375], [-102.45087082355187, 22.257568005555022], [-102.45015234751679, 22.257777908852756], [-102.44923506170097, 22.257986943174085], [-102.44895751509092, 22.25798258351676], [-102.44812501405623, 22.2578950241229], [-102.44694300131421, 22.257359601887135], [-102.4461952557456, 22.256977703579604], [-102.4450559582391, 22.256293981109152], [-102.4443849037934, 22.256062240937442], [-102.44386986519315, 22.25601802424912], [-102.4435463030011, 22.256344704063288], [-102.44322414212431, 22.256560814297814], [-102.44270844641028, 22.256552694751257], [-102.44207612859758, 22.256357666460957], [-102.44176798491895, 22.25583597020699], [-102.4416212768856, 22.255170114548346], [-102.44163001382294, 22.254689520801413], [-102.4419529196294, 22.254398945760364], [-102.4422456117634, 22.25423654064058], [-102.4426004095841, 22.25432563498387], [-102.44293356565393, 22.254371505686684], [-102.44313639917046, 22.254250566308443], [-102.44311885614188, 22.25398171226893], [-102.44299041956987, 22.253711112454916], [-102.4426614469193, 22.253435098301598], [-102.44255220267348, 22.253309245619036], [-102.44255818866611, 22.252979824240903], [-102.44274163307725, 22.25269156512453], [-102.4427926331319, 22.25231997019055], [-102.4427956667078, 22.25215300314078], [-102.44286854524726, 22.25184494737092], [-102.4428730543661, 22.251596753077138], [-102.44285665938064, 22.25126472227711], [-102.44297619966763, 22.25079038609777], [-102.44302895146383, 22.25035562367929], [-102.44314495664723, 22.250109184320824], [-102.44319333106381, 22.24988199298815], [-102.4432187842646, 22.249715378723767], [-102.44322388356602, 22.249367887449313], [-102.44325282866866, 22.24897563230504], [-102.44343548706395, 22.248730241606452], [-102.44393902753795, 22.247970799213263], [-102.4442585885719, 22.247562803261605], [-102.44459697209996, 22.247319860686908], [-102.44534603994444, 22.24652364938812], [-102.44568744838223, 22.246113736553355], [-102.44609735023211, 22.2456033362092], [-102.44657770791002, 22.244884144297615], [-102.4466102343338, 22.2443271855254], [-102.44654996442092, 22.243974152046544], [-102.44624342425885, 22.243698498682072], [-102.44582535274138, 22.243423348564654], [-102.44507341477326, 22.243142947992627], [-102.44421150431037, 22.242777306833126], [-102.44379159674527, 22.242603686304303], [-102.44357708573483, 22.24216697515169], [-102.4434550876341, 22.2415421347392], [-102.44339721049887, 22.24102438026561], [-102.44333547465702, 22.24075257372217], [-102.44314002720002, 22.240501232895443], [-102.44281177877784, 22.24018686417956], [-102.442482466492, 22.239931159100692], [-102.4421944746245, 22.239536172383165], [-102.44195644719939, 22.239160027450932], [-102.44185195844872, 22.238806297076387], [-102.44197038043893, 22.238392880777972], [-102.44224545357089, 22.237963874241686], [-102.44256553445415, 22.237492693130577], [-102.4428406447848, 22.237061428889582], [-102.44298111167006, 22.236668670946425], [-102.44298635444622, 22.23637986247648], [-102.44290404535619, 22.236006168953516], [-102.44259752874801, 22.235730510774772], [-102.44195486971974, 22.235575951539904], [-102.44153457629857, 22.235424890468433], [-102.44104952080353, 22.23516898863586], [-102.44074411662972, 22.234832407004074], [-102.44052602625791, 22.234560394726575], [-102.44024004966175, 22.234388876167525], [-102.43992825255518, 22.23440427790723], [-102.43941250149119, 22.2346037933938], [-102.43894360455451, 22.23465960025268], [-102.43843223197196, 22.23465154154251], [-102.4379195150765, 22.234684085215243], [-102.43731847092731, 22.23467460940638], [-102.43682739201441, 22.234750372882566], [-102.43651822221875, 22.234621364421635], [-102.43589816975053, 22.234424256544678], [-102.43561367855231, 22.234171503456313], [-102.4353692694558, 22.234147334508062], [-102.43499058956868, 22.234141358823397], [-102.43472228377942, 22.23419806201009], [-102.43445569316509, 22.23419385415019], [-102.43394482786114, 22.234124851800992], [-102.43363870427615, 22.23382887199719], [-102.43333230494997, 22.233514831761635], [-102.43302996623144, 22.233011271478347], [-102.43297084270257, 22.232597316112006], [-102.43273889489232, 22.231889484823903], [-102.43252373350593, 22.23149112042842], [-102.4323071861107, 22.231135615951818], [-102.43195606210095, 22.230881804840276], [-102.4314799021161, 22.230705010557347], [-102.4309717258266, 22.23048934088383], [-102.43041627787085, 22.230439936504954], [-102.4295239918172, 22.230549961144668], [-102.42900597992596, 22.230873539722815], [-102.42877604908469, 22.2312851805191], [-102.42843467714842, 22.23169280090839], [-102.42813749092002, 22.23210337648502], [-102.42793265019709, 22.232368711409567], [-102.42779459085253, 22.232594477873416], [-102.42745848633817, 22.23271329049166], [-102.42707889391505, 22.232790789038507], [-102.42701035178514, 22.23289352333369], [-102.42698756340872, 22.232913475063793], [-102.42682884424525, 22.233075719134824], [-102.42647295825405, 22.233049772194086], [-102.4262061366489, 22.233025234838127], [-102.42617992678744, 22.233232458289432], [-102.42617691760935, 22.233397167259547], [-102.42603682192602, 22.233767343798], [-102.42592344324437, 22.233869367466237], [-102.42574402319666, 22.233970345068695], [-102.42571744125708, 22.2341978749181], [-102.42560406198724, 22.234299898303437], [-102.42542593212876, 22.23429707673737], [-102.4251826809521, 22.23420971661214], [-102.42480197009891, 22.234348129004708], [-102.42446243550312, 22.23465420632698], [-102.42412632382229, 22.23477301128458], [-102.42374574747993, 22.234870798258576], [-102.42332381681048, 22.234843797195463], [-102.42276700848022, 22.2348349687441], [-102.4223441009255, 22.234828262076373], [-102.42218686090442, 22.234909274789295], [-102.42191665128627, 22.23506974502578], [-102.42162982024762, 22.235178041594608], [-102.42129436638113, 22.23526073988578], [-102.42095916004708, 22.23532989978105], [-102.42075830876722, 22.235376364949357], [-102.42047757689261, 22.23538319419508], [-102.42022528083585, 22.235293426245033], [-102.42001543902356, 22.23510276993586], [-102.41984539349008, 22.23489017585997], [-102.41970472090149, 22.234562944462244], [-102.41952043778103, 22.234399776578872], [-102.41920290269022, 22.234232235760626], [-102.41884604179043, 22.234027958965015], [-102.4184898848571, 22.23378532483095], [-102.4181592299705, 22.233606289136862], [-102.4178278729302, 22.233465609476], [-102.41731061004513, 22.233283607474316], [-102.41707169078613, 22.233191790683023], [-102.41669877613485, 22.23313621172805], [-102.41628541899657, 22.233104815266856], [-102.41589765949722, 22.233098650928813], [-102.41561820098488, 22.233069381520256], [-102.41549945334025, 22.23296818859809], [-102.41538267772351, 22.23279254838967], [-102.415239797221, 22.232553299057], [-102.41515170895224, 22.232267525533413], [-102.41500943516851, 22.23202828570744], [-102.41483989777828, 22.231788612183397], [-102.41471045720196, 22.23157665937488], [-102.4146183129716, 22.231511999878485], [-102.41436907952229, 22.23155317401146], [-102.4141939796146, 22.231649693297648], [-102.41408415829932, 22.231821729423093], [-102.41380111514316, 22.23195489865022], [-102.41360102841136, 22.231926888822564], [-102.41340270750086, 22.231835712980597], [-102.41311225886538, 22.23164602301725], [-102.4125980505759, 22.231265446338877], [-102.41226877758051, 22.231011943196634], [-102.41191400830857, 22.230694839703517], [-102.41162770900857, 22.230279521259526], [-102.41147368940307, 22.229954328854866], [-102.4113181526438, 22.229678764471217], [-102.41123888419821, 22.22963913444782], [-102.41102607857351, 22.22961091918637], [-102.41073223807196, 22.229606239052988], [-102.41053169954776, 22.229603044678363], [-102.41025210033129, 22.229548938282825], [-102.40997331460186, 22.229483559782192], [-102.40978498534112, 22.229541495866926], [-102.4094612935444, 22.229710120588436], [-102.40921823792662, 22.229843919079673], [-102.4090580842698, 22.229852651094262], [-102.40883155183708, 22.229812929578706], [-102.4084336120919, 22.229668913847927], [-102.40811651767189, 22.22947879098218], [-102.4076689174398, 22.22913537297068], [-102.40727347194618, 22.22885597939421], [-102.40690904508507, 22.22834010353037], [-102.40664942283702, 22.227925203281814], [-102.40647965566546, 22.227699060278677], [-102.40634819667005, 22.227597658694705], [-102.40629554668124, 22.227560708041445], [-102.4061127474182, 22.227548763798143], [-102.40588616120151, 22.22754514830816], [-102.40561624182864, 22.22768979735842], [-102.40546490865017, 22.227910816756857], [-102.40544767503295, 22.228122691693585], [-102.4053911615689, 22.22829557214895], [-102.40518965281292, 22.22837811858255], [-102.4050021962846, 22.228388667812727], [-102.4046954881768, 22.228358945499373], [-102.40433662933474, 22.228265196360915], [-102.40387952197896, 22.22797803991017], [-102.40362361091123, 22.22782273976553], [-102.4034522337372, 22.227750038306848], [-102.40314848553638, 22.22785577518735], [-102.40288985482397, 22.227880983440247], [-102.40267417386976, 22.227877537643312], [-102.40247052109447, 22.227813347154935], [-102.40235306482784, 22.22774150613282], [-102.4021623141519, 22.227569189736144], [-102.40207998631877, 22.22736700907997], [-102.40207369817831, 22.227116391520504], [-102.40196289802846, 22.22668355095943], [-102.40193577999419, 22.226412288326692], [-102.40178883633963, 22.226197790413764], [-102.4016512590065, 22.226066947774832], [-102.40150040559247, 22.226064536720493], [-102.40134992663471, 22.22604181932251], [-102.40130857640358, 22.225950881975198], [-102.40129991798798, 22.2258288704431], [-102.40120685357516, 22.225617490234523], [-102.40116641886128, 22.2254769154837], [-102.40112704261809, 22.225246081256085], [-102.40122547369623, 22.22516640589603], [-102.40121775399018, 22.225026354084914], [-102.40107886513314, 22.224933857582215], [-102.4009093886165, 22.224791219986376], [-102.40068468030285, 22.2246860666917], [-102.4005888709609, 22.224623598365547], [-102.40038410032747, 22.22462032435891], [-102.40009363482875, 22.224597624495658], [-102.39976373541359, 22.22438019934903], [-102.39956695708872, 22.22423938077335], [-102.39939669204438, 22.22413961041294], [-102.39923879359796, 22.224026496262983], [-102.39921104618163, 22.223953831369734], [-102.39921262826283, 22.223868094187345], [-102.39915625920813, 22.223770145468766], [-102.39913425574419, 22.223681774097045], [-102.39905425962714, 22.223583447402113], [-102.3990973709361, 22.223480319295497], [-102.39915661258412, 22.223422587348445], [-102.39918710768275, 22.223346340288266], [-102.3992527405287, 22.223270655268216], [-102.3992368785445, 22.223177868327415], [-102.39917988520706, 22.223113763261924], [-102.39906387729835, 22.22306225560868], [-102.39898408971519, 22.222952647703483], [-102.39903871144637, 22.222849703725434], [-102.39897620136313, 22.222756170556927], [-102.39894762155619, 22.222728630475792], [-102.39895459574758, 22.22267909007599], [-102.39905857014563, 22.222725891473377], [-102.39917561858586, 22.222720993058033], [-102.39920063810622, 22.222613061681383], [-102.3991262010827, 22.222541906870124], [-102.39898011503804, 22.222544083849268], [-102.39891181964366, 22.22246851338161], [-102.3989472673675, 22.222419428472318], [-102.39900055659079, 22.222388684217528], [-102.39908217575876, 22.222399017452226], [-102.39909468551754, 22.222345051770976], [-102.39908404922282, 22.22229748656928], [-102.39899691315622, 22.222257725289026], [-102.39888251106825, 22.222152077469232], [-102.39885443101943, 22.22209746248537], [-102.39879283734625, 22.22195429197079], [-102.3987419215762, 22.221856430413652], [-102.39862570665366, 22.221816203761367], [-102.39840524962734, 22.22177656611297], [-102.39819180485316, 22.221619681225317], [-102.39804163801631, 22.221481863926236], [-102.39774310743721, 22.221305561709933], [-102.3974246274432, 22.22112668279531], [-102.39718475642437, 22.22092423565974], [-102.396983324757, 22.22074045880648], [-102.39689812938325, 22.22062850661229], [-102.39655989112688, 22.220469622042106], [-102.39641555764383, 22.220377034938508], [-102.39619257482691, 22.22031027121126], [-102.39604690811757, 22.22028988340144], [-102.39583111779548, 22.220358648622483], [-102.39569314330937, 22.220446715070636], [-102.39545946740935, 22.220433944781576], [-102.39515750186105, 22.220411052623078], [-102.39453462435736, 22.220373990676883], [-102.39437523289999, 22.220342096957843], [-102.39398803356482, 22.220209505574402], [-102.39371775588764, 22.220078787357235], [-102.39342748712447, 22.219947748282923], [-102.39323623567218, 22.219770901147736], [-102.39303414360742, 22.219623219737535], [-102.39282386126386, 22.219394158379785], [-102.39270012746627, 22.21923644840729], [-102.39251886284472, 22.219043962387293], [-102.39221840381057, 22.218939840797074], [-102.39201618883527, 22.218798927015357], [-102.39183325609801, 22.21869668956003], [-102.39163233594034, 22.218485832251815], [-102.39133281867404, 22.218363669079537], [-102.39119872667683, 22.218241902369403], [-102.39099630502226, 22.218112268644933], [-102.39066810733364, 22.21793547866665], [-102.39041809995307, 22.21775768590934], [-102.39018693571894, 22.217609534877695], [-102.38995627321046, 22.217434308840474], [-102.38964639881011, 22.217348086960097], [-102.3893993393267, 22.21724030391699], [-102.38918522279154, 22.21721881145097], [-102.38900179299411, 22.217143645887944], [-102.38863269849415, 22.21708129722311], [-102.3882255235973, 22.21694837243902], [-102.3878650777785, 22.21694258335365], [-102.3875121507986, 22.21705427274503], [-102.38712195792725, 22.217084114418608], [-102.38680920117899, 22.21715356663243], [-102.38654394560824, 22.217275690116576], [-102.38631662379734, 22.2174435606453], [-102.38600125228712, 22.217621299993322], [-102.38573733399993, 22.217671222988606], [-102.38551218634817, 22.217721768857004], [-102.38514171187815, 22.21773386746428], [-102.38491756839159, 22.21773026325454], [-102.38466585361033, 22.217644967283764], [-102.38428857509464, 22.2175012291345], [-102.38407646909032, 22.217371431594604], [-102.38391159048409, 22.217341696670136], [-102.38356073421173, 22.217308969546277], [-102.38331916893267, 22.217329908663775], [-102.38315378809779, 22.217327247564867], [-102.38300846264947, 22.2172887988222], [-102.38289405797225, 22.217151544485915], [-102.38285652441503, 22.217051637390675], [-102.38277368839539, 22.216813331061317], [-102.38267031716188, 22.21660403376131], [-102.38255608086101, 22.216457754407653], [-102.38239265047586, 22.216317453864963], [-102.38215080021855, 22.216223285528514], [-102.38184110242135, 22.216128024617685], [-102.3815245319744, 22.21604393692783], [-102.3811311075307, 22.21601954701762], [-102.3808618461098, 22.216031009091576], [-102.38041233157762, 22.216057622488982], [-102.38001830180616, 22.21603322014119], [-102.37969571276601, 22.216012224784272], [-102.37946248624687, 22.216008466921917], [-102.37912019089437, 22.216102253952723], [-102.37884933568043, 22.216199448529913], [-102.37854185796701, 22.216343446842558], [-102.37816254304258, 22.216472745119415], [-102.37787321934476, 22.21658543838196], [-102.37772748463348, 22.21673204276499], [-102.37765166140048, 22.21693168258925], [-102.37757459721813, 22.217230605117265], [-102.37740601105473, 22.21759575807308], [-102.37713019903474, 22.21795918139207], [-102.3769107777487, 22.218190357796452], [-102.37674590095648, 22.21838856052732], [-102.37654685934457, 22.218468854147673], [-102.37631333543374, 22.21848088479152], [-102.37604436373661, 22.21847654497295], [-102.37579448979454, 22.21842286156644], [-102.37552707235866, 22.21833504148612], [-102.37524085149911, 22.218280770664062], [-102.37484648175725, 22.218274404855176], [-102.3745226710517, 22.2183188285693], [-102.37433670385863, 22.218412871728656], [-102.37389357235095, 22.21864945887195], [-102.37339123245638, 22.218941510224177], [-102.37280193346777, 22.219184760583], [-102.37166891596954, 22.219631367387446], [-102.37114207638459, 22.219677016009538], [-102.37043955618755, 22.21971982207162], [-102.36983709450767, 22.219628831262177], [-102.3692433160469, 22.219592143631193], [-102.36886348358234, 22.219585998181273], [-102.36868830889482, 22.21955608123702], [-102.36847507953426, 22.21948718150878], [-102.3682644358077, 22.219312250538614], [-102.36819050067572, 22.219085367096408], [-102.36826640997468, 22.21868712986348], [-102.36848188955078, 22.218083519189967], [-102.36859471455928, 22.21778518126527], [-102.36870128691093, 22.217529622566623], [-102.36874923091125, 22.21736338995636], [-102.3687938864417, 22.217113599932404], [-102.36885111107684, 22.216904636892206], [-102.3688539320798, 22.216753472248644], [-102.36884405745023, 22.21656824915149], [-102.36875539886645, 22.216318559040335], [-102.36853218987164, 22.216102801770145], [-102.36836125341644, 22.215975908010066], [-102.36814880372071, 22.21589799342115], [-102.36793614370106, 22.215831359513242], [-102.36777642925588, 22.215817490258132], [-102.36770590644969, 22.215829890038496], [-102.36738272258441, 22.215905906078554], [-102.36703487577067, 22.216069540002554], [-102.36669993394632, 22.21625595074186], [-102.36644469598403, 22.21636014735341], [-102.36614241267172, 22.216355252024062], [-102.36579261020782, 22.21633153151588], [-102.36551940444369, 22.216327106015008], [-102.36512854025277, 22.216392993521563], [-102.3647669218121, 22.216450326496858], [-102.36435852795901, 22.216416626016024], [-102.36406796211467, 22.216303587251534], [-102.36386706342125, 22.21612655243064], [-102.36376490317285, 22.21585407283319], [-102.3638678743855, 22.21556460652805], [-102.36396884742204, 22.215349584236655], [-102.36435386962718, 22.215109826093027], [-102.36488307957016, 22.214903999277894], [-102.36513882156744, 22.214772730768477], [-102.365356805555, 22.21458668538633], [-102.36554666590222, 22.214316680069448], [-102.36563686284971, 22.214191756535808], [-102.3657350256383, 22.2136404141865], [-102.36581100565179, 22.213206069495943], [-102.36584720478663, 22.212825245264696], [-102.36579276030754, 22.21262575923363], [-102.36572005379574, 22.21233344588678], [-102.3655408603258, 22.2120326372257], [-102.3652368610629, 22.21160116543846], [-102.36505648913763, 22.21136352954478], [-102.3647700218759, 22.21103164319135], [-102.3646661760516, 22.21084941150981], [-102.3646046134129, 22.21051214110555], [-102.36462859277022, 22.210266531231067], [-102.36482057558155, 22.210012358740798], [-102.36500800059318, 22.209904808449533], [-102.36529297745491, 22.209764984981106], [-102.36553258051903, 22.209653765400482], [-102.36564634550224, 22.209596929272397], [-102.36581559694822, 22.209489083633766], [-102.365912342767, 22.20940263241767], [-102.36601035249163, 22.209248495562814], [-102.3660728335859, 22.20908249902444], [-102.36611169041359, 22.208916119940433], [-102.36612692305603, 22.2087493583358], [-102.36613020926873, 22.20857337582674], [-102.36607312139326, 22.20845058062648], [-102.36599201452675, 22.208316112164933], [-102.36581479493464, 22.208234252201144], [-102.36564901621672, 22.20818868721321], [-102.36545989287298, 22.20809534978629], [-102.3652951680419, 22.20799337984589], [-102.36508343281996, 22.207845510992648], [-102.36495550096072, 22.20768771501138], [-102.36486351875864, 22.20751921694113], [-102.36473887514033, 22.207185438492584], [-102.36467136024031, 22.206972199357132], [-102.36463890953266, 22.20679563808649], [-102.36464472629491, 22.206484284713035], [-102.3646614196559, 22.206206960516795], [-102.36471340315178, 22.20598662962039], [-102.3647526817526, 22.20579768903526], [-102.3647701911301, 22.20550909366774], [-102.36471456488566, 22.205275735339967], [-102.36461084898498, 22.20508673537606], [-102.36447206977446, 22.204861057504605], [-102.36440472460876, 22.20463879361605], [-102.3643020789085, 22.204424985317775], [-102.36427089343816, 22.20418073851066], [-102.3642510060273, 22.203947959062496], [-102.36428206331948, 22.203582849760455], [-102.36433698069813, 22.20317298959712], [-102.36438980597048, 22.202907534982835], [-102.36442971585716, 22.202684751602177], [-102.364456626188, 22.202509151846648], [-102.36445995560503, 22.202330913255462], [-102.3644479470576, 22.20219530670189], [-102.36435687494503, 22.20184853081897], [-102.36420468877073, 22.201627149509278], [-102.364024666784, 22.201371464151805], [-102.36382503630595, 22.20109514916557], [-102.36351960255523, 22.200774239269357], [-102.36340695846461, 22.200544470599468], [-102.36309139842795, 22.20021436851417], [-102.3628533434248, 22.199919374992582], [-102.36250993515, 22.19952337156682], [-102.36231077395404, 22.19922223721146], [-102.36188781455647, 22.198933272755976], [-102.36155868955962, 22.1988105798369], [-102.36134052866419, 22.198488824689957], [-102.36098936262307, 22.197957281006314], [-102.3608672294113, 22.19768447674006], [-102.36070814653145, 22.197314028035628], [-102.3605485730039, 22.19700224972179], [-102.36037404412791, 22.19680984248242], [-102.3600721792596, 22.196590544076784], [-102.35951751517365, 22.19624978695046], [-102.35912391500818, 22.196173437742928], [-102.3588441570088, 22.19613278808461], [-102.3583843423993, 22.196195287922688], [-102.35803917146907, 22.196250620118235], [-102.35759406115424, 22.196207283953612], [-102.3572919911499, 22.19599926178761], [-102.35705613845246, 22.19565238921121], [-102.35677295865155, 22.195115171597347], [-102.35643826987784, 22.194610969884284], [-102.35646676494781, 22.194480534916178], [-102.3564821462899, 22.19433860264822], [-102.35648599163768, 22.19432738081159], [-102.35657973082412, 22.194207032935577], [-102.35663522763335, 22.194090577614396], [-102.35663670644936, 22.194011611568396], [-102.3566589472899, 22.193923955280507], [-102.3567238531532, 22.19385504676336], [-102.35673672689538, 22.193717587429973], [-102.35668623006758, 22.19359941066576], [-102.35662488757345, 22.193510396916984], [-102.35655374155031, 22.193362545595587], [-102.35654524775568, 22.193233766682646], [-102.35649551176074, 22.193074978775893], [-102.35642895791335, 22.192940743159056], [-102.35633602214666, 22.192727088965135], [-102.35623067746381, 22.19262607612041], [-102.3559497867691, 22.19264633887925], [-102.35554456436712, 22.19267360860605], [-102.3553527072893, 22.19269531682219], [-102.35497031739007, 22.192700387509138], [-102.35474116233009, 22.192707947733606], [-102.35451203585549, 22.192681655249956], [-102.35418272150396, 22.192570230214283], [-102.353865915335, 22.192470292178815], [-102.35351006426484, 22.192417112680317], [-102.3532947710207, 22.192363961194218], [-102.35303015373572, 22.19219490773573], [-102.35284142809304, 22.19204965670314], [-102.35279457137986, 22.1918344934852], [-102.35286390894728, 22.191400048209413], [-102.35321439844947, 22.191060448931786], [-102.35337324331388, 22.190731273997244], [-102.35361391216107, 22.190141633840266], [-102.35361581529159, 22.190040106266103], [-102.35366374998767, 22.18984228222544], [-102.35371058646508, 22.189606073748976], [-102.35373618248525, 22.189371776808656], [-102.35374079188158, 22.189125854412307], [-102.35376527457792, 22.18891862162309], [-102.3538128292625, 22.188644058172535], [-102.35381667722753, 22.1884387467836], [-102.3537781718345, 22.188230490071657], [-102.35376087794691, 22.188054174147446], [-102.35379495113376, 22.187917059763862], [-102.35387070089561, 22.18781898936621], [-102.35414413009934, 22.18787308444721], [-102.35437343163463, 22.187921948236248], [-102.35448789955738, 22.187923808467882], [-102.35476710443572, 22.18792834552154], [-102.35498204027378, 22.187870902713343], [-102.35506752229401, 22.1876736880485], [-102.35517055387604, 22.187445162413155], [-102.35542364502005, 22.187097204027808], [-102.35565918524605, 22.186780556087243], [-102.35607293953537, 22.186620268503837], [-102.35630338058142, 22.186608212742613], [-102.35650308763908, 22.186457989121713], [-102.3568012187208, 22.186325161247225], [-102.35680379492203, 22.18618753455989], [-102.35703507988909, 22.186130354173926], [-102.35716650464059, 22.186132487678183], [-102.35736190337029, 22.186212392813157], [-102.3576239087185, 22.186261782737635], [-102.3578856187864, 22.186326965497837], [-102.35831259876426, 22.186333894371135], [-102.35851141722553, 22.18623104777569], [-102.35879433333739, 22.18603703386571], [-102.3590413643156, 22.185980105983347], [-102.36781141042769, 22.170371389720135], [-102.37194684777154, 22.170736069218894], [-102.37305861741125, 22.166684836862792], [-102.37405278592723, 22.162406006058916], [-102.37514238698483, 22.158137727182826], [-102.37545166793332, 22.156910445618653], [-102.37621758266428, 22.153923367426284], [-102.37667649099251, 22.152007880364863], [-102.37766042606418, 22.14823438421713], [-102.37861903629941, 22.144385991656343], [-102.37878047866677, 22.14377922448698], [-102.37930246636108, 22.141363704821718], [-102.38015342540896, 22.137533875438248], [-102.36537209736328, 22.130170777209905], [-102.35487357345106, 22.12696313464742], [-102.35722951187223, 22.12175633743842], [-102.35716414679686, 22.121105298666293], [-102.35435405591504, 22.115902809773587], [-102.37176774114607, 22.1233836493105], [-102.3742822830566, 22.12444876387673], [-102.3761166999195, 22.12529075775684], [-102.37756437778253, 22.125860202606315], [-102.38059327451873, 22.127082449073317], [-102.38238250756822, 22.127817577831564], [-102.38284154517625, 22.125949451981306], [-102.38331935290456, 22.123982320530462], [-102.38371837777848, 22.12247658962828], [-102.38424535859009, 22.120501213559773], [-102.38479151787078, 22.11833881783213], [-102.38551137178652, 22.11535994129088], [-102.38623187327002, 22.11231110423577], [-102.38692270759734, 22.109424283725318], [-102.38758969713658, 22.106613810879683], [-102.38820887457814, 22.10403051651787], [-102.38883488461927, 22.10137059125447], [-102.38902934557468, 22.10060860420145], [-102.39027037395147, 22.095354010815708], [-102.39112679151827, 22.091781437139115], [-102.39186966676444, 22.088586205560194], [-102.3949382937716, 22.08770982244611], [-102.39925564064716, 22.086349962896975], [-102.39968278001892, 22.086167178510284], [-102.40067990360468, 22.085869329861286], [-102.4035459141858, 22.085009864328025], [-102.40785309258666, 22.08370151150454], [-102.40940304265827, 22.083197964843368], [-102.41409603042919, 22.081742080518083], [-102.4181804717538, 22.080587901278196], [-102.41876737336912, 22.080473039221367], [-102.41744503605241, 22.067898914595503], [-102.41698801273022, 22.051014098820275], [-102.41683725375275, 22.046718963934502], [-102.41654906089433, 22.03759399883097], [-102.41649230257902, 22.035753671626853], [-102.41641618610295, 22.03317952292058], [-102.41633684728141, 22.031449430431135], [-102.41614768552483, 22.028101612490286], [-102.41785526472512, 22.02801344508653], [-102.4193509605298, 22.02622693071657], [-102.4210844680886, 22.026242957218447], [-102.42116439248535, 22.026140394937993], [-102.42120421564576, 22.02608008367222], [-102.42125492049544, 22.026053798455596], [-102.42130615668887, 22.025998180856202], [-102.42134610236589, 22.025931100537676], [-102.42140314315844, 22.025889116188544], [-102.42143760296383, 22.025824206431558], [-102.42148904335212, 22.025757307077757], [-102.42155084221994, 22.02571991155194], [-102.42165912680656, 22.025588454803827], [-102.42171601191114, 22.02552164109283], [-102.42176237493487, 22.025434348864735], [-102.42183140855289, 22.02533161469744], [-102.4218775750785, 22.025221749526725], [-102.42192946451092, 22.025130030280657], [-102.42196461851205, 22.02502676263367], [-102.42200000969562, 22.024943811533387], [-102.42197983164246, 22.024821616910174], [-102.42194307380569, 22.02471270314521], [-102.42194507599754, 22.02460214261788], [-102.42194703731606, 22.02449383842624], [-102.42192059724505, 22.02441668482625], [-102.42192259942463, 22.02430612429691], [-102.42190729427898, 22.02421560411491], [-102.42186411901265, 22.024126902135738], [-102.42175984043391, 22.024037238130532], [-102.42163195166664, 22.024014911736977], [-102.42162957259696, 22.024012617297988], [-102.42114155530692, 22.023993647793894], [-102.42098893140293, 22.021662041072467], [-102.421439506047, 22.02170976160838], [-102.4215650216418, 22.02169593893196], [-102.42165133651004, 22.021674728057032], [-102.42173789650619, 22.021639979107515], [-102.42183671935949, 22.021596395232123], [-102.42193525617343, 22.021568605657876], [-102.42200321746081, 22.02155839057277], [-102.42207304232991, 22.021512093090145], [-102.42201506836287, 22.0212380857641], [-102.42196275393542, 22.020384123274624], [-102.42137955665376, 22.020408796839703], [-102.42109523350827, 22.019501527831157], [-102.42236172842483, 22.01907006845531], [-102.42398176628288, 22.01953341127089], [-102.42639123559144, 22.018305120088495], [-102.42658972460305, 22.01840528925681], [-102.42676731238632, 22.018557040563493], [-102.42706319164213, 22.018290850111914], [-102.4271829381496, 22.018060261282997], [-102.42738894672469, 22.01637075518755], [-102.42798254745253, 22.01540054317029], [-102.42874187069664, 22.014568349038118], [-102.42948271710152, 22.01301587998914], [-102.42960458246648, 22.011896066553735], [-102.43023654156683, 22.009937881476766], [-102.43115260702233, 22.009169069445544], [-102.43102936113239, 22.007648178921567], [-102.43101950742815, 22.007221452188016], [-102.43103031641918, 22.005145185071132], [-102.43158984932248, 22.0011590700173], [-102.4322909058224, 21.995829993951418], [-102.4334086350371, 21.995145570711976], [-102.43485824585579, 21.994947074169154], [-102.43567455519509, 21.99477251419265], [-102.44027348458566, 21.992849191890453], [-102.44420653977915, 21.991276473908297], [-102.44444961759719, 21.991149356010503], [-102.44610221105526, 21.989917947229035], [-102.44672469553599, 21.989550719720746], [-102.44707425913104, 21.989524564565897], [-102.44705900281674, 21.988653117113834], [-102.4470916360245, 21.988249618501115], [-102.44715604477949, 21.987794703077444], [-102.44721948372498, 21.98739394098289], [-102.44726311669969, 21.98725468494696], [-102.4473969566974, 21.986909187184544], [-102.44748643584346, 21.98677741578455], [-102.44756381639674, 21.986713166649917], [-102.44761660043226, 21.98663724951596], [-102.44768345636223, 21.986586378626193], [-102.44774023110168, 21.986557921016907], [-102.44781720691358, 21.986550090993124], [-102.44789442570978, 21.986494867249675], [-102.4479931770715, 21.986419665372466], [-102.44806966907942, 21.98640505662622], [-102.44816805766408, 21.986316306849663], [-102.44822539734865, 21.98625625952996], [-102.44829805970843, 21.986185165506058], [-102.4483506413291, 21.986120530048346], [-102.44835217518151, 21.9860347870495], [-102.4483789506339, 21.985958464906428], [-102.44842540244264, 21.98593210342255], [-102.44851181309696, 21.985937961983936], [-102.44856806273957, 21.985938837181614], [-102.44864003865291, 21.98590610169091], [-102.44866665248827, 21.985838805063946], [-102.44869322593695, 21.985773764825133], [-102.44877588749165, 21.985718625279173], [-102.44877693677444, 21.985659958994546], [-102.44870105058351, 21.985640722185956], [-102.4486708901618, 21.98560188355067], [-102.44866169767486, 21.985540800902935], [-102.44872407674494, 21.985503401999583], [-102.44880580993022, 21.98550015952078], [-102.44888758347115, 21.985494660605013], [-102.44893879299748, 21.98547288701648], [-102.44900088996542, 21.985417427420472], [-102.4504028538747, 21.985238355189626], [-102.4511788152756, 21.985895927114992], [-102.45170958576796, 21.98740961300307], [-102.45195680573967, 21.987524049099452], [-102.45247189167564, 21.9876810161383], [-102.45262524066727, 21.987766908548263], [-102.45273407348134, 21.987872422543877], [-102.45294254479167, 21.98798851234952], [-102.45314065303621, 21.988075099583817], [-102.45334948762117, 21.988170881303027], [-102.45352429046159, 21.988309017815055], [-102.45368953578495, 21.988372523786868], [-102.45383071002014, 21.988530451050053], [-102.45395212342125, 21.988541364468045], [-102.45405135950838, 21.98857450374701], [-102.45409422453633, 21.98864739425127], [-102.45422543857711, 21.988753254894174], [-102.4543908458826, 21.988807734616273], [-102.45451149442424, 21.988861519336627], [-102.45461036845178, 21.988914965953903], [-102.45470944390716, 21.98895713049268], [-102.45480811674247, 21.9890218590297], [-102.4548840880371, 21.989104291381206], [-102.4549938497156, 21.989157906790304], [-102.45509328784931, 21.989179763471444], [-102.45523611522573, 21.989245177091984], [-102.45534607846768, 21.989287510256652], [-102.45549003331801, 21.989289744298514], [-102.4555876158339, 21.989279973457776], [-102.45563338333436, 21.989291968828354], [-102.45570528232548, 21.989365309527102], [-102.45571488049089, 21.989403827998785], [-102.45568871181688, 21.989446305525647], [-102.45566286517301, 21.98947073179346], [-102.45563593159905, 21.989556081034205], [-102.45564504566775, 21.989587820902816], [-102.4556342408252, 21.98965085011003], [-102.45561258885147, 21.989711453957714], [-102.45562150263416, 21.989788331343668], [-102.45562412732576, 21.989912508789573], [-102.45565812298621, 21.99000783164633], [-102.45570768391372, 21.990112424162145], [-102.45575220375844, 21.99019436812984], [-102.45580656237807, 21.99026743663433], [-102.4558865273612, 21.990363472768998], [-102.45593157067235, 21.990416083413955], [-102.45595112949148, 21.990472812684978], [-102.45594968037003, 21.99055404333235], [-102.45594831174913, 21.99063076116517], [-102.45594702362985, 21.990702966183573], [-102.45593113733815, 21.99074560327789], [-102.45591464617684, 21.990788230984066], [-102.45589343793159, 21.99085786986845], [-102.45588654501351, 21.99093901603743], [-102.45585961119532, 21.99102436528751], [-102.45585840351771, 21.99109205748436], [-102.4558526387453, 21.991143879747895], [-102.45582086496124, 21.991195298413864], [-102.45580497856206, 21.991237935484808], [-102.45580405264649, 21.9912898328322], [-102.45580671563805, 21.991344042902444], [-102.45647168938144, 21.992223317757876], [-102.45737958028295, 21.991932701049183], [-102.45770890966331, 21.9938901418221], [-102.45822285229396, 21.99485960731454], [-102.45891400605046, 21.996138775391778], [-102.46030877005265, 21.99728665119941], [-102.46152663454208, 21.998889955705916], [-102.46302356447322, 21.998549748766983], [-102.4633450449152, 21.998538924978686], [-102.46584118913269, 22.000089753957187], [-102.4689968645835, 21.998168113595522], [-102.4692358187326, 21.998341081618946], [-102.46945980718897, 21.998470934401475], [-102.46962339042955, 21.99862919602514], [-102.46981937759014, 21.99863222145897], [-102.47003209332837, 21.998579078678265], [-102.47035130256316, 21.998457610671007], [-102.47054989641683, 21.998347823032162], [-102.47085350194469, 21.99825319775705], [-102.47114298540232, 21.99810192778678], [-102.4714790362078, 21.99788366411386], [-102.4718134053082, 21.9977601698219], [-102.47217364798547, 21.997815380784782], [-102.46931338030355, 22.011555021489666], [-102.47149519566047, 22.012148456063247], [-102.47148724455177, 22.01242595004044], [-102.47457082994198, 22.015197771533717], [-102.47533222407358, 22.016965492886417], [-102.47505517156905, 22.017710562976706], [-102.47662352197936, 22.020829148619704], [-102.47669891177827, 22.020877708206577], [-102.47679068174625, 22.02095811883191], [-102.47689188137973, 22.020984505455353], [-102.4769843712071, 22.02102430015258], [-102.47712656672616, 22.02116191369129], [-102.47723627653407, 22.021186174157727], [-102.477320696401, 22.021203273859385], [-102.47742210158141, 22.021252233858764], [-102.47750664144199, 22.021262564161724], [-102.47758231161166, 22.021295328335498], [-102.47770908150666, 22.021313080091538], [-102.47783689610213, 22.02130602026517], [-102.47792894680686, 22.021370635277215], [-102.47797832791093, 22.02145264959455], [-102.47807137791847, 22.021460853613704], [-102.478214574072, 22.021542055408688], [-102.47845964459992, 22.021577427495163], [-102.47856084508336, 22.02160381315535], [-102.47872098171709, 22.02168527534815], [-102.47886513170424, 22.021678466217583], [-102.47898399151421, 22.021664496505835], [-102.47905982784799, 22.0217220901861], [-102.47914356921045, 22.021777548457678], [-102.47924504963905, 22.021788138646293], [-102.47932227847492, 22.021732900949868], [-102.47941684672716, 22.021655359532605], [-102.47951186010602, 22.02158685311945], [-102.47963071982599, 22.021572882924495], [-102.479706390749, 22.021605646176557], [-102.47976456253369, 22.021669738879503], [-102.4798128664971, 22.021812676631182], [-102.47986317338196, 22.021876648281832], [-102.47991191680863, 22.02199476517541], [-102.4799607801182, 22.02210611273993], [-102.48007017184418, 22.022148422940923], [-102.48011308115998, 22.022117484399715], [-102.48023194131743, 22.022103513805057], [-102.48035156618698, 22.02208052666617], [-102.48054581822332, 22.022115113886674], [-102.4806727552769, 22.022157693611415], [-102.4808077171609, 22.022191368460224], [-102.48101835074178, 22.022257805907792], [-102.48118684005034, 22.022346165488283], [-102.48131177547549, 22.022467710934485], [-102.48137479467343, 22.022565733539665], [-102.50795049152137, 22.02294294209357], [-102.5109035796278, 22.019873062732223], [-102.51110561366842, 22.019982216330266], [-102.51125232959969, 22.02014018522724], [-102.51143591202592, 22.020300971261072], [-102.51165584848209, 22.02049390876207], [-102.51191384826647, 22.02065582491459], [-102.5122650600186, 22.020816899444807], [-102.51246680861689, 22.021011816828505], [-102.51264893513347, 22.02125609210728], [-102.51288849734053, 22.021399670121912], [-102.51318314425463, 22.021611797120183], [-102.51325358096923, 22.021840833340505], [-102.51341845173165, 22.02199907625609], [-102.51365833123396, 22.02212460133307], [-102.51382198135096, 22.022352795369546], [-102.51387462334557, 22.022561247406735], [-102.51398318922051, 22.022720892219304], [-102.51403673770972, 22.022877444754947], [-102.51425754838226, 22.023020736420385], [-102.51460695691758, 22.023285605661574], [-102.51495573661126, 22.023586578275548], [-102.51521256448257, 22.02381618506358], [-102.51546970821396, 22.02402773951098], [-102.51574678984099, 22.024171883097587], [-102.51596791932195, 22.02429712076689], [-102.51611736150878, 22.024299387499646], [-102.51632186137473, 22.024302489123976], [-102.51647401964813, 22.024149056843136], [-102.5166267927211, 22.023925663616428], [-102.51683768252748, 22.02359706771136], [-102.51705154728432, 22.02306312038988], [-102.5171919516848, 22.02250774508631], [-102.51741220157052, 22.02164209989085], [-102.5175538072004, 22.02098291550574], [-102.51765512246212, 22.02051723099467], [-102.51769751097497, 22.02023799277098], [-102.51981624405673, 22.021279015556164], [-102.52084317211836, 22.01992675716147], [-102.52530911121531, 22.01603983348673], [-102.5290266015023, 22.012899872513373], [-102.52945208884324, 22.015687058630856], [-102.53137936217942, 22.016289421531432], [-102.5313906454814, 22.017314323942863], [-102.53244991753154, 22.01723097077287], [-102.53473902272722, 22.017908717675432], [-102.53536463637055, 22.018685554346032], [-102.53558788660331, 22.01868891339106], [-102.53983829402483, 22.018707664807454], [-102.53989580862728, 22.017024709684286], [-102.54000051242934, 22.01695405394264], [-102.54010523470902, 22.016847284315784], [-102.54022389056018, 22.016704609746085], [-102.54035567998784, 22.016537303833598], [-102.54038461797349, 22.016368453522357], [-102.54040020677245, 22.016201659895916], [-102.5404699301607, 22.01591379397687], [-102.54062730506166, 22.01577170033581], [-102.5406816526232, 22.015603231392788], [-102.54077590962864, 22.015401504568338], [-102.5408947972506, 22.01524529003465], [-102.54096243362227, 22.015043163449135], [-102.54105672874677, 22.014839179832236], [-102.54108463185666, 22.014695142197798], [-102.54112728615303, 22.014467812065902], [-102.54119595518584, 22.014240872357487], [-102.54127569299492, 22.01410889828524], [-102.54139309884637, 22.01403843204587], [-102.54149699992264, 22.013979048714493], [-102.54170781147886, 22.01396641224384], [-102.54188913393337, 22.01394430450336], [-102.54194199943154, 22.013861583772353], [-102.54207292738745, 22.013743920081286], [-102.54224197289686, 22.013696799258522], [-102.54237122639019, 22.013676166934914], [-102.54241243774057, 22.013532328575415], [-102.54251962917702, 22.01331725162969], [-102.54262434677166, 22.013210479927093], [-102.5427561299104, 22.013043171458666], [-102.54288785604261, 22.01291423329285], [-102.54311270133194, 22.012579035038105], [-102.54330044289277, 22.012184594502415], [-102.54344779086222, 22.011886604846527], [-102.54351460450548, 22.011731864249818], [-102.54358307351175, 22.01151620576153], [-102.54367737968838, 22.01127610607953], [-102.5437464706452, 22.011024342621994], [-102.54379036396668, 22.010724801511458], [-102.543884007808, 22.010523063015338], [-102.55291404128369, 22.014567555736107], [-102.551571530853, 22.01944098586752], [-102.55718336092133, 22.020323807355705], [-102.55719086450482, 22.02161500927445], [-102.55849965537169, 22.025652253987406], [-102.5587875871557, 22.026331434739898], [-102.55886932968718, 22.0264703395353], [-102.55923602784493, 22.02707395075641], [-102.5598540813732, 22.027913793886775], [-102.55999846792255, 22.02810554626056], [-102.56035448794648, 22.028767682403753], [-102.56065879799661, 22.029374875953113], [-102.56206062182088, 22.029226467602534], [-102.56352831970311, 22.028977455195264], [-102.56459099021099, 22.028735948469848], [-102.56540991930584, 22.028626240209633], [-102.56590876563226, 22.028511769921092], [-102.56707188613395, 22.028341711630173], [-102.56796064156165, 22.02828945677206], [-102.5694138001338, 22.02828846197266], [-102.57015765668137, 22.02452777945181], [-102.5747280619383, 22.0249973042095], [-102.57450340631108, 22.026176734244224], [-102.57443542061029, 22.026685847682135], [-102.57441887887595, 22.027550098712364], [-102.57436416140354, 22.02767117534712], [-102.57435598562506, 22.027831313281105], [-102.57433261630621, 22.02795962576749], [-102.57423916377005, 22.028116243238195], [-102.57421494824072, 22.028294200882016], [-102.57395778426982, 22.02871699587905], [-102.57414764170625, 22.028798809660124], [-102.57410796311184, 22.028960737985802], [-102.57404273795606, 22.02905908706792], [-102.57400882281901, 22.02916692868867], [-102.57390412113152, 22.029379808408805], [-102.5738917755808, 22.02957148482299], [-102.5735573221377, 22.02994799028317], [-102.57337440286977, 22.030062652172045], [-102.57309145572873, 22.03043540548459], [-102.5730741383383, 22.030812095758566], [-102.5728666157636, 22.032404836611438], [-102.57288610054496, 22.032504440808317], [-102.57271615648497, 22.033738848539322], [-102.5732631823892, 22.034065218639693], [-102.57380223613035, 22.034894817269567], [-102.57453553079341, 22.034946312429067], [-102.57945643035954, 22.034188506484337], [-102.58081434653863, 22.033599140820005], [-102.58185421889735, 22.03177941826318], [-102.58362702918025, 22.031776248976538], [-102.58567481876234, 22.0314046804789], [-102.58655130137896, 22.03061404540338], [-102.5911050113048, 22.03137180466034], [-102.59192597253029, 22.03418279635149], [-102.59200614907151, 22.03488144716706], [-102.59236291516022, 22.035724111827353], [-102.59248345826713, 22.03682739312972], [-102.59307551569857, 22.037393625524285], [-102.5930384552718, 22.03833207154143], [-102.59387394596877, 22.038319525905752], [-102.59948177734186, 22.038214514942343], [-102.60024896631288, 22.03855531505413], [-102.60162701958997, 22.039857601882726], [-102.60337961932971, 22.04055817648128], [-102.60393833155848, 22.040340636285535], [-102.60514108668613, 22.040265693687875], [-102.60618933733173, 22.039696411855722], [-102.60745505329062, 22.039728461203342], [-102.60936722701223, 22.037598508768344], [-102.60993974263097, 22.03789127746394], [-102.61114044321536, 22.03757699445697], [-102.61224838595638, 22.036333634699876], [-102.61381735293597, 22.036941130934345], [-102.61539200745912, 22.038076884560976], [-102.61574982851326, 22.03742073228419], [-102.61639935882616, 22.03727218632808], [-102.61675324275541, 22.036922955661158], [-102.61714699319508, 22.037012204836564], [-102.61621106553558, 22.040743301627344], [-102.61629654981078, 22.043480293057076], [-102.61528616295514, 22.049156011030554], [-102.61694110490896, 22.05009655171034], [-102.61353570860558, 22.063605977971417], [-102.61047683121497, 22.064209130371434], [-102.61323228244902, 22.071072905634992], [-102.61384509789029, 22.071713868494662], [-102.61368898592366, 22.072429381691457], [-102.61507223010175, 22.073988981813613], [-102.61677446377423, 22.07714229841342], [-102.62012995343184, 22.079412283685617], [-102.62101859376249, 22.080145271356372], [-102.62169046505495, 22.080951845894347], [-102.62357917959139, 22.081297586395547], [-102.64377427185573, 22.093429196865074], [-102.64424260952879, 22.093668446430012], [-102.65985457951007, 22.09009386413337], [-102.65992671796651, 22.089905287755492], [-102.65992973218421, 22.08972249312145], [-102.6599317788573, 22.089598373305645], [-102.6599350162924, 22.089402038320085], [-102.65995201835561, 22.089178813376808], [-102.65992984743332, 22.08890762501261], [-102.65986650431643, 22.088746452585298], [-102.65969863624566, 22.088498007328656], [-102.65953158748687, 22.08819991402307], [-102.65951285108254, 22.087757223321887], [-102.65949231841847, 22.087386739099276], [-102.65949883096499, 22.086991812416667], [-102.6595715134851, 22.086586547163243], [-102.65959152945229, 22.086180527539145], [-102.65969025133657, 22.085811751202247], [-102.65977401773345, 22.08554207991871], [-102.66134658001077, 22.086492326189003], [-102.66200556042627, 22.086921606267385], [-102.66494177524103, 22.086913930776905], [-102.66537596271685, 22.087132317438584], [-102.66796618058517, 22.086882631057687], [-102.67956043440923, 22.092659280965243], [-102.68113836052991, 22.09207221903882], [-102.68306217322272, 22.091476502571794], [-102.68410286535988, 22.089263317447255], [-102.6848780919985, 22.087768693603117], [-102.6857143680908, 22.085536796245886], [-102.68850828102939, 22.08478628741877], [-102.68953518005712, 22.08475114854991], [-102.69128819922214, 22.085378620878924], [-102.69129307365516, 22.086046848761445], [-102.6911959661024, 22.087140264235742], [-102.69132506845571, 22.087988573374098], [-102.69165130877523, 22.088480757857432], [-102.69204863535572, 22.089479579781337], [-102.69295232920189, 22.09061873210782], [-102.6928422214393, 22.091059607080403], [-102.69192740828646, 22.092577131352503], [-102.69184655332961, 22.093341211376224], [-102.69187067173164, 22.093980365988426], [-102.6915542230005, 22.094486042838568], [-102.69120223534787, 22.09505442078692], [-102.69098664444253, 22.095687929869882], [-102.68950449069118, 22.096305786357668], [-102.68866062726165, 22.097664022564086], [-102.68775600555398, 22.09851350340106], [-102.68595869500331, 22.10014715525572], [-102.6860538695096, 22.101254573043356], [-102.6841599013415, 22.102462462161384], [-102.68570383498208, 22.103482067080375], [-102.68519229246516, 22.105474769641855], [-102.69091475845491, 22.106427099599806], [-102.6910827061068, 22.106526537807355], [-102.69121865062691, 22.106880597036678], [-102.69121005179228, 22.107408681068705], [-102.69179746311649, 22.109046748464216], [-102.69222614089946, 22.11169383642227], [-102.69239855538538, 22.112709796254155], [-102.69237992833658, 22.113853978415666], [-102.69236559901003, 22.114734118420753], [-102.69224322350962, 22.116075474976927], [-102.69203924010566, 22.116998079042514], [-102.69169216824137, 22.118004436045435], [-102.69124772647953, 22.11918774020679], [-102.69104950363344, 22.11975602956661], [-102.69063506590885, 22.121996164890597], [-102.69047685622223, 22.123007446885744], [-102.69013475875289, 22.12370687789016], [-102.68975190320576, 22.124008449021705], [-102.68937044475663, 22.124224262159178], [-102.68926880387814, 22.124662993121067], [-102.68921082321884, 22.125321298607137], [-102.68793452134538, 22.128298631882863], [-102.68734760869256, 22.12952278893454], [-102.68675780983517, 22.130922969776474], [-102.6864971988039, 22.132415849732606], [-102.68648569552423, 22.1331199572153], [-102.68656147116869, 22.13426547146335], [-102.68658425979703, 22.135762369408916], [-102.68662082418463, 22.13708339494665], [-102.68661319088015, 22.13755054296196], [-102.68642406280374, 22.13826341710679], [-102.68585323663069, 22.13883318192978], [-102.68504843811908, 22.13926418726769], [-102.68448105742488, 22.1395856953279], [-102.68394214485402, 22.140018211848712], [-102.68372839857771, 22.14045760189127], [-102.6834503899059, 22.141196295982724], [-102.68293828336337, 22.14176688275296], [-102.68227808646085, 22.142391794793525], [-102.68164517858332, 22.14312544058038], [-102.6815239055475, 22.14331784169276], [-102.6813693710415, 22.143728724895933], [-102.68145102478209, 22.144142966097476], [-102.68176947449864, 22.14456057373068], [-102.68220602142684, 22.144979859475576], [-102.68255446877444, 22.14534146045347], [-102.68304763710404, 22.145928586953538], [-102.68327481495533, 22.146482588798296], [-102.68332563169818, 22.14700474031892], [-102.68331839015569, 22.147447062473752], [-102.68319578480109, 22.14772070744795], [-102.68307076264213, 22.14810492418266], [-102.68312335232457, 22.148518751897196], [-102.68308739428767, 22.148901976842566], [-102.68281608790275, 22.1492299399648], [-102.68271775966865, 22.14983349069992], [-102.68270737341467, 22.150467635736952], [-102.68293411189606, 22.15104871921503], [-102.68350374431569, 22.151591786858972], [-102.68470016714376, 22.15292477131743], [-102.68580574666207, 22.153850149878913], [-102.68705794775737, 22.154775345035393], [-102.68879118415263, 22.15607077396456], [-102.69042613998273, 22.157525060615217], [-102.69181264461123, 22.159133824179094], [-102.6928647105417, 22.160374422104475], [-102.69231309855125, 22.161321441135463], [-102.69210694225951, 22.162000219649737], [-102.69180092491936, 22.16285816549736], [-102.69169600224262, 22.16331039196267], [-102.69169007049958, 22.163673729449204], [-102.69207065868962, 22.164223123631352], [-102.6920595332633, 22.164904663602723], [-102.69190394192944, 22.16549160898863], [-102.69170072348051, 22.165989845666605], [-102.69145055732345, 22.166394868537544], [-102.6909554179423, 22.166886710611887], [-102.69036362382695, 22.16728688991822], [-102.6902042976168, 22.16810176454373], [-102.69009637725355, 22.168736785739902], [-102.68998775490219, 22.169414684990144], [-102.6897360647275, 22.169912230868718], [-102.6894740060601, 22.17104392265868], [-102.68941071604407, 22.171950448398892], [-102.68919935960784, 22.17294516462352], [-102.68884570592117, 22.17371213441593], [-102.68809526472546, 22.17488203809513], [-102.68759561338335, 22.175646932048956], [-102.68743786759754, 22.17632638776598], [-102.68748098724615, 22.17669042018639], [-102.68771707777792, 22.17714748285631], [-102.68809455687114, 22.177924827113028], [-102.6883254377955, 22.178774580007328], [-102.68841033782645, 22.17954777099125], [-102.68839992476963, 22.18018417302439], [-102.68827344269681, 22.181952076252035], [-102.68825782017191, 22.182906678907624], [-102.68834497302723, 22.183542208384868], [-102.68848041963005, 22.18422582598488], [-102.688224393241, 22.18494903169639], [-102.68787664603323, 22.185352659776605], [-102.68737916810694, 22.18598214438975], [-102.68708139487813, 22.186293932226206], [-102.68712377492587, 22.186703099332227], [-102.68721162548023, 22.18729575083261], [-102.6871997246026, 22.1880224213464], [-102.68699275339458, 22.188746320693422], [-102.68688335208978, 22.18946934854009], [-102.68687292700028, 22.190105749111147], [-102.68705683476168, 22.190790055908327], [-102.6870441916344, 22.191561860819103], [-102.68679322077143, 22.192012005111152], [-102.68634421476726, 22.192639915587524], [-102.68584831520012, 22.19313397937416], [-102.68559585757191, 22.193674390634193], [-102.68548492591209, 22.19448994237822], [-102.68547153184257, 22.19530688079601], [-102.6854566200323, 22.196216345282824], [-102.68544548192335, 22.19689562265588], [-102.68519371783316, 22.19739315439036], [-102.68474838738855, 22.19779538459457], [-102.6837191906071, 22.198141902881147], [-102.68298197049157, 22.19849482832866], [-102.68234437663925, 22.19875887855429], [-102.68174867474822, 22.19938694114275], [-102.6811044006137, 22.20005719692778], [-102.68065752985787, 22.200551939882914], [-102.68045725186668, 22.200865101252006], [-102.68020846725987, 22.201179828135288], [-102.6799581974842, 22.20158482354263], [-102.67951358127469, 22.20194190231033], [-102.67914454603056, 22.202419692005662], [-102.6790471364085, 22.20259436850157], [-102.67890074970946, 22.202836063940094], [-102.67889640664036, 22.203100100552902], [-102.67893564612828, 22.20358822679459], [-102.67892840748091, 22.204028287781046], [-102.67867854379635, 22.204776388569336], [-102.67843073114271, 22.205436485179074], [-102.67830470129124, 22.205877108277456], [-102.67820621088961, 22.206117228822514], [-102.67796577272777, 22.206292120623658], [-102.6778418320701, 22.206642482956923], [-102.67786144984741, 22.206886545994696], [-102.6778341803169, 22.207107367359956], [-102.67770926106526, 22.20748028802361], [-102.67751378690437, 22.20783188617775], [-102.67738886599724, 22.20820480643668], [-102.67716938868965, 22.20857863385873], [-102.67709462388864, 22.208776204378662], [-102.67692351912405, 22.20908300448874], [-102.6769187993665, 22.20936960771032], [-102.67691552893817, 22.209568198912514], [-102.67695900908421, 22.20983517511556], [-102.67702555049031, 22.21010022334184], [-102.67711558466642, 22.21041075195976], [-102.67722752842057, 22.21078931082845], [-102.67719408754067, 22.211384747057465], [-102.6771159129871, 22.211826051586982], [-102.67686933018891, 22.212373299077285], [-102.67665021572716, 22.21272455777679], [-102.67647873261927, 22.21305392395227], [-102.6762618097253, 22.213272035674734], [-102.67606720415739, 22.21353335357318], [-102.67599084643366, 22.213864077989086], [-102.67584257078107, 22.214182488570493], [-102.67578876408002, 22.214578995156813], [-102.67578002395287, 22.215109323158124], [-102.6758672571839, 22.215552989849083], [-102.67607422879136, 22.215975794822658], [-102.67606876188445, 22.216307531927836], [-102.67603755948458, 22.216693075226978], [-102.67603246421695, 22.217002245147334], [-102.67579021833986, 22.217285453973272], [-102.67559621159717, 22.217546779296118], [-102.67539997188285, 22.217943507124392], [-102.67537016474226, 22.21831778378993], [-102.67536543965686, 22.218604386369933], [-102.67559614553545, 22.21898464361226], [-102.67566292084751, 22.21927226806898], [-102.67561032732677, 22.219558186546255], [-102.67558122686282, 22.219889585650787], [-102.6753890016806, 22.220042588090877], [-102.67526480549307, 22.22037037053841], [-102.67511693982975, 22.220700071717097], [-102.67508820985756, 22.221008903449814], [-102.67503402438248, 22.22142797619333], [-102.67505218533854, 22.221760050683336], [-102.67523637521278, 22.2220944987147], [-102.67523347248797, 22.222270522249474], [-102.67522945328255, 22.22251424713691], [-102.67534457193578, 22.22273710271527], [-102.67571954197555, 22.223006560126493], [-102.67604940714541, 22.22314445198395], [-102.67628619551292, 22.223192980656265], [-102.6765460473889, 22.223239581282336], [-102.67673169309099, 22.22348601618917], [-102.67692051149753, 22.223576746303998], [-102.6771545382346, 22.223756154586752], [-102.67741243190264, 22.22395847592578], [-102.6776246123129, 22.224029223756588], [-102.67785971884976, 22.224143186403868], [-102.67828327452123, 22.224370444591905], [-102.67861206800146, 22.22457377649892], [-102.6789205001912, 22.22457817937205], [-102.67922967555646, 22.224537447306496], [-102.67946950260831, 22.22436480460577], [-102.67968704569941, 22.224146698561068], [-102.6800685653247, 22.224018964368508], [-102.68045298078376, 22.22371520506591], [-102.68061528009498, 22.223539197317216], [-102.68082931829072, 22.223497105023313], [-102.6809953495346, 22.223499472837], [-102.68111337396661, 22.223546300918684], [-102.6812321409049, 22.223547994496638], [-102.68142109921544, 22.223593576566458], [-102.6815384186857, 22.2236832820694], [-102.68167718080188, 22.223906471008384], [-102.68179315248086, 22.22404130216104], [-102.68195666096913, 22.22419712615802], [-102.68216945055451, 22.224267876916226], [-102.68245364455727, 22.2242719275419], [-102.68283357992553, 22.224277341996313], [-102.68323509528305, 22.22437109587611], [-102.68368555742882, 22.22440008569619], [-102.6839710995367, 22.224359007819245], [-102.68418584286404, 22.22427403333974], [-102.68458917580939, 22.224257204360626], [-102.68501637647543, 22.224263286710418], [-102.685349145848, 22.22422513595239], [-102.68570702950663, 22.224097051707908], [-102.6860423545291, 22.223903185197003], [-102.68633259938363, 22.22357549840361], [-102.68664536408545, 22.22331584905302], [-102.68686265957918, 22.223075156360306], [-102.68717471873515, 22.222858383683878], [-102.68748714714903, 22.222619043005658], [-102.68784680173289, 22.222382630371065], [-102.68822905104687, 22.22220974129349], [-102.68854036628554, 22.22203810029476], [-102.68885242072231, 22.221821323953424], [-102.68909502088059, 22.221515526873233], [-102.68936390075564, 22.221011463814826], [-102.68950918289856, 22.22083746158501], [-102.68972395500846, 22.220750222271473], [-102.68996148563777, 22.220753596367956], [-102.69038807137221, 22.22075965510047], [-102.69071143258516, 22.220703300930012], [-102.69101948936586, 22.220730247520102], [-102.69116081490621, 22.220797714561183], [-102.69146598977632, 22.2210006859137], [-102.69174679460252, 22.221248456121046], [-102.69188520226972, 22.221494204969858], [-102.69223694198219, 22.221740723925844], [-102.69265522094432, 22.22225454343164], [-102.69303153448291, 22.222481094161232], [-102.6933381559027, 22.222596049610615], [-102.69388384768634, 22.22258347356518], [-102.69435904878972, 22.22254506635201], [-102.69473837675322, 22.222550444018424], [-102.69504573799462, 22.222620261506453], [-102.69523396323713, 22.222710962668348], [-102.69565787933323, 22.222917866928004], [-102.69601143706483, 22.223053798040514], [-102.69634132627208, 22.223191650407816], [-102.69664721501852, 22.22335173488242], [-102.69685763688418, 22.223530782164165], [-102.6969720914217, 22.223796503570394], [-102.69691950100908, 22.22408468910068], [-102.6969148183571, 22.22437129585503], [-102.6969587074435, 22.224615702433734], [-102.69712186612915, 22.224794080110726], [-102.69730722013509, 22.225060805434772], [-102.69732543347527, 22.225392881830327], [-102.69725018468961, 22.225658173872187], [-102.69715147102403, 22.22587573090016], [-102.69705295739982, 22.226118120623077], [-102.69704934386488, 22.226339281707194], [-102.69687510492383, 22.226801810958367], [-102.69676087155236, 22.227041720466254], [-102.69650217302704, 22.22733150040427], [-102.69624439562466, 22.227564861227815], [-102.69598709697509, 22.227768883896193], [-102.69579150678499, 22.22809115847674], [-102.6957866733179, 22.22838679183462], [-102.69584498823532, 22.228712664587437], [-102.69606294085047, 22.228950508945896], [-102.69631249490821, 22.22922040256211], [-102.69656300896008, 22.229431620522043], [-102.69690918001963, 22.229612591497453], [-102.69712757835485, 22.22982335373709], [-102.69725035774248, 22.23006210588533], [-102.69724748134885, 22.23023813199415], [-102.69721018006929, 22.230591994602623], [-102.69711212598037, 22.230768929782727], [-102.69710729463782, 22.231064563318903], [-102.69723202945934, 22.231183708071608], [-102.69726222942548, 22.23130151372838], [-102.69725643940453, 22.231655822635826], [-102.69724965349896, 22.23207106362692], [-102.69727489571503, 22.232455156544706], [-102.697398672955, 22.232632976625112], [-102.69771282445431, 22.232845094659233], [-102.69799437951676, 22.233086095033176], [-102.69808664605111, 22.233263468454687], [-102.69814484057432, 22.2335599945555], [-102.698171649714, 22.233885420700734], [-102.69829491309164, 22.23409483471031], [-102.69851287760764, 22.234332676698543], [-102.69854112528607, 22.234570089753227], [-102.69853677526918, 22.23483638575481], [-102.69853146668471, 22.235161357133695], [-102.69862178121161, 22.235458337904824], [-102.69874700017357, 22.235548144179422], [-102.69899996126792, 22.235610414251255], [-102.69947568176434, 22.2356171478474], [-102.69979214785812, 22.235650970998545], [-102.70022961439025, 22.236070241348823], [-102.70054365069792, 22.236253008535872], [-102.70076027619642, 22.236610464314115], [-102.7009121858235, 22.236996348990345], [-102.70084337709613, 22.23734976703573], [-102.70077683497472, 22.23752715005063], [-102.70052051719847, 22.237670246480725], [-102.70029631815999, 22.23781379692129], [-102.70007351882377, 22.237871590612745], [-102.69981672072724, 22.23804402352263], [-102.69959807694494, 22.23832985940855], [-102.6993547694601, 22.238604059469203], [-102.69917330081842, 22.238766271152784], [-102.69905118559407, 22.238931580165378], [-102.69892361379864, 22.23943088733771], [-102.6987984904607, 22.239817365648005], [-102.69873215153032, 22.240204676192064], [-102.69866914677993, 22.24042499615924], [-102.69818220344393, 22.241029819159863], [-102.69817313035931, 22.241584978029227], [-102.69798800454275, 22.241970605444], [-102.69768618053416, 22.24218979894039], [-102.69726407979839, 22.242461461862902], [-102.69689835898116, 22.242955134486], [-102.69635959534682, 22.243058103802927], [-102.69594533229322, 22.24288745049806], [-102.69553050121307, 22.242714530885454], [-102.69499415387503, 22.242706924098766], [-102.69451812245606, 22.242643739732202], [-102.69410418097215, 22.242416655001318], [-102.69398933602945, 22.24213738228539], [-102.69363358384165, 22.24202172796585], [-102.69331906453753, 22.242053380082083], [-102.693038947189, 22.242390250010665], [-102.69264696324746, 22.24259912451425], [-102.69216533768015, 22.24265548861813], [-102.69163685320184, 22.242796961447244], [-102.69120265484689, 22.24277047778235], [-102.6907925594013, 22.24267887501945], [-102.6904519832967, 22.242525056103315], [-102.69011107486793, 22.2423915471056], [-102.68981454645905, 22.242324128768114], [-102.6896339663263, 22.242172582667024], [-102.68931538557075, 22.242082277390875], [-102.68910792591899, 22.242165103110988], [-102.68908376214394, 22.24227085048949], [-102.68889410984025, 22.24267220207552], [-102.68888781405165, 22.243055845858372], [-102.68879141309003, 22.243352432425446], [-102.68865139695582, 22.243499419740917], [-102.68835058346244, 22.243729895201696], [-102.6881637053677, 22.24396199102049], [-102.68793103976508, 22.2442137503747], [-102.6878367108256, 22.244383959438427], [-102.68755728021092, 22.24467794051926], [-102.69114149265614, 22.245132957032144], [-102.69148948219427, 22.24524173513989], [-102.6917009996447, 22.245355345666262], [-102.69183774796882, 22.24566653252234], [-102.69183415972105, 22.24588543552915], [-102.69175563057667, 22.246349314992976], [-102.69174948940979, 22.246723932452678], [-102.69178954788967, 22.247164666679613], [-102.6917615829998, 22.247428368479724], [-102.69180449022919, 22.24769533436959], [-102.69206402420834, 22.247764481664834], [-102.6924179706349, 22.247880114653046], [-102.69258091096894, 22.24803592229821], [-102.69257691661835, 22.24827964941402], [-102.69257184963101, 22.248588821762432], [-102.69261553524967, 22.248808396183453], [-102.6927303302047, 22.249053810297365], [-102.69277253679799, 22.249363653999286], [-102.69274675498527, 22.24949420880963], [-102.6926483471645, 22.249691449906912], [-102.69238579032701, 22.24984347155951], [-102.69197916398291, 22.250056649276384], [-102.69173926655982, 22.250231564251056], [-102.69133431754514, 22.25037930360424], [-102.69100135183434, 22.25046260457222], [-102.69076004589236, 22.250723273631284], [-102.69056597593094, 22.250986871013666], [-102.69055983018248, 22.251361487944816], [-102.69055549846183, 22.25162552516809], [-102.69057540986284, 22.251889907026726], [-102.6907601382625, 22.25215888910458], [-102.69094588062707, 22.252403055622707], [-102.69096407608099, 22.25273513072886], [-102.69088990652354, 22.252932714879922], [-102.69076933692284, 22.253039349200982], [-102.6905294327186, 22.25321426176664], [-102.69024326665922, 22.253363686353428], [-102.68988642021581, 22.253424072362833], [-102.68948323830993, 22.25346348323621], [-102.68900746362938, 22.25356732068399], [-102.68878341022415, 22.253588962789788], [-102.68864782389544, 22.25376084202164], [-102.68856557293385, 22.253933480057263], [-102.68856112573908, 22.254204286997876], [-102.68866311480949, 22.25445403594461], [-102.68876673474749, 22.254604488965818], [-102.68889562798174, 22.25487719313245], [-102.68889277464626, 22.255050960940924], [-102.68878084004965, 22.255369898053488], [-102.68872688691009, 22.255443619658426], [-102.68848340269876, 22.255688452532105], [-102.68826699361041, 22.255908840556145], [-102.68802333535555, 22.256201072401257], [-102.68762023514584, 22.256493291215484], [-102.68737596841075, 22.25678551323931], [-102.68713186167568, 22.257104824086518], [-102.68702073710898, 22.257374111565575], [-102.68701543307952, 22.257696822679176], [-102.68701016604489, 22.258017277057856], [-102.68700445380026, 22.25836481207262], [-102.68684182061116, 22.258558876527083], [-102.68649653778967, 22.2585787882209], [-102.68615105701231, 22.25857386662324], [-102.68575305546366, 22.258518536474938], [-102.68543587687982, 22.258414697764657], [-102.68509341589522, 22.25826309593009], [-102.68475038672888, 22.258109228075934], [-102.68437823896576, 22.258103922641943], [-102.6840848713948, 22.25817422882869], [-102.68389675466827, 22.258295694822564], [-102.68362927504636, 22.25841377145996], [-102.68343952301997, 22.25863453232393], [-102.68327684776044, 22.258830849467216], [-102.68301014697275, 22.25890153394433], [-102.6827446723094, 22.25889774640265], [-102.68264249436379, 22.25862316198492], [-102.68262600840329, 22.258004441877876], [-102.68249814045501, 22.257706918418613], [-102.68231288505805, 22.257654615577405], [-102.6820195549541, 22.257722661312705], [-102.68188477425932, 22.25784488608531], [-102.68166814023319, 22.258114920411977], [-102.68150709930354, 22.25821194030062], [-102.68121435159549, 22.25820776101814], [-102.6810022156186, 22.25820473222349], [-102.68073674264758, 22.25820094151375], [-102.68057611021547, 22.2582731365976], [-102.6804932776554, 22.258443504014966], [-102.68046088058206, 22.25879065652846], [-102.6803195873106, 22.259307804023752], [-102.68031348615858, 22.259677904431214], [-102.68036191306886, 22.259976551948228], [-102.68046106294204, 22.260397814943566], [-102.68058889110587, 22.260697596468162], [-102.68079635492398, 22.261021087627057], [-102.68076559409722, 22.26126894487268], [-102.68072985072779, 22.261451270945635], [-102.68072233640314, 22.261907126335714], [-102.68084164769655, 22.262098438538544], [-102.68087727313775, 22.262401417625856], [-102.6808722512914, 22.262706073455295], [-102.68074419721376, 22.263045087992356], [-102.68073794723321, 22.263424215179036], [-102.68068985888951, 22.263877233714826], [-102.68051740803485, 22.264481968140686], [-102.6802275406288, 22.264780297435276], [-102.67997824559937, 22.265081463059115], [-102.67976773651897, 22.265493787169117], [-102.67976271149851, 22.26579844264262], [-102.6797977019542, 22.266139785742794], [-102.6800369875725, 22.26644567494826], [-102.68019505154776, 22.266750403426126], [-102.68018753351014, 22.267206258346132], [-102.68010071696186, 22.267507487940662], [-102.68009509662102, 22.267848250724995], [-102.68000698710775, 22.268264580910188], [-102.67987952023738, 22.2685674866343], [-102.6798707720075, 22.269097812662615], [-102.68003010367198, 22.269325813411093], [-102.68006319633312, 22.269782248482937], [-102.68005694242336, 22.270161375172247], [-102.67993134545875, 22.270387561386237], [-102.67960211701255, 22.270608579819477], [-102.67939405471358, 22.270871959841617], [-102.67910539962354, 22.27109581432877], [-102.67885739348179, 22.27131799220269], [-102.67865059523943, 22.271504643110294], [-102.67864619957676, 22.271770934153672], [-102.6786412078114, 22.27207333244559], [-102.67859556580325, 22.272377406658308], [-102.67842937849963, 22.272564637873238], [-102.67821944786442, 22.272940851032967], [-102.6780938824188, 22.273164778584814], [-102.67788517968643, 22.273466519964654], [-102.67763526639678, 22.27380378716875], [-102.67763090558202, 22.274067821243133], [-102.67762714106537, 22.27429574808611], [-102.67742220038093, 22.274369561796416], [-102.67709668669684, 22.274364903852668], [-102.67685430148832, 22.274246316091475], [-102.676530652725, 22.27412882205142], [-102.67612580581465, 22.273971792001756], [-102.67563786823476, 22.273926432851688], [-102.67518924765326, 22.273996754186957], [-102.67477940236, 22.27414211833155], [-102.6744501201377, 22.27436538146152], [-102.67420523660438, 22.274397988560164], [-102.67396095030067, 22.274394488151835], [-102.67359482402081, 22.27438924119521], [-102.67322932401105, 22.274309513813428], [-102.67290381143776, 22.27430484747786], [-102.67258277994719, 22.274505652565104], [-102.67208853240389, 22.274694943933945], [-102.67057196045423, 22.274449721396014], [-102.669600075767, 22.275106167081024], [-102.66799484578928, 22.275381066130247], [-102.66694724224867, 22.275812941621542], [-102.66612731544461, 22.27699296670592], [-102.66468643300311, 22.27697224112568], [-102.66324120729512, 22.277249392928738], [-102.66211975415685, 22.277307731128673], [-102.66090900601179, 22.277886191194312], [-102.65938499083185, 22.2780876837667], [-102.65778095702119, 22.27828800689512], [-102.65735978171169, 22.27954822304581], [-102.65598399677775, 22.280422212437447], [-102.6552439700127, 22.281603327398333], [-102.6541274556589, 22.281363727657872], [-102.65307977194632, 22.281795505737353], [-102.65353994673086, 22.282996221800577], [-102.65328248418511, 22.284035327098877], [-102.65318505559564, 22.285076746328894], [-102.6520542266417, 22.285656288165395], [-102.65052763149697, 22.286006628132757], [-102.64875598674442, 22.286651352407972], [-102.64747381619019, 22.28670725412814], [-102.64634979680342, 22.286914414831884], [-102.64450809208898, 22.286962174906723], [-102.64250449314358, 22.2870820489421], [-102.64123167764967, 22.286616625858866], [-102.6402001389975, 22.286768658003286], [-102.6389554931398, 22.288669159366563], [-102.6380527344625, 22.28999678705603], [-102.6365198054734, 22.290719331856955], [-102.63538887158926, 22.291298747142037], [-102.63401596071539, 22.292023598586255], [-102.63280810079144, 22.29245289842748], [-102.63185913194181, 22.291768665598404], [-102.63148101526221, 22.290422381854007], [-102.63134357161873, 22.289079611646596], [-102.62983826179156, 22.288163784970532], [-102.62824038366792, 22.287991460001376], [-102.6271169902335, 22.288124006758906], [-102.62543154835981, 22.288397293475107], [-102.62373854502867, 22.289117370829143], [-102.62237508182918, 22.289246367136062], [-102.62110106927479, 22.288855258198282], [-102.61982706472263, 22.28846413985146], [-102.61846108322803, 22.288742039185212], [-102.61710833301518, 22.28827525776626], [-102.61592826493353, 22.28706614049551], [-102.61457619881818, 22.286524863447678], [-102.61362357295701, 22.28606393751961], [-102.61226454123756, 22.285969456916177], [-102.61107061081299, 22.28557945161232], [-102.60979353162824, 22.285337185222623], [-102.60914072709467, 22.286072427511424], [-102.60772450360584, 22.28463631864437], [-102.60637183636713, 22.284169454032266], [-102.60453213253955, 22.284067818703285], [-102.6030804172712, 22.28471675254646], [-102.60145279807213, 22.286256900822774], [-102.59958696839388, 22.287719019926914], [-102.59837906759115, 22.28814805740242], [-102.5966878986879, 22.288718897972498], [-102.59491730553653, 22.289288542361195], [-102.59356337313626, 22.288896037398327], [-102.59301794962724, 22.28799412146826], [-102.59208198720754, 22.286565010918036], [-102.59121201762333, 22.28595621452356], [-102.58986196143087, 22.285340283314035], [-102.58874624678369, 22.285025765330353], [-102.58740260399097, 22.28403748436469], [-102.58661396499285, 22.28335538983622], [-102.58549888140033, 22.283040860496218], [-102.5834179093124, 22.28300988218047], [-102.58231564744372, 22.281950672533522], [-102.58129089082217, 22.28103932455536], [-102.58024755533832, 22.281172740192105], [-102.57824723777645, 22.28114290019112], [-102.57722247666773, 22.28023378583045], [-102.57553519639464, 22.280581010338093], [-102.57471965638327, 22.28146264051818], [-102.57414410623983, 22.282350110825647], [-102.57356473043536, 22.28345871810363], [-102.57283046073537, 22.28426706705356], [-102.57186196608562, 22.284699484038846], [-102.57041913511954, 22.28482685458812], [-102.5680994061914, 22.284717617858423], [-102.56611066334185, 22.28401743864676], [-102.5644394136712, 22.283470970940773], [-102.56331345971014, 22.28375200319223], [-102.56202808152095, 22.284030631931213], [-102.5604265237169, 22.284081044107484], [-102.55826168049856, 22.28427193269824], [-102.55790122565082, 22.284359048653513], [-102.55728193962497, 22.28444226729905], [-102.55686104625269, 22.28448332914059], [-102.55636545558438, 22.28456614960485], [-102.55614177796348, 22.28463275049878], [-102.55599108826999, 22.28479073407145], [-102.55571169974542, 22.285201829735257], [-102.5555345468366, 22.28545195474955], [-102.55525780312028, 22.285745720668793], [-102.55488282479163, 22.28597029296944], [-102.55446056934213, 22.28612418199364], [-102.55406313193697, 22.286210731399148], [-102.55366590746021, 22.286319853862587], [-102.55344082852754, 22.286501540951974], [-102.55338593650801, 22.286798648496365], [-102.5532562662215, 22.2871420270636], [-102.55297947514475, 22.28743804479988], [-102.55275221523527, 22.28770998120107], [-102.5525525982546, 22.287822081241114], [-102.55227985326579, 22.28788567893238], [-102.55191148631997, 22.28776500947245], [-102.5514436685121, 22.28764509535753], [-102.55107530309283, 22.287524424115638], [-102.55087769118556, 22.287521441073054], [-102.5506822771, 22.287635859245384], [-102.55040709290577, 22.287839355992485], [-102.55015636759711, 22.28806579237265], [-102.54990664860085, 22.288199703170598], [-102.54956012979962, 22.288217040333876], [-102.54916490452088, 22.28821107014403], [-102.54879374515869, 22.28825060420768], [-102.5483503887326, 22.288153621618438], [-102.54783293793119, 22.288098402423543], [-102.54726395431497, 22.288112371922562], [-102.54674384952824, 22.288174477184246], [-102.54647228433478, 22.288170370367155], [-102.54622517818528, 22.28818920381028], [-102.54585420085509, 22.288183592302524], [-102.54548501239647, 22.288110294737947], [-102.5448937933706, 22.28800880863629], [-102.54435005827199, 22.288000579240943], [-102.54392836495606, 22.28808673571642], [-102.54355440472038, 22.288286467487687], [-102.54340208013792, 22.28853695316606], [-102.54314990850271, 22.288810754357932], [-102.54292543030138, 22.28892246530226], [-102.5426037635274, 22.288940163772935], [-102.54233219770052, 22.28893604989605], [-102.54203739734669, 22.288839043601822], [-102.54179431706315, 22.288627709880476], [-102.54164900293466, 22.28844268515582], [-102.54146368193517, 22.28825705404443], [-102.54121837835511, 22.288138225789712], [-102.54092318567679, 22.28806378239892], [-102.54072719383483, 22.28796827160436], [-102.54060673468817, 22.2877836228601], [-102.5405863054775, 22.287530521324285], [-102.54041639190977, 22.28736543638975], [-102.54002235690645, 22.287291750044165], [-102.53977244729961, 22.287470783079513], [-102.53964475918706, 22.28769906771436], [-102.53951584567167, 22.2879973027534], [-102.53938815659441, 22.288225587091446], [-102.5392138175629, 22.28831322546228], [-102.5387446424334, 22.288306108111442], [-102.53837406222186, 22.288277914807548], [-102.53810127285554, 22.288343744441008], [-102.53785154377718, 22.288477635575013], [-102.53760119446589, 22.288681485921185], [-102.5373264264891, 22.28886013741382], [-102.53705342504695, 22.288903391281046], [-102.53680714859779, 22.288874824377533], [-102.53656101783189, 22.28880337508743], [-102.53629230240706, 22.28863678574596], [-102.53607427015594, 22.28838068321202], [-102.53587907328325, 22.288240037555685], [-102.53556101031982, 22.28805238401535], [-102.53531430048064, 22.288048636087723], [-102.53518783199166, 22.28820696617272], [-102.53501265949161, 22.288341985481825], [-102.53479138369121, 22.28827091128968], [-102.5345234635312, 22.288059190072083], [-102.53413390612972, 22.28773050951128], [-102.53388659095668, 22.28772675025166], [-102.53346489490909, 22.287812878997507], [-102.53316527143798, 22.287991145270905], [-102.53296278824443, 22.28826568471243], [-102.53268559890141, 22.288581971795736], [-102.53253260981957, 22.28883469269942], [-102.53247665418964, 22.28922431295065], [-102.53249523387787, 22.289547355100076], [-102.53237658524522, 22.28977802747122], [-102.53219834462085, 22.290052934361864], [-102.53219231983144, 22.290395915704458], [-102.53223837964093, 22.29060426584711], [-102.53238145120804, 22.290881803531782], [-102.5323515361848, 22.29120410792555], [-102.53227372590366, 22.291388003068374], [-102.53207206795763, 22.291615155120514], [-102.53199411000153, 22.291841931942614], [-102.53199046280668, 22.292049525837317], [-102.53171603847754, 22.29220785840901], [-102.53127153652197, 22.292176266248013], [-102.53097995179243, 22.291896467200147], [-102.53086152611083, 22.291596733020054], [-102.53069483333863, 22.291248865836614], [-102.53052853796869, 22.290878434011635], [-102.53026062041394, 22.290666705940463], [-102.52986864733214, 22.290475659061332], [-102.52952454537652, 22.290355309095816], [-102.52918000753958, 22.29025977941329], [-102.52871610856187, 22.289952524582535], [-102.5283738061768, 22.289764488111352], [-102.5280557912553, 22.289574564022427], [-102.52761531004032, 22.289315061337625], [-102.52712652530103, 22.289009680198237], [-102.52668445883678, 22.28884043317683], [-102.52634136762683, 22.288697521818676], [-102.52595020076582, 22.28846133748425], [-102.52521208166836, 22.288267258040847], [-102.524743348936, 22.28823527935094], [-102.52449519974662, 22.288278891019257], [-102.52431759273293, 22.288551540862787], [-102.52416523538132, 22.288802005307343], [-102.5240122712882, 22.28905246030036], [-102.52381179788775, 22.289211907955067], [-102.52363542120612, 22.289414607097093], [-102.52341295788392, 22.2894112109931], [-102.52287081757432, 22.28931265153231], [-102.52249842066314, 22.289422074072863], [-102.52230716908741, 22.289471065207973], [-102.52210792704528, 22.289560560901588], [-102.52195495851623, 22.289811013521266], [-102.52184763539618, 22.290292382013078], [-102.52168957936188, 22.290865514162856], [-102.52178309136275, 22.29116712997304], [-102.5217794690164, 22.291372465841086], [-102.52177377667248, 22.291695136479248], [-102.52135126804825, 22.291826360649758], [-102.52102999454901, 22.291821451073325], [-102.52063679874347, 22.29170033226038], [-102.52029067251313, 22.29169504136474], [-102.52009019127856, 22.291854483638193], [-102.5198630722274, 22.292148940961987], [-102.51975856815807, 22.292470100290195], [-102.51967588031663, 22.292929272750705], [-102.51956938278582, 22.293363253525865], [-102.51946611215149, 22.293614463039283], [-102.51936443510145, 22.293775415115704], [-102.51896760896048, 22.29385962728565], [-102.51874067505499, 22.294108944543073], [-102.51856137466875, 22.29447635634033], [-102.51833404030639, 22.29474823716698], [-102.5181820636867, 22.29497612991446], [-102.51788117135837, 22.295224313964788], [-102.51785105379909, 22.295521782395298], [-102.51794336306259, 22.295891092701705], [-102.51821166776146, 22.296080275923195], [-102.51823329200708, 22.296263427127908], [-102.51805849301, 22.296375861281717], [-102.51778467657084, 22.296464209375035], [-102.51751186487475, 22.296530001958892], [-102.51738700448733, 22.29659580188049], [-102.51718571492916, 22.296800368107032], [-102.51700967778832, 22.29698275026503], [-102.51671081379287, 22.297115853683184], [-102.5165847156074, 22.297251602155207], [-102.51641031320499, 22.297341470012615], [-102.51613670118302, 22.2974523885954], [-102.51596173199457, 22.29753999020796], [-102.51571417093369, 22.29758359591687], [-102.51549467227802, 22.297514779293945], [-102.51531120117285, 22.29753453880964], [-102.51501860704897, 22.297518770530257], [-102.51478644042514, 22.29754906846758], [-102.51459064562682, 22.29757992348322], [-102.51438052310526, 22.297700840088194], [-102.51429401780098, 22.297792052673902], [-102.51426975121699, 22.297895504364703]]]}}, {"type": "Feature", "properties": {"AREA": 177530000.0, "PERIMETER": 94751.3, "MUNAGS84_": 7.0, "MUNAGS84_I": 7.0, "NOMBRE": "PABELLON DE ARTEAGA", "SUP": "177.529 Km²", "AREA_KM2": 177.530224625, "edo": "01", "Shape_Leng": 94751.2532937, "Shape_Area": 177530224.625, "NOM_MUNIC": "Pabellón de Arteaga"}, "geometry": {"type": "Polygon", "coordinates": [[[-102.22843694454606, 22.163356711306154], [-102.22916956758199, 22.160773973280392], [-102.23137233002643, 22.15360126341859], [-102.22932030033932, 22.153607012364212], [-102.22939137972851, 22.14889623602428], [-102.2326496911714, 22.149450315387845], [-102.23437736874966, 22.143294007302796], [-102.2362090823149, 22.13676255700834], [-102.2369174206448, 22.134538159173484], [-102.23704584695244, 22.133791106593677], [-102.23760102930189, 22.13109696872167], [-102.23863610772777, 22.126273841160796], [-102.23070369717296, 22.124911734896653], [-102.22617770365615, 22.12409465010802], [-102.22449665258493, 22.123793000903685], [-102.22344397087004, 22.123684821948647], [-102.22149757357235, 22.123421504004074], [-102.22091402624298, 22.12328970394244], [-102.21784307849009, 22.122725098748674], [-102.21836575174329, 22.116767324346224], [-102.21853140280753, 22.114960282246823], [-102.21863916522692, 22.11360359100616], [-102.21900992107105, 22.109581713994114], [-102.21920046005145, 22.106504574410646], [-102.21925226034301, 22.104666251672292], [-102.21931374221741, 22.10378493158427], [-102.2191889147739, 22.10354359605125], [-102.21912654544504, 22.103420672323086], [-102.21892239193237, 22.103272766658037], [-102.21866406577782, 22.10323225922883], [-102.21839161392748, 22.10326372491565], [-102.21819733835221, 22.103260415022206], [-102.21801735147035, 22.103207701133577], [-102.21786203140972, 22.10319377113695], [-102.21762865324881, 22.103239441487652], [-102.21734505602669, 22.103160137601222], [-102.21714980664244, 22.103206457075917], [-102.21689089103971, 22.10322686748531], [-102.21671161342216, 22.103138057242546], [-102.21650495355053, 22.103087143743277], [-102.21641433314522, 22.103108165723068], [-102.21638613852902, 22.10321826284824], [-102.21631925412674, 22.103325443646106], [-102.21626568444663, 22.103432851418596], [-102.21623802114688, 22.10351587728261], [-102.21621748756974, 22.103605794769475], [-102.21624616771588, 22.103933503753094], [-102.21632173111263, 22.10412435402589], [-102.21631849766246, 22.104289037235766], [-102.2163516959846, 22.104386640911688], [-102.2163245926026, 22.104656981547343], [-102.19223537902033, 22.10065414193864], [-102.1953803210068, 22.095150031887595], [-102.19615356223949, 22.09014900116253], [-102.19670046455961, 22.08976798464207], [-102.1967385790762, 22.086521296628277], [-102.1972868244856, 22.08273047532484], [-102.19806043156964, 22.077670750829093], [-102.19843475756724, 22.075142927286752], [-102.19900566552862, 22.071485620473524], [-102.1994623497829, 22.068984024761246], [-102.19975436374996, 22.067312318226737], [-102.20032817700248, 22.06402514299244], [-102.20066491950934, 22.06404444881798], [-102.20474013293503, 22.06382531513636], [-102.20543621722496, 22.063792080296526], [-102.2055701174133, 22.063938796557867], [-102.20572343990956, 22.064051994413358], [-102.20594809769028, 22.064200261454587], [-102.20615819044511, 22.064350536026826], [-102.206261940443, 22.064553153720404], [-102.20639092155932, 22.064857753269553], [-102.20656716988265, 22.0651902405676], [-102.20674529806674, 22.065396385523115], [-102.20696330691842, 22.065452013753443], [-102.20731223569182, 22.065313546428012], [-102.20758435986285, 22.06492553110038], [-102.20802915895085, 22.064497586881057], [-102.20835695457434, 22.064263975282472], [-102.20856373960882, 22.064028296984656], [-102.21047484932632, 22.06419631514082], [-102.21176378265004, 22.064116749633104], [-102.21399492364088, 22.06382981848575], [-102.21512281721608, 22.063474421582118], [-102.21578839638921, 22.06333004441277], [-102.21753362897603, 22.063129569672903], [-102.22051868149511, 22.06350304853596], [-102.2207243862424, 22.063538139084137], [-102.22086664891361, 22.063567637652206], [-102.22169487091426, 22.063926988887655], [-102.22199383722851, 22.064083268023293], [-102.22217642552127, 22.064217259147124], [-102.22310940465711, 22.065162870725974], [-102.22336010994697, 22.06540408288858], [-102.22349755435582, 22.06549442864286], [-102.22375205267845, 22.065541627832136], [-102.22569568368385, 22.065813831718394], [-102.22599577210724, 22.0658821115235], [-102.22613365941984, 22.06594989563896], [-102.22627026938342, 22.066083102607138], [-102.22638265368558, 22.066279086417318], [-102.2279538639403, 22.069011533706547], [-102.22811056549666, 22.069294023263545], [-102.22831509164808, 22.06951413562038], [-102.22923223907247, 22.070220238059076], [-102.23160467616971, 22.072625473466744], [-102.23521064853907, 22.077432393333833], [-102.2355715133458, 22.077582928116705], [-102.2375645114847, 22.07778588295054], [-102.23924403877298, 22.077922587017003], [-102.24077842926421, 22.078052310172296], [-102.24186786361247, 22.078091011035724], [-102.24236197087683, 22.078176078319558], [-102.24337112879596, 22.078265319459625], [-102.244668014862, 22.078406797297276], [-102.24676343467733, 22.078480477789793], [-102.24990985727939, 22.07870271243694], [-102.25311133243636, 22.078864880403483], [-102.25518740075123, 22.079001317159438], [-102.25971760527591, 22.079226290312018], [-102.26056614916757, 22.0794842465573], [-102.26120081079156, 22.079501654750096], [-102.26212338140155, 22.079593843845775], [-102.26350154650045, 22.079634981931594], [-102.26851492434253, 22.079982898748465], [-102.27067883164793, 22.083329734062882], [-102.27120916092042, 22.08411492027534], [-102.27193676101558, 22.085219346925825], [-102.27232165461427, 22.08585541200643], [-102.27257951344014, 22.086392314631873], [-102.27277439767984, 22.0868356381674], [-102.27294991544096, 22.087310233073907], [-102.27309781083055, 22.087804677744998], [-102.27318091973078, 22.08811072900696], [-102.2743302021773, 22.088222435713785], [-102.27492643751289, 22.088257206946285], [-102.27543677912651, 22.088319881597776], [-102.27610278293608, 22.088409974733818], [-102.27634502951501, 22.088436581432337], [-102.27655602303783, 22.08845138288908], [-102.27680051839131, 22.08845545865652], [-102.27711158434407, 22.08846064363511], [-102.27733347146332, 22.08847562566282], [-102.27753279359536, 22.088499258456554], [-102.27766532879352, 22.088533061964267], [-102.27784286435609, 22.08855633133414], [-102.27803090386921, 22.088600086526373], [-102.27816266034182, 22.088674498664695], [-102.27834948847517, 22.08878142310013], [-102.27850320458221, 22.08887876861663], [-102.27868562386367, 22.088994646372797], [-102.27905427056844, 22.089027868266967], [-102.27926829250956, 22.088979526942428], [-102.27948421721706, 22.088863513638046], [-102.27972871558761, 22.088709610564738], [-102.2800885457712, 22.08847638322906], [-102.2804495424518, 22.088150646408423], [-102.28058112815681, 22.087981321501186], [-102.2807682608467, 22.087851286306833], [-102.2809396582433, 22.087815773791235], [-102.2811232457294, 22.08787073522337], [-102.28130704950604, 22.08791441615083], [-102.28149240942355, 22.087876878622065], [-102.28156446965595, 22.087812631025525], [-102.28172225014922, 22.08776109360608], [-102.28183541995831, 22.087762976575213], [-102.28203297054321, 22.087847507501003], [-102.28215889325175, 22.087942130520293], [-102.28232549434817, 22.088157039660835], [-102.28246417053857, 22.08834440275315], [-102.28310885582526, 22.087335059086172], [-102.2833164699658, 22.086862330020764], [-102.28403322666868, 22.08505979118254], [-102.28431755407436, 22.084310750612623], [-102.28450116434345, 22.083699956220723], [-102.28495754718111, 22.08363983673272], [-102.28489826461403, 22.083004694337387], [-102.28457095629086, 22.083026336743178], [-102.28448133437897, 22.08252158380081], [-102.28712592415954, 22.08288146288189], [-102.28732161655972, 22.08303140320915], [-102.28754868577273, 22.083059997477445], [-102.28771822092335, 22.08308989321629], [-102.28787521842756, 22.083078958431567], [-102.28831362483945, 22.083167479156803], [-102.28914980325624, 22.08328516643226], [-102.29318941363789, 22.083855402134347], [-102.29425224300522, 22.083992616092164], [-102.2944513460444, 22.083995913064637], [-102.29433475022391, 22.083411727912534], [-102.2941830156356, 22.082416223205193], [-102.29406789670307, 22.08099253270236], [-102.29402281856245, 22.07665647182007], [-102.29389696284804, 22.07506559988282], [-102.293799579251, 22.074204146161875], [-102.29365064564425, 22.073061995509825], [-102.29350983655631, 22.07146184857769], [-102.29351432060398, 22.070496011631207], [-102.29350710667062, 22.07011223585948], [-102.29348524413001, 22.069766583190734], [-102.2933905195831, 22.06952805069916], [-102.29325313324202, 22.06927301421001], [-102.29302974172566, 22.069084257609134], [-102.2927631298927, 22.0689083258385], [-102.29248049086685, 22.068811116282983], [-102.29199911804979, 22.068724155273095], [-102.29104956067991, 22.068588813251594], [-102.29024903704521, 22.068478504135914], [-102.28918624069105, 22.068314193005612], [-102.28852057364112, 22.06821062529552], [-102.28808078865217, 22.068164965143666], [-102.28767035071384, 22.068103993155407], [-102.28743016316542, 22.0680345610845], [-102.28711960771109, 22.067909797962216], [-102.28682508363849, 22.067706312570795], [-102.28668516847496, 22.067584380492026], [-102.28649048751616, 22.067382551587738], [-102.28628378456385, 22.06704962895648], [-102.28611870667615, 22.06675576256447], [-102.28561309457146, 22.06568893341276], [-102.28532706359097, 22.065801537718652], [-102.28437977901619, 22.065548843616433], [-102.28369229136474, 22.065099606287838], [-102.28366738944857, 22.064914135817396], [-102.28368333398694, 22.064808331581443], [-102.28370087573335, 22.06465064770582], [-102.28371759665062, 22.06450423413664], [-102.28369191825861, 22.064359372986818], [-102.2836239269637, 22.064211552102908], [-102.28349750469852, 22.064144004885595], [-102.2834703166819, 22.064078106282853], [-102.28344545822256, 22.063890379732598], [-102.28340625033074, 22.063693387619157], [-102.28333951065305, 22.06348014055182], [-102.28332839784666, 22.063333264585903], [-102.28331892323115, 22.063069062767767], [-102.2833201742778, 22.0630036366486], [-102.28328010499409, 22.062883361065552], [-102.28328390127808, 22.062684826635092], [-102.28327404066259, 22.062504119620872], [-102.28327809571458, 22.062292048743025], [-102.28319964335313, 22.062058295959623], [-102.283101308859, 22.06178810418111], [-102.28300228442492, 22.06155400953978], [-102.28294699381651, 22.061185234145455], [-102.28299538750835, 22.060838492590978], [-102.28306077165595, 22.060647751785226], [-102.28314957617108, 22.060340046949523], [-102.28317459154054, 22.060108013153354], [-102.2831793795481, 22.059857588978527], [-102.283224838766, 22.059664260223453], [-102.28331066597207, 22.059512224276773], [-102.28348141282488, 22.059223934654895], [-102.28375472067293, 22.059016335963683], [-102.28402763966668, 22.058829041409435], [-102.2841755699769, 22.058657725106467], [-102.28434765193296, 22.05833109102135], [-102.28458140612646, 22.058007737457842], [-102.28479467339092, 22.057679529749795], [-102.28486135442036, 22.05757908108925], [-102.28501870136118, 22.057358270681764], [-102.28513395235707, 22.057123220543865], [-102.28518555292584, 22.057083454800537], [-102.28540245459618, 22.05688168682098], [-102.28562030361381, 22.0566302847452], [-102.28587259499784, 22.0563501155386], [-102.28603127442142, 22.056059365347625], [-102.28613840224578, 22.055900910483064], [-102.28632915424583, 22.055705477472667], [-102.28649224768157, 22.055532153285387], [-102.2866274263696, 22.055426069688426], [-102.28685845912933, 22.05527644008989], [-102.28719385703593, 22.055049553248796], [-102.28756953842446, 22.05490006476879], [-102.28794556349018, 22.054732526669937], [-102.28817560141756, 22.054603189669965], [-102.2885714650834, 22.05447434448463], [-102.28894675651466, 22.054345157300233], [-102.28923808023237, 22.054270997630013], [-102.2894898065737, 22.054083341240503], [-102.2896589018645, 22.05391236963102], [-102.28993292199665, 22.053666405035333], [-102.29032556109976, 22.05329376725729], [-102.2905937484747, 22.053544201088418], [-102.29092635429136, 22.053590332486753], [-102.29137098299375, 22.053665399920806], [-102.29170363251309, 22.053709273699173], [-102.29206838944442, 22.05371982630836], [-102.2925046245598, 22.053695452394745], [-102.29275169493684, 22.05365666253962], [-102.29304702234255, 22.053467464983473], [-102.293492421268, 22.05308892151857], [-102.29403163490007, 22.052646481192447], [-102.29469857901366, 22.052075256419368], [-102.29528453666873, 22.051561366432182], [-102.29616714698547, 22.0508515213688], [-102.29697076008395, 22.050221610677777], [-102.29723605155186, 22.050115410128182], [-102.29735199898543, 22.050097014391284], [-102.29751367163414, 22.050092914809202], [-102.29782008539361, 22.05014762623046], [-102.29831714259146, 22.05029801496297], [-102.3000970736894, 22.050873549788157], [-102.30013311505415, 22.05060106999783], [-102.29845113620269, 22.04846995236757], [-102.29865948440607, 22.046008951963667], [-102.29860670941207, 22.045951660278952], [-102.29852337865645, 22.045878066380816], [-102.2983252235635, 22.045795806053334], [-102.29810352085794, 22.045742495228364], [-102.29789720095569, 22.04567589727959], [-102.29772096529939, 22.045650418583495], [-102.29757510909114, 22.04561867103217], [-102.2974613140024, 22.04555585754515], [-102.29746418678678, 22.045404698550872], [-102.29746594474709, 22.045312198269247], [-102.29750680466374, 22.045168437136944], [-102.29752480740274, 22.045049123405878], [-102.29758947220576, 22.044862875963915], [-102.29759204463838, 22.044727509674733], [-102.29761777893614, 22.044583498668036], [-102.2976683898933, 22.04434059872183], [-102.29766395930741, 22.044191575882426], [-102.29761990789065, 22.044089291768536], [-102.29755982622014, 22.044002540588053], [-102.29747133304613, 22.0437866818036], [-102.2974575798351, 22.043714236637957], [-102.29747570612487, 22.043556559102825], [-102.29752717898471, 22.04330013252247], [-102.29763855664318, 22.043107885997546], [-102.29784159442119, 22.042932950705705], [-102.2982413712709, 22.042659706917274], [-102.29919742570426, 22.043591756381318], [-102.30292831699062, 22.047683974293587], [-102.30437838660431, 22.049441111045248], [-102.31734728865884, 22.051615480815475], [-102.31799606645355, 22.05129662044123], [-102.31528424621472, 22.062818412010383], [-102.31049235330947, 22.075118352176823], [-102.32502109607405, 22.076241458754858], [-102.33299247031351, 22.077005904403876], [-102.338982000819, 22.077448832753213], [-102.34004091837916, 22.073498505411425], [-102.33984414256481, 22.07214344211197], [-102.33989864997112, 22.072045027131526], [-102.343948300579, 22.072661552836102], [-102.34611719247945, 22.073019512380565], [-102.3505722985571, 22.07358152470423], [-102.35199836252457, 22.070406634714814], [-102.35311158041465, 22.06787212976534], [-102.35299742830196, 22.066884024337256], [-102.35325640954728, 22.066694125102618], [-102.35360630378567, 22.06620553151528], [-102.35393779797252, 22.065664730866], [-102.35410367853744, 22.065403359893963], [-102.35434898068998, 22.064940154232257], [-102.35442739431458, 22.06479246861848], [-102.35443958025658, 22.0646256563536], [-102.35445321154523, 22.06441372978228], [-102.35447469909504, 22.063779892928476], [-102.3545310988011, 22.063286547683305], [-102.35461459412632, 22.062865861017745], [-102.35465519487386, 22.06273336162283], [-102.35475253330736, 22.062576954301168], [-102.35491563607428, 22.062464491499526], [-102.35500423331194, 22.062289887508978], [-102.35504599234326, 22.062062617507486], [-102.35516206347113, 22.06194036613093], [-102.35524097822899, 22.061765605350896], [-102.35529145254412, 22.061590384559928], [-102.3554287170106, 22.061337576287364], [-102.3556017342038, 22.061180135225847], [-102.35461946020845, 22.05954831851543], [-102.35548475381508, 22.05829394242713], [-102.35598493728702, 22.055223634230167], [-102.35602735962632, 22.055188209754302], [-102.35614318254835, 22.055176540588935], [-102.35626540959578, 22.05517851618113], [-102.35636800457962, 22.055162119273604], [-102.35642422461747, 22.05506823857542], [-102.3564730753052, 22.05501260586351], [-102.35648806561049, 22.054922572569726], [-102.35650290567493, 22.054873160846824], [-102.3565582023716, 22.054828916721366], [-102.3566599822099, 22.054823790878668], [-102.35677615817359, 22.054825668276166], [-102.3567680580392, 22.054870675168857], [-102.35676675737368, 22.05494061772113], [-102.35677937363408, 22.055010785166463], [-102.35690113909618, 22.055037578596863], [-102.35698400016278, 22.054975724613897], [-102.35703452872082, 22.054829843234913], [-102.35708421812971, 22.05472908606766], [-102.35711308295105, 22.054641533747628], [-102.35713409943891, 22.05458545107057], [-102.35725098837834, 22.054548972502573], [-102.35732625244145, 22.054505050687148], [-102.35742198125185, 22.05449982658653], [-102.35753110575645, 22.054490305053214], [-102.35762589394105, 22.054503120760575], [-102.35769498123727, 22.05446586965455], [-102.35777091617908, 22.054385848202948], [-102.35785390231972, 22.054317225058956], [-102.35794356223947, 22.054280306136214], [-102.35796482996082, 22.054210686029993], [-102.35798038233791, 22.0541229184766], [-102.358056107255, 22.054054177925114], [-102.35811912541345, 22.0539852321071], [-102.35822291742512, 22.05387180694037], [-102.35826603360714, 22.05376642936465], [-102.35827495372948, 22.053644701275886], [-102.35825790320851, 22.053454847017044], [-102.3582047460457, 22.053384024895703], [-102.35813233422192, 22.053274524635565], [-102.3580235461245, 22.053265996955126], [-102.35792794393853, 22.053264452851458], [-102.35779927220958, 22.053251090086643], [-102.35771796426576, 22.05322946472794], [-102.35769153264383, 22.053186156850273], [-102.35760271220005, 22.053177951433735], [-102.35745991413836, 22.05317564467211], [-102.35737848047658, 22.053160787792606], [-102.35727027980151, 22.05312067264446], [-102.35715668176546, 22.053012763519735], [-102.35710984558241, 22.052960098342265], [-102.35704430040232, 22.052839424171427], [-102.35689266201989, 22.052563890418348], [-102.35685503444111, 22.052439153493324], [-102.35682944223097, 22.052350721269423], [-102.35686441700105, 22.05229260724044], [-102.35689256814888, 22.052243410510034], [-102.3568945817124, 22.05213511231767], [-102.3568962177236, 22.052047120035176], [-102.35682509020526, 22.05183608001635], [-102.35683100504284, 22.051517954073255], [-102.35695234714882, 22.050493029432793], [-102.35943738805135, 22.050596351904435], [-102.35973565806944, 22.04959233420412], [-102.35999235069723, 22.048741113471376], [-102.3619812837563, 22.048800278319508], [-102.36323059264743, 22.047457250505847], [-102.36332126405017, 22.047528675610735], [-102.36338178892936, 22.04756124757091], [-102.36345641993712, 22.047551165729576], [-102.36351838660711, 22.047538622879546], [-102.3636545240993, 22.047540816555212], [-102.36380363819323, 22.047561274403307], [-102.36395329610384, 22.04755240117514], [-102.3640213327943, 22.04757155253391], [-102.3641090854026, 22.04760456290401], [-102.36419646164114, 22.0476578792731], [-102.36427102857726, 22.047683906439072], [-102.36429662504266, 22.04777233791677], [-102.36434907271308, 22.047881514053486], [-102.36429319557402, 22.047957348533497], [-102.36429893110292, 22.048007092747127], [-102.36436644665314, 22.048021721785897], [-102.36442674064864, 22.04809942769269], [-102.36448119589804, 22.04810030489555], [-102.36451591556046, 22.048055726153986], [-102.36459094277603, 22.048056934696746], [-102.3646305616828, 22.0481072246923], [-102.36470475259569, 22.04815355773933], [-102.36470404170768, 22.04819191361015], [-102.36474993999224, 22.04826261683743], [-102.3648111960586, 22.048288429390897], [-102.36495922406736, 22.048367548206706], [-102.36512305011945, 22.048345360747557], [-102.36524644282754, 22.048284154654404], [-102.36535677497251, 22.048209196729402], [-102.36544033920859, 22.048108981762446], [-102.36557157753455, 22.048016305094816], [-102.36561994255703, 22.047953890582058], [-102.36569593120223, 22.047903205333576], [-102.36592927865304, 22.047787346434053], [-102.36600430581271, 22.047788554315204], [-102.36609977956093, 22.047796862030864], [-102.36619946503353, 22.047904541235393], [-102.36619829483662, 22.047967715688866], [-102.36627294598274, 22.047989229531527], [-102.36633883198128, 22.04809185077157], [-102.36640720367451, 22.04809295134673], [-102.36647463600298, 22.04811209200166], [-102.36647392559358, 22.048150447927455], [-102.36654682180065, 22.04826672336096], [-102.36662021956371, 22.048355923998695], [-102.36668798633885, 22.048357014730293], [-102.36674056145527, 22.048459421600985], [-102.36691711392612, 22.048469033813102], [-102.36692358079355, 22.048512019067267], [-102.36703856257579, 22.048545466181515], [-102.36707194465694, 22.048573086251462], [-102.36710084063992, 22.0486141755476], [-102.36709954546154, 22.048684118737288], [-102.36715341614327, 22.0487165823213], [-102.3671931615215, 22.048760103103312], [-102.36719136503217, 22.048857121081436], [-102.3671827457195, 22.048963056879682], [-102.36717289462574, 22.049102826417002], [-102.36718526524987, 22.049186530951008], [-102.36719075112555, 22.049249812552702], [-102.36717547604044, 22.0493556412353], [-102.3671742644114, 22.049421071959195], [-102.36718665668226, 22.049470923278022], [-102.36721258945127, 22.049541304637312], [-102.36724517796978, 22.04961179310178], [-102.36722429162717, 22.04966110888042], [-102.36729051322929, 22.049745680006517], [-102.36729574846993, 22.049822498999323], [-102.36734288030968, 22.04985936792143], [-102.36736157256604, 22.049961229412432], [-102.36737392315146, 22.050013336957296], [-102.3674072422379, 22.050077066444857], [-102.36750688842011, 22.05018700131251], [-102.3675388923338, 22.05028907699418], [-102.36758610793724, 22.050321433401045], [-102.36759205351296, 22.050359896447524], [-102.3675765278523, 22.050479262566256], [-102.36754113996756, 22.050559941697877], [-102.36750485452369, 22.05065640470545], [-102.36750335052177, 22.05073762906095], [-102.36749514894953, 22.050821002545174], [-102.36747340672095, 22.050883845995546], [-102.36747903821141, 22.050971955883444], [-102.3674024634204, 22.051054229090543], [-102.36736778553565, 22.051096552216094], [-102.3673250946884, 22.05117937065355], [-102.36729016605366, 22.051235231146208], [-102.367267253732, 22.051361249033103], [-102.36727903949657, 22.051476540804877], [-102.3672700438177, 22.051602782651102], [-102.36727565505329, 22.051659295551925], [-102.36724604499472, 22.05178746253729], [-102.36723154327872, 22.051818825802634], [-102.36716855030345, 22.051919372656776], [-102.36716717137203, 22.051993828284367], [-102.36713910721534, 22.052038514679985], [-102.36717275920908, 22.052149644567557], [-102.36716443190983, 22.052239786688368], [-102.3671416445767, 22.05235903582395], [-102.36714080883444, 22.05240416044342], [-102.36714524997001, 22.05252384780843], [-102.3681477567306, 22.052774697957958], [-102.36891234540572, 22.05449998880104], [-102.37128257923938, 22.053779775808962], [-102.37331285904335, 22.054193808162402], [-102.37427791654052, 22.052606894227445], [-102.37488177615025, 22.05147007359401], [-102.37666652875683, 22.050067818498576], [-102.37678629926992, 22.04977633981813], [-102.3771244301366, 22.048901563399205], [-102.37717206461775, 22.0480582399127], [-102.37822537741364, 22.047325824878932], [-102.3784934838267, 22.046998353619678], [-102.37923407524735, 22.045992346603054], [-102.37944124411246, 22.04614687840258], [-102.3796325757865, 22.046274073291812], [-102.37977887956946, 22.046348637725984], [-102.37990171094293, 22.04641605541044], [-102.38007075785872, 22.04650452532462], [-102.38019406987746, 22.046578721272045], [-102.38032464274997, 22.046653033387948], [-102.38041661660334, 22.046719956670366], [-102.3805393239459, 22.046794142704417], [-102.38070071376569, 22.04687120483317], [-102.38080962475375, 22.04687294830308], [-102.38096452039987, 22.04687542778019], [-102.38116731724983, 22.046840306117907], [-102.38134647509563, 22.046807062788535], [-102.38153349867189, 22.04677394513397], [-102.38165869944858, 22.046712754859218], [-102.38183028208185, 22.0466635912849], [-102.38204261136633, 22.0466037948579], [-102.382683687439, 22.0450184047891], [-102.38340877189574, 22.044589900507326], [-102.41654906089433, 22.03759399883097], [-102.41683725375275, 22.046718963934502], [-102.41698801273022, 22.051014098820275], [-102.41744503605241, 22.067898914595503], [-102.41876737336912, 22.080473039221367], [-102.4181804717538, 22.080587901278196], [-102.41409603042919, 22.081742080518083], [-102.40940304265827, 22.083197964843368], [-102.40785309258666, 22.08370151150454], [-102.4035459141858, 22.085009864328025], [-102.40067990360468, 22.085869329861286], [-102.39968278001892, 22.086167178510284], [-102.39925564064716, 22.086349962896975], [-102.3949382937716, 22.08770982244611], [-102.39186966676444, 22.088586205560194], [-102.39112679151827, 22.091781437139115], [-102.39027037395147, 22.095354010815708], [-102.38902934557468, 22.10060860420145], [-102.38883488461927, 22.10137059125447], [-102.38820887457814, 22.10403051651787], [-102.38758969713658, 22.106613810879683], [-102.38692270759734, 22.109424283725318], [-102.38623187327002, 22.11231110423577], [-102.38551137178652, 22.11535994129088], [-102.38479151787078, 22.11833881783213], [-102.38424535859009, 22.120501213559773], [-102.38371837777848, 22.12247658962828], [-102.38331935290456, 22.123982320530462], [-102.38284154517625, 22.125949451981306], [-102.38238250756822, 22.127817577831564], [-102.38059327451873, 22.127082449073317], [-102.37756437778253, 22.125860202606315], [-102.3761166999195, 22.12529075775684], [-102.3742822830566, 22.12444876387673], [-102.37176774114607, 22.1233836493105], [-102.35435405591504, 22.115902809773587], [-102.35716414679686, 22.121105298666293], [-102.35722951187223, 22.12175633743842], [-102.35487357345106, 22.12696313464742], [-102.3530818845251, 22.1286696080207], [-102.35282433049566, 22.131044167781297], [-102.35267203547447, 22.132808823341943], [-102.35253614411683, 22.134246498758667], [-102.3524018518115, 22.13559843868103], [-102.35223823020172, 22.13712593746176], [-102.35190073522796, 22.13907715971752], [-102.35177660110615, 22.139885358277184], [-102.35149434036715, 22.141893896730345], [-102.35112730157489, 22.14322174068901], [-102.35095472060199, 22.144417330886768], [-102.34957668978953, 22.14429789080488], [-102.34368555744024, 22.143847694139932], [-102.34283605469095, 22.143933153645225], [-102.34232945733618, 22.14391586950389], [-102.33967919004988, 22.14359279958477], [-102.33797840541739, 22.143375465594563], [-102.33639096477793, 22.143250239600984], [-102.33466258659492, 22.143115924024777], [-102.33260956643763, 22.14298305032288], [-102.32797396898125, 22.142602477740592], [-102.32637808076548, 22.142477016978752], [-102.32337534327671, 22.142222381934666], [-102.32081789025933, 22.142024659484097], [-102.31634888188562, 22.141614902262624], [-102.30975879909718, 22.140930822056255], [-102.30573821404559, 22.140575568981937], [-102.3055645593279, 22.141362580673455], [-102.305150038795, 22.142235883362762], [-102.30406106428592, 22.143511028583376], [-102.30219322276629, 22.145707592835116], [-102.30070355807305, 22.147443236024994], [-102.30021256494442, 22.147751056766033], [-102.29649696024528, 22.149937242541935], [-102.29634250202682, 22.15345527056089], [-102.2962802486195, 22.155571104688807], [-102.29628388665493, 22.15652127250178], [-102.29613789644664, 22.159594850674033], [-102.29600756376522, 22.165047338799138], [-102.2854840021061, 22.165073191976493], [-102.28122981123299, 22.1650248219948], [-102.27596835703237, 22.165038488886125], [-102.27600840481419, 22.166354848398488], [-102.2696276735809, 22.166895720022453], [-102.26327803555328, 22.16758129051462], [-102.26163721372207, 22.17092302644319], [-102.25989214249502, 22.173139130457034], [-102.25939689496515, 22.173719805264376], [-102.25842661836492, 22.174931137680478], [-102.25817230883254, 22.175393999937164], [-102.25810006417686, 22.175808022248198], [-102.25813702981272, 22.176244193816277], [-102.25934357508675, 22.180683186053333], [-102.2596408760353, 22.181782705163492], [-102.25971277981895, 22.18229168013586], [-102.25970713288724, 22.18258270357127], [-102.25964936939, 22.18321812984165], [-102.25955256286326, 22.183961221955418], [-102.25943539059541, 22.184848401861345], [-102.25929275982924, 22.18564262691298], [-102.25915133181798, 22.18628115746963], [-102.25624213035024, 22.186103517841804], [-102.25336560033375, 22.18592863462647], [-102.25297906647333, 22.185899545463545], [-102.25299828754618, 22.185845708458995], [-102.2530606548794, 22.185722641082233], [-102.25311932725444, 22.185509242415236], [-102.2531227503914, 22.18533327579547], [-102.25301772938623, 22.185157736113247], [-102.25287357334547, 22.18509437214369], [-102.25275258753582, 22.185085560391084], [-102.25259617936204, 22.18506035371366], [-102.25242121754852, 22.185023550152525], [-102.25222737684133, 22.18505412942109], [-102.25206285861886, 22.185103257164936], [-102.25189188927841, 22.185172586326008], [-102.25179568871752, 22.185166448961038], [-102.25173083044272, 22.185075085244005], [-102.25171411180328, 22.18500033122009], [-102.25169792007286, 22.184898505438753], [-102.25172411934837, 22.184797395269467], [-102.25179200704501, 22.18473309636217], [-102.25187750055272, 22.18466683788813], [-102.25196272150443, 22.184645709189006], [-102.25205355926882, 22.184647242464163], [-102.25215080409411, 22.184630830056523], [-102.2522237816015, 22.184616264730277], [-102.25229694367097, 22.184561081491488], [-102.25230475541716, 22.184470944458493], [-102.2523184035032, 22.184392189534307], [-102.25229615551052, 22.184290261563138], [-102.25224932404655, 22.184237566565788], [-102.25219786744307, 22.184173509886385], [-102.25217064319784, 22.18407826808354], [-102.25215747007327, 22.184008087372813], [-102.25214583340947, 22.183858947331302], [-102.252060131243, 22.183749178190443], [-102.25193109079987, 22.18362513717816], [-102.25183040692234, 22.18356927637646], [-102.25167037628133, 22.183512413716688], [-102.25151178561151, 22.18341269751921], [-102.25144043332945, 22.18334379133583], [-102.25129738685881, 22.183192432794325], [-102.25118340842478, 22.183041564919943], [-102.25112866344224, 22.182835279054537], [-102.25110328442233, 22.182645286031292], [-102.25106126381846, 22.182563334624007], [-102.25100463084068, 22.18245405584607], [-102.2508898627742, 22.182343795467755], [-102.25068740911496, 22.1822568783138], [-102.25045523869551, 22.182171715813524], [-102.25031193088212, 22.182033892482465], [-102.25024084341503, 22.18195145002638], [-102.25021459650598, 22.181774982623992], [-102.25024747598798, 22.181610797371654], [-102.25026464510648, 22.1814756841434], [-102.25041269583785, 22.18136986181186], [-102.25060487439363, 22.18123770382484], [-102.25076666783818, 22.181172734150124], [-102.25084235699282, 22.181049892496453], [-102.25086084279306, 22.18084709975418], [-102.25086295058344, 22.18073881274813], [-102.25079318072072, 22.1805886911788], [-102.25063425174082, 22.18047542839365], [-102.25031751786058, 22.180253434840466], [-102.25011547214578, 22.180114619573914], [-102.25003116981016, 22.179964252335623], [-102.24994656955045, 22.179798082997333], [-102.24993414442366, 22.17968955060432], [-102.24993783407766, 22.179500048463712], [-102.24995070432536, 22.179274593850906], [-102.24997257940248, 22.17902221066796], [-102.25003751820036, 22.178829229449445], [-102.25012630914644, 22.178717892910527], [-102.25029509610852, 22.17854246226463], [-102.25046042270887, 22.178513659819473], [-102.25068581286695, 22.178542289330167], [-102.25087607161704, 22.178601919527274], [-102.25116104300925, 22.178712796249833], [-102.25134208715251, 22.178779040550165], [-102.2515323465777, 22.178838670038836], [-102.25175822047066, 22.17884248234125], [-102.2519418985802, 22.178773367108537], [-102.25206581055484, 22.17866262207881], [-102.25209483398436, 22.178509654701713], [-102.25209816942727, 22.178338200047445], [-102.25207713357928, 22.178080578655816], [-102.25206334670854, 22.177886267830246], [-102.25206777924241, 22.17765841360643], [-102.25207247503235, 22.17741702348026], [-102.25210184911803, 22.177246008193443], [-102.25220037896277, 22.177100983766003], [-102.25237812183462, 22.17690087770072], [-102.25281277498142, 22.176447838991557], [-102.252403712118, 22.176021187212744], [-102.25227654689155, 22.175863327742547], [-102.25218161634147, 22.175823361713846], [-102.25212106160487, 22.175822339968548], [-102.25205946250126, 22.175843867812404], [-102.2519797670754, 22.175923765076963], [-102.25184628286974, 22.176090766812813], [-102.25170432954718, 22.176226031364454], [-102.25158963459778, 22.176330161688213], [-102.25149286050764, 22.17638494648086], [-102.25133601423295, 22.176413893348492], [-102.25123199141763, 22.176405367404335], [-102.25116362627632, 22.176338768508835], [-102.25115716788507, 22.176234850279286], [-102.25115971393657, 22.176104003373517], [-102.25121525887316, 22.175926659872378], [-102.25142716635793, 22.175745185253284], [-102.2516737560918, 22.175586862834074], [-102.25196364621164, 22.175413473584022], [-102.25211359335039, 22.17530316754379], [-102.25219420977105, 22.1751758945141], [-102.25240566744921, 22.175048572189457], [-102.25256330177943, 22.1749790163948], [-102.25275796187552, 22.174905571569028], [-102.25293271800433, 22.174858871456948], [-102.25309017645742, 22.174798339042763], [-102.25322085078534, 22.17477571905743], [-102.2533356663569, 22.17469641336951], [-102.25351872427693, 22.174658879500246], [-102.25362305311067, 22.17465161196284], [-102.25371824653854, 22.17467804119822], [-102.2538386890485, 22.17474551720255], [-102.25406315370259, 22.174821517227652], [-102.25418390344628, 22.174873201094165], [-102.254288057077, 22.174874957092683], [-102.25438531144536, 22.174795354547957], [-102.2545801267338, 22.17462035733207], [-102.2548370738792, 22.174365164939815], [-102.25500603314381, 22.174149110187486], [-102.25513981861137, 22.173966313330375], [-102.25523236344759, 22.17369255218472], [-102.25522875066906, 22.173441994470558], [-102.25518123235318, 22.173206493920375], [-102.25508085715087, 22.1729791294696], [-102.25481172602963, 22.172520991196752], [-102.2545668810644, 22.172153531078873], [-102.25422763470799, 22.171719034217237], [-102.25394893498705, 22.17131715176891], [-102.25376324384712, 22.17102290329115], [-102.25359954663294, 22.170812524385312], [-102.25340442515225, 22.17069188452426], [-102.25322338970106, 22.17062564341997], [-102.25308539058993, 22.1705578711802], [-102.25291378922441, 22.170473735049086], [-102.25279046309474, 22.170367845709865], [-102.25267832656183, 22.17030953625515], [-102.2525746589168, 22.170282963730543], [-102.25240965796887, 22.17026438347537], [-102.2515584675164, 22.170240996342255], [-102.25152785787208, 22.170039631425784], [-102.2518428421186, 22.169478508167767], [-102.25196867540237, 22.169268498957116], [-102.25208349535393, 22.169157599718343], [-102.25223282108428, 22.16907887659767], [-102.25237331850428, 22.169018058214757], [-102.25264483552485, 22.168916571731682], [-102.25291574668186, 22.16881507454299], [-102.25324868336193, 22.1687010823993], [-102.25333636851502, 22.16864614276146], [-102.25339067910647, 22.168531965445606], [-102.25343695081392, 22.168395085293124], [-102.25346627626966, 22.168226325220513], [-102.25040061148351, 22.16767361546895], [-102.24859961713081, 22.16731146871057], [-102.24599940550321, 22.166809417336808], [-102.2407417055876, 22.16579519740395], [-102.23960622257329, 22.16553675043135], [-102.23684586851496, 22.16498896704556], [-102.23338294682374, 22.16434796811055], [-102.2318984821974, 22.16406548919941], [-102.22997582713242, 22.16367399631084], [-102.22843694454606, 22.163356711306154]]]}}, {"type": "Feature", "properties": {"AREA": 908228000.0, "PERIMETER": 158974.0, "MUNAGS84_": 8.0, "MUNAGS84_I": 8.0, "NOMBRE": "CALVILLO", "SUP": "908.228 Km²", "AREA_KM2": 908.228520117, "edo": "01", "Shape_Leng": 158973.769513, "Shape_Area": 908228520.117, "NOM_MUNIC": "Calvillo"}, "geometry": {"type": "Polygon", "coordinates": [[[-102.6910827061068, 22.106526537807355], [-102.69091475845491, 22.106427099599806], [-102.68519229246516, 22.105474769641855], [-102.68570383498208, 22.103482067080375], [-102.6841599013415, 22.102462462161384], [-102.6860538695096, 22.101254573043356], [-102.68595869500331, 22.10014715525572], [-102.68775600555398, 22.09851350340106], [-102.68866062726165, 22.097664022564086], [-102.68950449069118, 22.096305786357668], [-102.69098664444253, 22.095687929869882], [-102.69120223534787, 22.09505442078692], [-102.6915542230005, 22.094486042838568], [-102.69187067173164, 22.093980365988426], [-102.69184655332961, 22.093341211376224], [-102.69192740828646, 22.092577131352503], [-102.6928422214393, 22.091059607080403], [-102.69295232920189, 22.09061873210782], [-102.69204863535572, 22.089479579781337], [-102.69165130877523, 22.088480757857432], [-102.69132506845571, 22.087988573374098], [-102.6911959661024, 22.087140264235742], [-102.69129307365516, 22.086046848761445], [-102.69128819922214, 22.085378620878924], [-102.68953518005712, 22.08475114854991], [-102.68850828102939, 22.08478628741877], [-102.6857143680908, 22.085536796245886], [-102.6848780919985, 22.087768693603117], [-102.68410286535988, 22.089263317447255], [-102.68306217322272, 22.091476502571794], [-102.68113836052991, 22.09207221903882], [-102.67956043440923, 22.092659280965243], [-102.66796618058517, 22.086882631057687], [-102.66537596271685, 22.087132317438584], [-102.66494177524103, 22.086913930776905], [-102.66200556042627, 22.086921606267385], [-102.66134658001077, 22.086492326189003], [-102.65977401773345, 22.08554207991871], [-102.65969025133657, 22.085811751202247], [-102.65959152945229, 22.086180527539145], [-102.6595715134851, 22.086586547163243], [-102.65949883096499, 22.086991812416667], [-102.65949231841847, 22.087386739099276], [-102.65951285108254, 22.087757223321887], [-102.65953158748687, 22.08819991402307], [-102.65969863624566, 22.088498007328656], [-102.65986650431643, 22.088746452585298], [-102.65992984743332, 22.08890762501261], [-102.65995201835561, 22.089178813376808], [-102.6599350162924, 22.089402038320085], [-102.6599317788573, 22.089598373305645], [-102.65992973218421, 22.08972249312145], [-102.65992671796651, 22.089905287755492], [-102.65985457951007, 22.09009386413337], [-102.64424260952879, 22.093668446430012], [-102.64377427185573, 22.093429196865074], [-102.62357917959139, 22.081297586395547], [-102.62169046505495, 22.080951845894347], [-102.62101859376249, 22.080145271356372], [-102.62012995343184, 22.079412283685617], [-102.61677446377423, 22.07714229841342], [-102.61507223010175, 22.073988981813613], [-102.61368898592366, 22.072429381691457], [-102.61384509789029, 22.071713868494662], [-102.61323228244902, 22.071072905634992], [-102.61047683121497, 22.064209130371434], [-102.61353570860558, 22.063605977971417], [-102.61694110490896, 22.05009655171034], [-102.61528616295514, 22.049156011030554], [-102.61629654981078, 22.043480293057076], [-102.61621106553558, 22.040743301627344], [-102.61714699319508, 22.037012204836564], [-102.61675324275541, 22.036922955661158], [-102.61639935882616, 22.03727218632808], [-102.61574982851326, 22.03742073228419], [-102.61539200745912, 22.038076884560976], [-102.61381735293597, 22.036941130934345], [-102.61224838595638, 22.036333634699876], [-102.61114044321536, 22.03757699445697], [-102.60993974263097, 22.03789127746394], [-102.60936722701223, 22.037598508768344], [-102.60745505329062, 22.039728461203342], [-102.60618933733173, 22.039696411855722], [-102.60514108668613, 22.040265693687875], [-102.60393833155848, 22.040340636285535], [-102.60337961932971, 22.04055817648128], [-102.60162701958997, 22.039857601882726], [-102.60024896631288, 22.03855531505413], [-102.59948177734186, 22.038214514942343], [-102.59387394596877, 22.038319525905752], [-102.5930384552718, 22.03833207154143], [-102.59307551569857, 22.037393625524285], [-102.59248345826713, 22.03682739312972], [-102.59236291516022, 22.035724111827353], [-102.59200614907151, 22.03488144716706], [-102.59192597253029, 22.03418279635149], [-102.5911050113048, 22.03137180466034], [-102.58655130137896, 22.03061404540338], [-102.58567481876234, 22.0314046804789], [-102.58362702918025, 22.031776248976538], [-102.58185421889735, 22.03177941826318], [-102.58081434653863, 22.033599140820005], [-102.57945643035954, 22.034188506484337], [-102.57453553079341, 22.034946312429067], [-102.57380223613035, 22.034894817269567], [-102.5732631823892, 22.034065218639693], [-102.57271615648497, 22.033738848539322], [-102.57288610054496, 22.032504440808317], [-102.5728666157636, 22.032404836611438], [-102.5730741383383, 22.030812095758566], [-102.57309145572873, 22.03043540548459], [-102.57337440286977, 22.030062652172045], [-102.5735573221377, 22.02994799028317], [-102.5738917755808, 22.02957148482299], [-102.57390412113152, 22.029379808408805], [-102.57400882281901, 22.02916692868867], [-102.57404273795606, 22.02905908706792], [-102.57410796311184, 22.028960737985802], [-102.57414764170625, 22.028798809660124], [-102.57395778426982, 22.02871699587905], [-102.57421494824072, 22.028294200882016], [-102.57423916377005, 22.028116243238195], [-102.57433261630621, 22.02795962576749], [-102.57435598562506, 22.027831313281105], [-102.57436416140354, 22.02767117534712], [-102.57441887887595, 22.027550098712364], [-102.57443542061029, 22.026685847682135], [-102.57450340631108, 22.026176734244224], [-102.5747280619383, 22.0249973042095], [-102.57015765668137, 22.02452777945181], [-102.5694138001338, 22.02828846197266], [-102.56796064156165, 22.02828945677206], [-102.56707188613395, 22.028341711630173], [-102.56590876563226, 22.028511769921092], [-102.56540991930584, 22.028626240209633], [-102.56459099021099, 22.028735948469848], [-102.56352831970311, 22.028977455195264], [-102.56206062182088, 22.029226467602534], [-102.56065879799661, 22.029374875953113], [-102.56035448794648, 22.028767682403753], [-102.55999846792255, 22.02810554626056], [-102.5598540813732, 22.027913793886775], [-102.55923602784493, 22.02707395075641], [-102.55886932968718, 22.0264703395353], [-102.5587875871557, 22.026331434739898], [-102.55849965537169, 22.025652253987406], [-102.55719086450482, 22.02161500927445], [-102.55718336092133, 22.020323807355705], [-102.551571530853, 22.01944098586752], [-102.55291404128369, 22.014567555736107], [-102.55462248944613, 22.008322705436864], [-102.55512165901885, 22.00222455955116], [-102.55746116714454, 22.000273145160566], [-102.55933669318304, 22.002657555465387], [-102.55930210651735, 22.004677195768142], [-102.55971657925518, 22.00520928555192], [-102.56485814671169, 22.00571462740295], [-102.56470576871989, 21.999085330524785], [-102.56452377329067, 21.99684577656095], [-102.56552650154805, 21.996237693057306], [-102.56501292827284, 21.995485200868135], [-102.56572037465793, 21.994841128837294], [-102.5651473103953, 21.99392298081108], [-102.56451308772702, 21.992051398861676], [-102.56297099507098, 21.989134800306665], [-102.57016185118319, 21.975791010100693], [-102.57002838827283, 21.974888419996816], [-102.57067642777261, 21.97424343575707], [-102.57049774266, 21.973509464452103], [-102.57147986437982, 21.97303419692535], [-102.5717549838644, 21.97233177191246], [-102.57129704736936, 21.970018157384654], [-102.5720434681118, 21.96917147517464], [-102.57201961018929, 21.967408264418097], [-102.57309986402146, 21.96642431201586], [-102.57353308072352, 21.966028939454876], [-102.57325626977033, 21.965550838195522], [-102.5735475782038, 21.963751656326213], [-102.5786770243111, 21.944936975305268], [-102.58072463595325, 21.94289278656357], [-102.58170403543406, 21.940704184216816], [-102.58008891525637, 21.94021315884321], [-102.58290643904888, 21.930006949434897], [-102.58686458613904, 21.9172238645509], [-102.58375407889396, 21.916844112448235], [-102.58431874037801, 21.915994671620858], [-102.58575963460008, 21.915577937750637], [-102.58954746497596, 21.912723965972592], [-102.5876986042359, 21.913308556878913], [-102.58759235198488, 21.913261853800762], [-102.587244236939, 21.913105512918452], [-102.58673272333208, 21.913028032878337], [-102.58630603498563, 21.91301274114047], [-102.58612708471003, 21.91293788348237], [-102.58589020403458, 21.91289151886124], [-102.58536920489031, 21.91283872471555], [-102.58506631041746, 21.91279816114825], [-102.58449366316076, 21.91240151013316], [-102.58419092232006, 21.91235191846402], [-102.58349867144803, 21.91234174663658], [-102.5825818681973, 21.91223572535599], [-102.58202985770829, 21.91187097067174], [-102.58187187958163, 21.911557153310955], [-102.58250095662791, 21.911225564898672], [-102.58324588287122, 21.910049223927583], [-102.58340034421046, 21.908672340228936], [-102.58251006376074, 21.906817374972167], [-102.58187973671986, 21.906507900171786], [-102.57945742111896, 21.905962139846736], [-102.58051827517092, 21.90491234857647], [-102.58119339130717, 21.904789103106836], [-102.58212235238192, 21.904601870341796], [-102.5827703233289, 21.904582050669834], [-102.58308020173624, 21.904530174228334], [-102.58321034600684, 21.904128046299874], [-102.58374141539346, 21.903761151942806], [-102.58424005612753, 21.903452466829055], [-102.58458076377663, 21.9034010400957], [-102.58483666518879, 21.902856295580555], [-102.58557381144492, 21.903070266279464], [-102.58620075118344, 21.90250387845244], [-102.58649036590002, 21.901788077256764], [-102.58727000983335, 21.901309699064118], [-102.5878901719243, 21.90114498836568], [-102.58816765603014, 21.901149056950487], [-102.58876374586447, 21.90058220549256], [-102.5890297652583, 21.899434924256308], [-102.59048011769394, 21.898444939639802], [-102.58164656942763, 21.899401042719045], [-102.58029499811612, 21.89933602452199], [-102.5806126093298, 21.898503272289982], [-102.58077262380233, 21.897943580966363], [-102.58082077239008, 21.897312271079628], [-102.58128301056583, 21.896723164513617], [-102.58177206642722, 21.896730353447033], [-102.58192617131225, 21.896520440844544], [-102.58200645793502, 21.896241726950855], [-102.58215934345841, 21.8961040268123], [-102.58253714217564, 21.89600348946383], [-102.58272932960166, 21.895794135487456], [-102.58315050197777, 21.89538048166108], [-102.58327123802754, 21.89489018326565], [-102.58350204407387, 21.894613679066232], [-102.58373703447566, 21.89408894269537], [-102.5837453287417, 21.893596992460655], [-102.5838999596848, 21.893355484223562], [-102.58401833225106, 21.89300509727408], [-102.58413609142298, 21.892726931957686], [-102.58410633410112, 21.892268281053266], [-102.58411165941851, 21.89195234955749], [-102.58426868389188, 21.891568671515515], [-102.58434896228734, 21.891289955655374], [-102.58444975914935, 21.890977682721857], [-102.58522132925553, 21.888390953432854], [-102.58567208878196, 21.887618827564065], [-102.58686996807296, 21.88657098937575], [-102.58690748560396, 21.88570702543969], [-102.58727616492652, 21.88366739119238], [-102.58787562036657, 21.882105152567238], [-102.58802727823445, 21.881931311688273], [-102.58816374272234, 21.881833993489753], [-102.58842109605811, 21.881774561702876], [-102.58873372592946, 21.88162790760611], [-102.5890465423257, 21.8815060850186], [-102.58941334465929, 21.88137376623871], [-102.5896312602218, 21.881250552750114], [-102.58964539274545, 21.881201100814074], [-102.59041495758079, 21.879731629168447], [-102.58990341382574, 21.879554849535143], [-102.5894885478682, 21.879345625659894], [-102.58923609506463, 21.87907783420643], [-102.58899519092489, 21.878986274783763], [-102.58880854075076, 21.878832307454626], [-102.58856722261096, 21.87872945528917], [-102.58836746250054, 21.87860012491437], [-102.5880453771755, 21.8784825455948], [-102.58712615955326, 21.878568393898757], [-102.58672201685124, 21.87851281153967], [-102.58635730898055, 21.878521008445954], [-102.58626218013524, 21.878569272568416], [-102.58607359343868, 21.8785665075675], [-102.58564373295837, 21.878422514044544], [-102.5854018069585, 21.878391879469135], [-102.58526872922488, 21.878252237456085], [-102.58513564826933, 21.878148710767977], [-102.58501582723282, 21.8780476357046], [-102.58614778663727, 21.87254082284263], [-102.58533520624611, 21.870172373796965], [-102.58598211685324, 21.869236082825292], [-102.58701276408107, 21.8689554907625], [-102.5863869651701, 21.867235347847537], [-102.58663986314002, 21.86729548421724], [-102.58680342712783, 21.867311424133845], [-102.58726511893481, 21.867214355931885], [-102.58747998606567, 21.867163330053856], [-102.58776696597766, 21.867102073942572], [-102.58811071863593, 21.867080021467743], [-102.58843799614442, 21.867138987063832], [-102.58860884177295, 21.867297236851936], [-102.58878611321543, 21.86739689275875], [-102.58897648766573, 21.867580257569777], [-102.58919791448957, 21.867750533384942], [-102.58937378430994, 21.867933685491753], [-102.58953594706881, 21.86803311954388], [-102.58969894188921, 21.868119022284287], [-102.5898916304617, 21.86816472936591], [-102.59008704587563, 21.868084071553042], [-102.59028200635198, 21.868030493532462], [-102.59061159860123, 21.86795179815372], [-102.59149588950034, 21.86767354988747], [-102.59203626933144, 21.86749861585061], [-102.5921888125517, 21.867306724431916], [-102.5924471670842, 21.867005775401914], [-102.59260114772732, 21.86672812985811], [-102.59279886891265, 21.866509811321666], [-102.59305585813334, 21.86629010137889], [-102.59326857546506, 21.866042657333153], [-102.59352476745622, 21.865906452361276], [-102.59367567991558, 21.865811596290964], [-102.59391566508191, 21.865704497862968], [-102.59405029449476, 21.8656793776803], [-102.59431951455032, 21.865667509321245], [-102.594438580147, 21.86566924826291], [-102.5948844324656, 21.865759276673298], [-102.59506284165121, 21.865791225691044], [-102.59528529554547, 21.8658644477216], [-102.59546412034308, 21.865907688545775], [-102.59595401919093, 21.866038987342964], [-102.59608679655027, 21.866124442839954], [-102.59627963615962, 21.866197231383833], [-102.59651682375296, 21.866257123461153], [-102.59668167332555, 21.86623244210473], [-102.59684640970657, 21.866178414895664], [-102.59698198395687, 21.866096875258105], [-102.59707283271433, 21.86601468301485], [-102.59713451934937, 21.86590497848659], [-102.59721180693657, 21.865766157472052], [-102.59736256610525, 21.865644208773144], [-102.59751419385012, 21.865506471944745], [-102.5977245608809, 21.865398935688052], [-102.59806812123425, 21.865388145316537], [-102.59824653103642, 21.865420090906433], [-102.59842255946005, 21.865160818237054], [-102.59573595165139, 21.84339122855471], [-102.59639281564652, 21.830245617111633], [-102.59189957940518, 21.829967892108947], [-102.58908080509313, 21.829493322654447], [-102.58550678885864, 21.829149857217732], [-102.58746899545011, 21.817237816022033], [-102.58804003419857, 21.814573599306996], [-102.58832405332451, 21.812483036475772], [-102.58894354145335, 21.807320759678316], [-102.58986025822092, 21.798260046546062], [-102.58970886880418, 21.795138330752046], [-102.5898323686432, 21.795124332584024], [-102.59000899117788, 21.795077250979986], [-102.59016835915054, 21.795014116697452], [-102.59027573705643, 21.794916364992172], [-102.59045398257922, 21.79477224517576], [-102.59054727693591, 21.794577226376962], [-102.59160589498018, 21.792807189170077], [-102.59245311590672, 21.79218751350505], [-102.59430874172821, 21.791896281592184], [-102.59418788899245, 21.79070269486881], [-102.59574455441059, 21.791416080282552], [-102.59563235934364, 21.78988403237233], [-102.59668164962726, 21.789319190208023], [-102.598018263907, 21.789097106981544], [-102.59994552189742, 21.78907320522808], [-102.60137892025871, 21.780676715683683], [-102.60086381455055, 21.779208791408312], [-102.60121391722733, 21.77781211704786], [-102.60091706879503, 21.769327285693972], [-102.60156579282415, 21.76177713117057], [-102.60072313922518, 21.755160156547518], [-102.60478346778082, 21.755250614198623], [-102.60551863398402, 21.751026623279582], [-102.61055591119658, 21.75299783681586], [-102.61164249627222, 21.75494124499809], [-102.611388446079, 21.755472550289547], [-102.6159104822508, 21.755700325506034], [-102.61943210411684, 21.756701372630726], [-102.61890491589021, 21.758118129122245], [-102.61943864548495, 21.759051300155825], [-102.63462301168394, 21.768580571352004], [-102.63848431177186, 21.764730641048835], [-102.63982316307211, 21.765352460900147], [-102.6421571838518, 21.763710841355365], [-102.64282898803476, 21.763673017238414], [-102.64452043878946, 21.76205154246043], [-102.64621255236096, 21.762127558072226], [-102.64968742893016, 21.76402121949509], [-102.65160179579895, 21.76644118321316], [-102.65365955837362, 21.764506530455535], [-102.65747397589814, 21.764698317831396], [-102.6590597586693, 21.762729813895984], [-102.66191340808258, 21.763603148590914], [-102.67371156283993, 21.764577702667303], [-102.67706577238896, 21.75647130866862], [-102.68147677978614, 21.753061390082557], [-102.69307137493057, 21.752144489291535], [-102.69623002475593, 21.744734653670367], [-102.70000972682229, 21.746247765934186], [-102.70118186842039, 21.744259500322176], [-102.70112080771254, 21.743617554927262], [-102.70227751001676, 21.742787102595752], [-102.69847076074385, 21.73907046599808], [-102.69837045080101, 21.73846634993595], [-102.69883901908612, 21.7374909047077], [-102.69828693328984, 21.736997890067315], [-102.70036117528953, 21.73449393934722], [-102.69900151575358, 21.73343213149246], [-102.69886195274371, 21.732827469836273], [-102.69521993031569, 21.731149227040866], [-102.69763095141381, 21.729340754426104], [-102.69804066932588, 21.72853153668209], [-102.70073270159145, 21.728340951208367], [-102.7368892673898, 21.71605082563228], [-102.75559925011774, 21.726251747246092], [-102.7574089698879, 21.7265945701818], [-102.75930602822936, 21.729252446116995], [-102.76153084658563, 21.730291626486597], [-102.76565121922155, 21.733435495808482], [-102.76649511315385, 21.733119553175417], [-102.76897666725644, 21.734360761756516], [-102.77030191790442, 21.736358415708803], [-102.77152282263934, 21.736977602354013], [-102.77201834007951, 21.738022707970615], [-102.7729030824214, 21.73807525066371], [-102.7735151176193, 21.738733636278454], [-102.7768431898806, 21.73537862534443], [-102.77901754063116, 21.738419286684707], [-102.77960793794024, 21.738601034362997], [-102.78012185716094, 21.739278398621657], [-102.78008463316618, 21.739774543685186], [-102.78077357911135, 21.74002984881359], [-102.78103154356783, 21.740617994115006], [-102.78069802765376, 21.740818951863034], [-102.78071961640117, 21.741261706460683], [-102.77901624670216, 21.74286423372229], [-102.78039671939949, 21.744034068846695], [-102.7809453123255, 21.743517693001984], [-102.78445141805403, 21.745251012465147], [-102.7853422183626, 21.746881550769682], [-102.78546704334757, 21.74858987544034], [-102.78818616103533, 21.750086841925878], [-102.79053493902995, 21.752298958361404], [-102.79327578366978, 21.75684825973717], [-102.80192445311569, 21.76107207163608], [-102.806863532079, 21.76313779532681], [-102.8103965957089, 21.7650989812304], [-102.81063571146687, 21.765187932831964], [-102.81093592841476, 21.765311555646], [-102.81115524774751, 21.76539121441958], [-102.81140994556384, 21.765448766208028], [-102.81168794049108, 21.76548405093789], [-102.81188659973301, 21.765412182587944], [-102.81218984261582, 21.765296547847573], [-102.8124822118891, 21.765180768648992], [-102.81273838152275, 21.765141265171884], [-102.81291053868124, 21.76526319033296], [-102.81312989349863, 21.76534058951789], [-102.81335102752762, 21.76530062168283], [-102.81358393491251, 21.76528112678518], [-102.81375674290787, 21.765360167121223], [-102.8139303719453, 21.765385038002734], [-102.81409286578761, 21.765387186425688], [-102.81428776240128, 21.765563591038177], [-102.81443631722952, 21.76572809532542], [-102.81462063777968, 21.765805029503078], [-102.81493445695875, 21.76578885973028], [-102.81517932099518, 21.765737915541536], [-102.815515308582, 21.765773960270057], [-102.81579209867706, 21.765928870195374], [-102.81595080033897, 21.766181550120926], [-102.81609639354386, 21.766262486157377], [-102.81632861918119, 21.766288128631665], [-102.81665360944099, 21.766292420775258], [-102.8169297978117, 21.766447320992608], [-102.81704185180982, 21.76670841410356], [-102.81714256538217, 21.76696032739194], [-102.81733647762388, 21.767202183555682], [-102.81743787499674, 21.76740895555305], [-102.81746937044855, 21.76760351714751], [-102.81745379492185, 21.767874212632105], [-102.81748620187172, 21.768048468673438], [-102.81748391377214, 21.768199691581632], [-102.817398742887, 21.768437863100544], [-102.8173493832611, 21.768665219823532], [-102.81739317594898, 21.768805763564526], [-102.81753189927083, 21.768861775252983], [-102.81776270587108, 21.76894157750195], [-102.81788961045514, 21.769020007987347], [-102.81803851432835, 21.7691619390214], [-102.81817383455451, 21.769403021084237], [-102.81820528657907, 21.769640474707796], [-102.81835333787139, 21.769838832006105], [-102.8185723616616, 21.769938795341325], [-102.81868910048814, 21.77001031861603], [-102.81866321984624, 21.770163487787602], [-102.81867258110283, 21.770303576935397], [-102.81883387601195, 21.770425353297366], [-102.81904146773107, 21.77048227254803], [-102.81926027805672, 21.7706364125018], [-102.81939723959606, 21.77076915490578], [-102.81939379290772, 21.770997118012318], [-102.81931021678254, 21.771169843788574], [-102.81930728180488, 21.771363950967963], [-102.81925895778676, 21.771482961500368], [-102.81919785894543, 21.77168758886071], [-102.81924143910268, 21.77188230969916], [-102.81939082489939, 21.77199264098334], [-102.81987601041752, 21.772152551671926], [-102.81999052995154, 21.77225113504035], [-102.81997693672149, 21.772390921440877], [-102.81981197758113, 21.772551286511362], [-102.81975135663406, 21.77272431523253], [-102.8198059037959, 21.772953043293633], [-102.81994467627948, 21.772966161218044], [-102.82011977309098, 21.772934607867082], [-102.82033893928859, 21.773025541072613], [-102.8204879859975, 21.77315844213308], [-102.820637111087, 21.77324619388102], [-102.8207754989569, 21.773324773895677], [-102.82098257437502, 21.773456182113346], [-102.82115604449092, 21.77349233160331], [-102.82126007692573, 21.773525308118604], [-102.82133999408447, 21.773634722118654], [-102.8213255834835, 21.773828678208176], [-102.82122992550943, 21.774001245696894], [-102.82126040367642, 21.774263518840247], [-102.82135050337972, 21.77445885253566], [-102.82142912525244, 21.774654034904536], [-102.8215426589125, 21.774818072237967], [-102.82157438967198, 21.775037469134126], [-102.82153641875185, 21.775231114686918], [-102.82143682850987, 21.77570387945889], [-102.82139748328257, 21.776028442500536], [-102.82128853792311, 21.776320482839115], [-102.82114438279119, 21.77662334642712], [-102.82109411383372, 21.776871009906692], [-102.82108937258494, 21.777184741433246], [-102.82116765413703, 21.777402494574453], [-102.82126807388389, 21.777674719817927], [-102.82131244240834, 21.7778175279486], [-102.82134493321372, 21.77794663441826], [-102.82131982778954, 21.77808852664332], [-102.82123744279059, 21.778182255964023], [-102.82111981386997, 21.778289065621177], [-102.82093275461311, 21.7783520669901], [-102.8207237279301, 21.778349310647354], [-102.82057331127156, 21.77830669182227], [-102.82036329512715, 21.77836938976732], [-102.82033727739639, 21.77853158732011], [-102.82030089722144, 21.778659785535417], [-102.82032122634791, 21.778833881928886], [-102.82030810996162, 21.778942069393704], [-102.82034250087798, 21.778985415692066], [-102.8204681629175, 21.779106721127302], [-102.82054743381272, 21.779259019787634], [-102.8206629144075, 21.77929440543701], [-102.82067309625643, 21.779380325097325], [-102.82071828341596, 21.77946896391266], [-102.82084462854147, 21.779545127911064], [-102.82103182588573, 21.779473098539782], [-102.8211152352272, 21.779311657585207], [-102.82126677877464, 21.779279792999834], [-102.82135865467995, 21.779357759666155], [-102.82130920334055, 21.779551253623097], [-102.82130691791657, 21.77970247670738], [-102.82125808036315, 21.779855343531082], [-102.82122105239854, 21.78002642612429], [-102.82122809619325, 21.780319995357665], [-102.82131884698875, 21.78047244509468], [-102.82147920971593, 21.780616782508712], [-102.82158208755024, 21.780726499303846], [-102.8217439514907, 21.780771525806696], [-102.82190564502854, 21.78082783746671], [-102.82216143762885, 21.78093505445057], [-102.82231032317672, 21.781079239876934], [-102.82236473999507, 21.781316995726453], [-102.82246206133716, 21.781794613190765], [-102.8225046248603, 21.78205704543019], [-102.82259408237566, 21.782295263001533], [-102.82273139824558, 21.782405433018052], [-102.82292697516313, 21.78253894570091], [-102.8231122327323, 21.78259556681361], [-102.82322887564447, 21.782554210786497], [-102.82317220739785, 21.782465421256738], [-102.82305880292813, 21.782292356279324], [-102.82302703524466, 21.78207521658976], [-102.82307553107573, 21.781944919817555], [-102.82314616602312, 21.78186909498189], [-102.82333224085855, 21.781871546267357], [-102.8234824577102, 21.78192770532004], [-102.8236889093228, 21.782061360353214], [-102.82381582844333, 21.7821397873958], [-102.82400048181738, 21.782196399544045], [-102.82417460151963, 21.782230297654365], [-102.82424244239805, 21.782339551617035], [-102.82426229945733, 21.782545246795934], [-102.8242359009605, 21.782772908014984], [-102.82421982266847, 21.783077460562467], [-102.82426341172187, 21.78327218067563], [-102.82449202865864, 21.78365896822935], [-102.82482342017934, 21.784042593579425], [-102.82502853874067, 21.784304907933354], [-102.82527003590738, 21.784439022629083], [-102.82556867195709, 21.784670962115815], [-102.82568221741353, 21.784834997463378], [-102.82573483603113, 21.785192377184288], [-102.82569614276179, 21.785474057239206], [-102.82563474734091, 21.78565836538292], [-102.8257140268831, 21.785810662202106], [-102.82589933271846, 21.785824388398087], [-102.8261548910329, 21.785827751205836], [-102.82631693262641, 21.785861488458888], [-102.82640782817705, 21.786004907771677], [-102.82640473033813, 21.786210300856172], [-102.82630777485616, 21.786468639402703], [-102.82621108268515, 21.786749556469566], [-102.8262545476035, 21.786912669412395], [-102.8264861625404, 21.786981184721085], [-102.82682268070404, 21.786985611761416], [-102.8269617656316, 21.78701904649481], [-102.82716998898657, 21.787075965615117], [-102.82721388908423, 21.787250371682358], [-102.8271995256861, 21.787401436298293], [-102.82706990297092, 21.787541954861286], [-102.82688051021537, 21.78779907784836], [-102.82676046828975, 21.788025507704244], [-102.82667925428747, 21.788281795950454], [-102.82672117960638, 21.788587111973225], [-102.82685687059812, 21.78880561844442], [-102.82700546229906, 21.788970114174518], [-102.82726923837436, 21.789190305180796], [-102.82748618771181, 21.789430197614543], [-102.82756513069467, 21.78960506449031], [-102.82756203394027, 21.78981045764367], [-102.82748911671256, 21.790037507689814], [-102.8273367456255, 21.790123546737508], [-102.82723011305033, 21.79026211009593], [-102.82722766241491, 21.79042461891584], [-102.8272486470043, 21.790555830786356], [-102.82743408691734, 21.79060116265637], [-102.82778209311614, 21.79060573942225], [-102.82809518495071, 21.790641461606484], [-102.82831519955806, 21.79067821704922], [-102.82841842965315, 21.790765359800204], [-102.82846267217896, 21.7909171949948], [-102.82843740009672, 21.791070373831992], [-102.82827324272655, 21.791176576389507], [-102.8280852158604, 21.79130278254961], [-102.82800146551291, 21.79148679755856], [-102.82805504355683, 21.79178097905255], [-102.8281795999866, 21.791976763146987], [-102.82835214187959, 21.79207610490486], [-102.82856118952559, 21.792078853245652], [-102.82896780541726, 21.792084198250294], [-102.82923533096675, 21.792056109123244], [-102.82936341801727, 21.79205779242304], [-102.82944291649328, 21.79215591034525], [-102.82943914190504, 21.792406445085927], [-102.8292841845448, 21.792664023076153], [-102.82918838497636, 21.792845622842368], [-102.82917296017779, 21.79310729198835], [-102.82933385450123, 21.793217767343737], [-102.82955506363587, 21.793175524038148], [-102.82981145162829, 21.79312471258705], [-102.83004642089128, 21.79309167946725], [-102.83022008734292, 21.79311653614577], [-102.83033445998252, 21.79322639942705], [-102.8303295649542, 21.79355141761799], [-102.83024615573926, 21.793712863142765], [-102.83018635155697, 21.793831725894808], [-102.83017001812213, 21.79411370094153], [-102.83022394110071, 21.79438531138815], [-102.83044150693446, 21.79462520878815], [-102.83063521154148, 21.794844474871848], [-102.83067847157967, 21.795061764753687], [-102.83058280778167, 21.795234337011312], [-102.83033863606863, 21.795276279828652], [-102.8302667054573, 21.795437876062294], [-102.8302859252654, 21.795686455406493], [-102.83046781112337, 21.79592814164237], [-102.83084984724884, 21.796041520693564], [-102.83116162667807, 21.7961652638546], [-102.8314392124476, 21.796232119525044], [-102.83168297053548, 21.79625789528458], [-102.83175245385573, 21.796258807545332], [-102.83198463761295, 21.796250568129203], [-102.83204084059923, 21.796370954408935], [-102.83199221064552, 21.79651028216292], [-102.83180440970008, 21.79666132790419], [-102.83151120484277, 21.796829049548304], [-102.83139190114515, 21.79704646217124], [-102.8313545388104, 21.797240118050482], [-102.83140911035952, 21.797468843941694], [-102.83160754424932, 21.79773557916093], [-102.83183694424919, 21.79791242003646], [-102.83209136990544, 21.79799251588272], [-102.83253196789475, 21.798029904626105], [-102.83287023814573, 21.797959845990526], [-102.83314894894572, 21.79795221569073], [-102.83330000156958, 21.79795419763498], [-102.83358954735418, 21.797989601622906], [-102.83383412378569, 21.79796120468364], [-102.83413725418494, 21.79785681964697], [-102.83446129471692, 21.797969430215804], [-102.83456453370817, 21.79805656978904], [-102.8348666799383, 21.798017638597685], [-102.83507607637637, 21.797997808639956], [-102.8354827107275, 21.798003138987212], [-102.8358184426698, 21.79806171969154], [-102.83608533484036, 21.79807650476748], [-102.8363528713393, 21.798048404924526], [-102.83656209827741, 21.798039858461927], [-102.8369689026342, 21.79803389976427], [-102.83726004304441, 21.797963214647073], [-102.83763393786259, 21.797814599265955], [-102.83792764695133, 21.797613010124454], [-102.83833800722827, 21.797370054384427], [-102.83864228542534, 21.797188919902467], [-102.83899220116507, 21.797107713135425], [-102.83923616628779, 21.797119935470384], [-102.8418179969907, 21.798280202941086], [-102.84325500892683, 21.799739281081774], [-102.8434783200068, 21.80153467630622], [-102.84294792471927, 21.803859775529375], [-102.84388601018892, 21.802842595201604], [-102.8452582416175, 21.80088065378149], [-102.84586283607864, 21.800136783917722], [-102.84615777887282, 21.799973573842923], [-102.84660920841424, 21.79989367515748], [-102.84703760643198, 21.799858625594037], [-102.84748869798933, 21.799801295377517], [-102.84787306064908, 21.79967988326475], [-102.84839307223429, 21.79953991991232], [-102.84882116576354, 21.799525179464737], [-102.84931447425319, 21.799635451781906], [-102.84967270452985, 21.799766539102073], [-102.84996420579384, 21.799833545827497], [-102.85030196764907, 21.799837943248406], [-102.85082231500611, 21.799675401100874], [-102.85125323807925, 21.79947105793736], [-102.85154662535379, 21.799411664240672], [-102.85170338507959, 21.799476914785394], [-102.85183624174779, 21.79960506533738], [-102.85203488670396, 21.799860493766705], [-102.85353319347999, 21.79904017135868], [-102.85321206315295, 21.802460685612747], [-102.85301414393211, 21.80329114430017], [-102.85294719998747, 21.803484422175437], [-102.8517957923076, 21.805435760851353], [-102.8516230992166, 21.806356846510106], [-102.85336087170114, 21.807964244014236], [-102.85212884994121, 21.809402072746458], [-102.84989373313316, 21.811027747674597], [-102.85015066822501, 21.81126587793016], [-102.85116938591429, 21.8104348248247], [-102.85213861107194, 21.811623616070968], [-102.8513750701335, 21.81232480230087], [-102.85063191509492, 21.813319729412967], [-102.8498849810463, 21.813434164993062], [-102.84825734319936, 21.81771806592859], [-102.84764661888775, 21.819432596974274], [-102.84808896113864, 21.819964370743406], [-102.8476230487762, 21.821008045304477], [-102.84693206412932, 21.821581472661318], [-102.8491477217695, 21.824181697600068], [-102.84928296132246, 21.82455595318907], [-102.849348452456, 21.824703546420913], [-102.84968532769643, 21.824771148411887], [-102.84999893512439, 21.824858764291296], [-102.85028950517112, 21.825031865614104], [-102.85048726733694, 21.825348239307175], [-102.85059589533651, 21.825602498170916], [-102.85061228531552, 21.826002294817087], [-102.85045013181691, 21.826336554245625], [-102.85021999097982, 21.82664960970603], [-102.85001409618928, 21.826877194595443], [-102.84976223409508, 21.82714707310026], [-102.84950972977508, 21.82745983584708], [-102.84901227656367, 21.827620407371402], [-102.84842322557735, 21.827842993439734], [-102.84810143973846, 21.82830158940246], [-102.84786720329099, 21.82888774840528], [-102.8478625079377, 21.829201483530372], [-102.84794752268495, 21.829538964366613], [-102.84794279357266, 21.829854956570724], [-102.84809769170155, 21.830046609785285], [-102.84797964118418, 21.830422076795], [-102.84806590649738, 21.830676045384244], [-102.84815345564729, 21.830844244634058], [-102.84810339998855, 21.831159645481865], [-102.84787702562568, 21.831260538191962], [-102.84789151530123, 21.831786731135423], [-102.84795416976581, 21.832123920222706], [-102.84794724408205, 21.83258662294587], [-102.8478732714202, 21.833005557759915], [-102.84759839027598, 21.83331802440078], [-102.84761760922055, 21.833528225197714], [-102.84804235815203, 21.833743717894265], [-102.84855969248994, 21.83379110282026], [-102.84923477065936, 21.833799907835527], [-102.84990825941794, 21.83395542875296], [-102.85069635588869, 21.833965701202278], [-102.85164094792673, 21.834020901618857], [-102.85211292405363, 21.83406994219453], [-102.85267400534718, 21.834223988097392], [-102.85296527349533, 21.83431130891288], [-102.85330500429347, 21.834189309527684], [-102.85375775395971, 21.834028144623687], [-102.8543226122855, 21.833888754784947], [-102.85475303210954, 21.83372503894838], [-102.85529239552977, 21.833795264748662], [-102.8556308795228, 21.83371613729322], [-102.85590510573539, 21.833446540768634], [-102.85640193318004, 21.833369470069808], [-102.85685437468625, 21.833228610044895], [-102.85716988961629, 21.833189816465982], [-102.85746051902865, 21.83336064995995], [-102.85775397523778, 21.83330125087128], [-102.85827191927002, 21.833307977617242], [-102.85871025486459, 21.833302381492885], [-102.8588678257475, 21.833396986276195], [-102.85888517889376, 21.833733584830362], [-102.85896961670167, 21.83411168997691], [-102.85896585191702, 21.834364485433266], [-102.85914219073776, 21.834619618935594], [-102.85936513549147, 21.83478957075329], [-102.85969891589583, 21.835026429397924], [-102.85991998031315, 21.835322778350942], [-102.86009507878609, 21.83566142387036], [-102.86020312571546, 21.835956305989924], [-102.86019781722797, 21.836312928357902], [-102.86019311341397, 21.83662892284729], [-102.86027879885297, 21.836923514789223], [-102.86043308293759, 21.83715804318554], [-102.86045171606081, 21.837408871829943], [-102.86058273179424, 21.837663416084848], [-102.86080568282279, 21.83783336641714], [-102.86098421205995, 21.83794178668639], [-102.86104783953101, 21.83821577436115], [-102.86104313713281, 21.838531768953754], [-102.8611071009537, 21.83874254986016], [-102.86119309145516, 21.839016827572657], [-102.86119030369154, 21.839204167225212], [-102.86134647223795, 21.83931229718076], [-102.86147997612768, 21.83944045092211], [-102.86165696309928, 21.839652697465382], [-102.8618569512912, 21.839822348843196], [-102.86203518157953, 21.839951082161384], [-102.86214571951916, 21.840078937653892], [-102.86216432198138, 21.840332023400777], [-102.86229722322123, 21.84050080449991], [-102.86243076247746, 21.84058606476889], [-102.86249439346236, 21.840860052122185], [-102.8626269598633, 21.841051404074516], [-102.86282785736955, 21.841160112634356], [-102.86302784901044, 21.841329762844392], [-102.86322408242515, 21.84175220878221], [-102.86355070450833, 21.842512717880677], [-102.86381648030202, 21.842811899613324], [-102.86397050749898, 21.843064482380726], [-102.86423534582903, 21.843426862583176], [-102.8646145185921, 21.843662043447182], [-102.86504244441785, 21.843667585484255], [-102.86535610411676, 21.843755176064736], [-102.86576042666516, 21.843843939760273], [-102.8660973568039, 21.84391151232939], [-102.86647867904904, 21.84400223416064], [-102.86694915542802, 21.8441550623751], [-102.86742696016194, 21.844506648094555], [-102.86782753534017, 21.84484820357627], [-102.86867780304956, 21.845195572564535], [-102.87344662363095, 21.847223483440683], [-102.87349396804498, 21.848966923505845], [-102.87523056259842, 21.850172275310168], [-102.8755910312501, 21.85151113519101], [-102.87622313684422, 21.85206109407116], [-102.87174824713549, 21.858579606762405], [-102.87061156819927, 21.859519863220676], [-102.86821390420295, 21.860118714453296], [-102.86604091637444, 21.862440684734015], [-102.86481898229343, 21.86630330319968], [-102.86351864987999, 21.865922980281237], [-102.86352408370448, 21.867060848875614], [-102.86506059012468, 21.867457778791568], [-102.86487571450586, 21.870049292420255], [-102.86031707354978, 21.87574232428255], [-102.86263561793794, 21.87929644202707], [-102.85870618969476, 21.880687947086955], [-102.85804039255558, 21.88129784894277], [-102.85771511949133, 21.883318617665417], [-102.85790469886123, 21.88609106850456], [-102.85662677238471, 21.88642660755296], [-102.85728551196331, 21.88851662110622], [-102.85583224349875, 21.889091424503086], [-102.85573871144472, 21.890250572417468], [-102.85476187569125, 21.89175941213426], [-102.85545746770686, 21.893244896457947], [-102.85502824520951, 21.89416488594629], [-102.85397092562505, 21.89527083052113], [-102.85159106807909, 21.895646129769144], [-102.85103463007364, 21.898715857400912], [-102.85131512346258, 21.899852793239013], [-102.85008147730949, 21.901218275909], [-102.84944287597901, 21.903754146010844], [-102.84950971161382, 21.905425578582644], [-102.84904198750267, 21.906527901195787], [-102.84825711042275, 21.90708201328548], [-102.84759650751256, 21.90890421004098], [-102.84431931760584, 21.911139112857953], [-102.84282354338669, 21.91114433261101], [-102.84062160970066, 21.911573708459674], [-102.83968269937705, 21.912191220017878], [-102.84614148300626, 21.91376137690753], [-102.84618611906296, 21.914895229591664], [-102.84445898253746, 21.916003607972375], [-102.84416965638806, 21.917383664492412], [-102.84456955205356, 21.91870277424732], [-102.84366801504, 21.9196074988498], [-102.84335958845753, 21.921170159496494], [-102.84287015168758, 21.92173940095713], [-102.843694249163, 21.925574419298123], [-102.83970976813161, 21.932678362761987], [-102.83971364715322, 21.933543034225387], [-102.84007092687851, 21.93423852417905], [-102.83824576743126, 21.940011763244232], [-102.83596407442408, 21.940444509412426], [-102.83375785377486, 21.94004746301793], [-102.83294305162254, 21.942878891431683], [-102.82336603168397, 21.95437374525677], [-102.8216194119791, 21.96036673900016], [-102.82195902141451, 21.961504494465242], [-102.80605193484523, 21.995278543361533], [-102.80329375114117, 21.99978809659987], [-102.80176370312348, 22.001133336297094], [-102.79050988905784, 22.016194810465333], [-102.78940192568577, 22.01617986447522], [-102.78808811491466, 22.016442051919686], [-102.78657714584253, 22.01642164514347], [-102.78445497451136, 22.016862502375325], [-102.78353973353259, 22.017414475940807], [-102.78271970819081, 22.01834246308309], [-102.78260403601791, 22.019279980941384], [-102.7825850606758, 22.020498726571088], [-102.78247438263959, 22.02115413510699], [-102.78196068374662, 22.021804086563687], [-102.78164057232547, 22.022926199339736], [-102.78192851690778, 22.02386918167179], [-102.78191533267962, 22.024715531962766], [-102.7821045694929, 22.025467554872105], [-102.78239252076202, 22.026410536800586], [-102.78178209952337, 22.026779257463946], [-102.78157034877734, 22.027433295299435], [-102.78176311000817, 22.027998001299444], [-102.78135275694909, 22.028461983387007], [-102.78023943311882, 22.028823883145062], [-102.77936289301844, 22.029139323091133], [-102.77833548366524, 22.029658135127107], [-102.77750018132375, 22.030123112548026], [-102.77678703019761, 22.03094415608099], [-102.77626911971501, 22.03147212780929], [-102.77573883111107, 22.032830653207167], [-102.77585385637511, 22.033604247034884], [-102.7752097607608, 22.034071807713644], [-102.77437350473389, 22.034595445846023], [-102.7741664870843, 22.035601688969496], [-102.77326017484118, 22.036539729141108], [-102.77217066925557, 22.03699895979229], [-102.77120297686636, 22.037757817324], [-102.77005546346827, 22.037861832068025], [-102.76884319300837, 22.037964956053088], [-102.76806640575926, 22.038785087267225], [-102.76798795411152, 22.0397343793483], [-102.76734196420026, 22.040319263433947], [-102.76688101260376, 22.04126333665603], [-102.76699507041482, 22.042095612086406], [-102.76685770106263, 22.042748380855205], [-102.76512803313554, 22.043377157433778], [-102.76365591710875, 22.043833357905783], [-102.76205300331891, 22.04452252384555], [-102.76166173178852, 22.045113122226653], [-102.7606836607366, 22.046524150334644], [-102.75870065128451, 22.0470906947614], [-102.75736216346003, 22.047131049444328], [-102.75617078200645, 22.04751653138481], [-102.75584683828718, 22.047866497320378], [-102.7550132489627, 22.048211728875437], [-102.75455935034358, 22.04874049894062], [-102.75422691722703, 22.04962759957609], [-102.75409172601006, 22.05009979250675], [-102.75402347017841, 22.050396828911254], [-102.7533203856828, 22.05056550924997], [-102.75261387664254, 22.050912471753268], [-102.75222072836418, 22.051618143270378], [-102.75182564894469, 22.052445684973375], [-102.75156334299493, 22.052916128224457], [-102.7518059500757, 22.05369148257689], [-102.75179374463809, 22.054463335336457], [-102.75178339457622, 22.05511783030449], [-102.75247244539636, 22.05583836947184], [-102.75258888195887, 22.056553298048378], [-102.75232371467646, 22.05720429223291], [-102.75224702803636, 22.058033950531442], [-102.75255227152722, 22.058868856529376], [-102.75260080252043, 22.059819875856483], [-102.7522758560241, 22.060230766855607], [-102.75193866299364, 22.0614157660914], [-102.75198533266081, 22.062484142680738], [-102.75235035414157, 22.06355915190302], [-102.75239231391271, 22.064925436251983], [-102.75174424855918, 22.065629856501815], [-102.75110182062595, 22.065977687335383], [-102.74976658706812, 22.065839679939113], [-102.7484297862478, 22.0657625890305], [-102.7467727357058, 22.06579845799431], [-102.74588487830503, 22.065549199813383], [-102.74480825212339, 22.065177693992446], [-102.74410731095946, 22.065168026694906], [-102.74340697548543, 22.065158364750793], [-102.74270757256325, 22.065090021395598], [-102.74175180080412, 22.065076826511806], [-102.74053710205735, 22.065355762412278], [-102.74002427380314, 22.065585698555566], [-102.73932333294667, 22.065576010594494], [-102.73818256605657, 22.06520357560844], [-102.7373374037249, 22.065088046421536], [-102.73669588323433, 22.06537713969391], [-102.73630448226167, 22.065965405418197], [-102.73628934451179, 22.066915540040114], [-102.73659450530155, 22.067750468704723], [-102.7365195855514, 22.0684627541196], [-102.73618605013168, 22.06940848081554], [-102.73610547990998, 22.070475091187536], [-102.73590376657614, 22.071126929163206], [-102.73557496828664, 22.071774749348705], [-102.73555507189685, 22.073022786871604], [-102.73579667752198, 22.07385683683061], [-102.73552858914917, 22.07468382744844], [-102.73538664768867, 22.07557351319222], [-102.73536771759123, 22.076760615090112], [-102.73535443696605, 22.077593391784834], [-102.73534119170267, 22.078423911540167], [-102.73531941483638, 22.079789303873103], [-102.73505378664363, 22.08049894436883], [-102.73466741543535, 22.080730611107317], [-102.73382980202292, 22.08131268133375], [-102.73331023891757, 22.08196010615759], [-102.73260922055137, 22.081950382603395], [-102.73197900545908, 22.08152628779706], [-102.73109584683041, 22.080979040701283], [-102.73020699481256, 22.080788369838938], [-102.7295037379513, 22.0809569320201], [-102.72930201158485, 22.081606500406682], [-102.72923083167964, 22.08208180982242], [-102.72922039942567, 22.082734035528148], [-102.72915019302582, 22.0831484102043], [-102.72863191090633, 22.083676196955484], [-102.72786638280304, 22.083724246607524], [-102.7269111009181, 22.08371096282719], [-102.72583154729782, 22.083517614883807], [-102.72519217239439, 22.083628355350633], [-102.7249274626594, 22.084277039777845], [-102.72453151573193, 22.085104482861652], [-102.72426239508167, 22.08599012408727], [-102.72375497825779, 22.08708463446985], [-102.7230360665199, 22.087736016381488], [-102.72242010031862, 22.087858357252763], [-102.72199721705907, 22.08772153745819], [-102.72176959178304, 22.087190149238236], [-102.72149757380124, 22.08648207022519], [-102.72117623704935, 22.08590422819571], [-102.72076256536825, 22.08519417291097], [-102.72001622403982, 22.084612658324556], [-102.71950379813583, 22.08420821910266], [-102.71903229561897, 22.084158749809497], [-102.71859600718203, 22.084856945459467], [-102.71844303164073, 22.085559095256748], [-102.71795810061253, 22.08634464509224], [-102.71766345950903, 22.087044815284315], [-102.71746608668903, 22.087570272175892], [-102.71707344167609, 22.088490289475573], [-102.71692186896766, 22.08910442079348], [-102.71690629351232, 22.090072594426502], [-102.71666383388545, 22.090464237681473], [-102.71618454011895, 22.09089771663535], [-102.7156551883079, 22.091506565077665], [-102.7153583791895, 22.092339880720495], [-102.7149213539596, 22.093080941631197], [-102.71415515019885, 22.09373161744879], [-102.71325010956043, 22.094204275071075], [-102.71212367304807, 22.09473703163979], [-102.71145890567338, 22.094991826295576], [-102.71079283884576, 22.0952894888203], [-102.71054536348308, 22.09599030260333], [-102.7103458004288, 22.096648898405814], [-102.70962397445916, 22.0974739848816], [-102.7084348267266, 22.09798777514175], [-102.70724713009258, 22.09841128408066], [-102.70601151007196, 22.098876999649203], [-102.70491682353018, 22.099389831710063], [-102.70349856223815, 22.099503078328784], [-102.70250258777102, 22.09975317650851], [-102.70116821637568, 22.100481568558738], [-102.70026239895974, 22.10099702533898], [-102.6992621267722, 22.101511146039055], [-102.69836200982961, 22.10167453299496], [-102.69778744264593, 22.10215175390716], [-102.6972428264582, 22.1023878640297], [-102.69671404795129, 22.1029537608076], [-102.69595346759341, 22.10325002456008], [-102.69486014660525, 22.103674768609217], [-102.69423976615836, 22.10406329438504], [-102.69375823150679, 22.104627589911605], [-102.69337397008157, 22.105019446229], [-102.69280153956545, 22.105363497219], [-102.69199431946724, 22.105659081941127], [-102.69127660597897, 22.106222288020607], [-102.6910827061068, 22.106526537807355]]]}}, {"type": "Feature", "properties": {"AREA": 133568000.0, "PERIMETER": 84873.9, "MUNAGS84_": 9.0, "MUNAGS84_I": 9.0, "NOMBRE": "SAN FRANCISCO DE LOS ROMO", "SUP": "133.567 Km²", "AREA_KM2": 133.568212703, "edo": "01", "Shape_Leng": 84873.9342329, "Shape_Area": 133568212.703, "NOM_MUNIC": "San Francisco de los Romo"}, "geometry": {"type": "Polygon", "coordinates": [[[-102.14092096486876, 22.075340663396027], [-102.13854752753603, 22.060267990579675], [-102.13904847645559, 22.058142021298547], [-102.13982374533536, 22.05501440621551], [-102.1418547499703, 22.046436483711492], [-102.14367287023003, 22.038831900186413], [-102.1446211501998, 22.034849748264065], [-102.14352325454571, 22.034198741879838], [-102.13905905706238, 22.031600151685428], [-102.13469539113163, 22.029095733206216], [-102.13484015102567, 22.029028312601802], [-102.13488805889999, 22.02890278200027], [-102.13495766523569, 22.028811480000158], [-102.13513906315697, 22.02878757554446], [-102.1352591722324, 22.028832552698088], [-102.13545401157312, 22.02889237700839], [-102.1355822418971, 22.02889462080246], [-102.13565784940715, 22.02889594374733], [-102.1357716846987, 22.02886183004152], [-102.13596965694607, 22.028766003685995], [-102.13611396204917, 22.028721139836247], [-102.13714279958673, 22.028590200276472], [-102.13879902649288, 22.02840252275173], [-102.13893206505382, 22.028346176395807], [-102.14137622388228, 22.02685664276413], [-102.14151785272438, 22.02694486652153], [-102.1416549306246, 22.027048806921513], [-102.14191039273001, 22.027102912179448], [-102.14212880697706, 22.027133804311642], [-102.14240637742678, 22.027201834370643], [-102.14264771519413, 22.027206046729724], [-102.14285989706298, 22.02715559143645], [-102.14297572232329, 22.02702221661936], [-102.14307792029683, 22.026814135992225], [-102.14321040594021, 22.026604327178987], [-102.1433287206557, 22.02634688227938], [-102.14349212717487, 22.026103763622665], [-102.14375884701492, 22.025988817004517], [-102.14436514341581, 22.02583691770281], [-102.14471526988854, 22.0256963449022], [-102.14496599055622, 22.025594656762532], [-102.14537000477473, 22.025391837156576], [-102.14576561204649, 22.02521594917133], [-102.14608553865814, 22.02507259007494], [-102.14626134661967, 22.024965080713674], [-102.14642387595907, 22.024825747191173], [-102.14706948585906, 22.024523329487884], [-102.14734184814623, 22.024519048662448], [-102.1473805584002, 22.024519723109027], [-102.147505428283, 22.024508358988378], [-102.1477540207381, 22.024512689791024], [-102.14792531106656, 22.024479567903263], [-102.1480193336806, 22.02446766603648], [-102.14811320341083, 22.024433195343597], [-102.14817523155301, 22.024447815421027], [-102.14824465347178, 22.02445579442447], [-102.14826182575543, 22.024383881970813], [-102.1483866781886, 22.024343180909632], [-102.1485590249888, 22.02428751061056], [-102.14866062195176, 22.024259943987598], [-102.14882465370682, 22.024226694701973], [-102.14899666649448, 22.02415747842328], [-102.14910626186338, 22.02412328094355], [-102.14919359587677, 22.02405258998632], [-102.14930317359128, 22.02398905609222], [-102.14941276877684, 22.02395485838472], [-102.14946078754505, 22.023883482777553], [-102.1495559842398, 22.02381292848228], [-102.14961026724612, 22.02379130736004], [-102.14968842787205, 22.0237858981791], [-102.14972044943858, 22.02372778367274], [-102.14980660853126, 22.023715743828955], [-102.14995608785719, 22.0236235680509], [-102.14999651424759, 22.02353852041126], [-102.15014572229386, 22.023459879391453], [-102.1502967817567, 22.02328874926519], [-102.15039223082789, 22.023175323127326], [-102.1504855122193, 22.023170176685746], [-102.15068667209457, 22.023216553022888], [-102.15076442605087, 22.023231445750493], [-102.15084952846023, 22.02324195308186], [-102.1509498150407, 22.023279803958438], [-102.15103529660631, 22.023301600869768], [-102.15118256264935, 22.02331995949637], [-102.15136099183536, 22.02332306385535], [-102.15156301000282, 22.02332657838711], [-102.15167188208598, 22.02332847234309], [-102.15178979071568, 22.023271851397343], [-102.15188424572516, 22.023208052547382], [-102.15205017142385, 22.02308005488675], [-102.15215375280853, 22.02295322932559], [-102.15225243195161, 22.02279923901767], [-102.15327705974241, 22.022483076550177], [-102.1543868148161, 22.019663538022396], [-102.1570686464283, 22.01816433020938], [-102.15719681157083, 22.018078546680215], [-102.15725362651621, 22.018020860655774], [-102.15755554250526, 22.017626678430698], [-102.15801081572575, 22.017885065145222], [-102.15797695893619, 22.017974742646004], [-102.15786841998003, 22.01825945052203], [-102.1577433250192, 22.01855515406769], [-102.15766585647674, 22.018829117836727], [-102.15754409396169, 22.019382134243035], [-102.15743821675683, 22.01989706356746], [-102.15752237288454, 22.02059130822197], [-102.15758543080865, 22.021251337260523], [-102.15779937536283, 22.02644528741489], [-102.17110985490528, 22.02574157000207], [-102.16695398166172, 22.03790970331541], [-102.17734661335624, 22.03957641626189], [-102.17890605837466, 22.032862688681487], [-102.1876137309554, 22.035517432437185], [-102.19614075106054, 22.03642649075531], [-102.20799355695112, 22.037931233644258], [-102.2093461951691, 22.028853054202546], [-102.22298906805244, 22.031508758932357], [-102.22303989000433, 22.023787142404498], [-102.22320029247571, 22.019813528307562], [-102.22343765638367, 22.01071169519423], [-102.22684322697157, 22.01093637875715], [-102.22730587020959, 22.010014439435185], [-102.22916171051345, 21.999238367341054], [-102.22616988437323, 21.99728985072417], [-102.22559817417937, 21.997228269307605], [-102.21866746599942, 21.99661658135711], [-102.21799257853469, 21.988232713183734], [-102.21817289758751, 21.97340236480102], [-102.22759841926246, 21.97493628642431], [-102.228249772543, 21.972512278721574], [-102.2282958664328, 21.97185183449683], [-102.22867903325785, 21.969064470225412], [-102.22906372216346, 21.965667809931862], [-102.22911163480326, 21.965442945392944], [-102.22943704763098, 21.964507380920125], [-102.23003595561131, 21.961414476829777], [-102.23054101454586, 21.96097616640612], [-102.23239763851399, 21.95917501248765], [-102.23462738537162, 21.95699872994536], [-102.2349746017884, 21.956808242545026], [-102.24237217767705, 21.9531007203512], [-102.2484591405374, 21.950099805267186], [-102.2494102019294, 21.952029480520608], [-102.25022264199063, 21.951672980745307], [-102.25028971491332, 21.95161317142628], [-102.25031404199012, 21.951480429536645], [-102.25035952642945, 21.95137963675618], [-102.25043691736448, 21.951349338163926], [-102.25055822634428, 21.951331058893206], [-102.25071257394066, 21.951293021888326], [-102.25089007586026, 21.951183155835913], [-102.25103492964202, 21.951072742899765], [-102.25129020920157, 21.95094386774274], [-102.25144611866257, 21.950824612411378], [-102.25166853562577, 21.950674875480995], [-102.25181455995435, 21.95050354853482], [-102.25194775163013, 21.95040196653231], [-102.25213769326814, 21.950242658187957], [-102.25229420867377, 21.95009181725239], [-102.25238365249463, 21.95000078651946], [-102.25257164100363, 21.94994299963159], [-102.25277068813698, 21.94984477565698], [-102.2529839414588, 21.949762586516623], [-102.25324931902627, 21.94967449880076], [-102.25347112533662, 21.949556343695487], [-102.25372406123687, 21.949517696039525], [-102.25397634668538, 21.94951288871196], [-102.25441844021017, 21.94935553775586], [-102.25479419975298, 21.949219644165936], [-102.25512608191315, 21.94910107031357], [-102.25662798544008, 21.948616140683683], [-102.25675995951548, 21.948577723738143], [-102.25709162242873, 21.94847042585162], [-102.25738359900066, 21.948351180441726], [-102.25774712915026, 21.948285035470754], [-102.25807719060471, 21.948229614652057], [-102.25835305594495, 21.94816200429227], [-102.25853054878351, 21.948052128922466], [-102.25867656254199, 21.947880794689475], [-102.25889974709185, 21.947690437591053], [-102.25910017093672, 21.947551606165806], [-102.2592875929856, 21.947491544798122], [-102.25956224511292, 21.94748710187079], [-102.25969348103298, 21.94751863032772], [-102.25996674900624, 21.947586380668696], [-102.26018681718193, 21.947558457989], [-102.26048440316056, 21.94746186808574], [-102.26072839744126, 21.947353099630583], [-102.26075310300486, 21.947200050493066], [-102.26076614767979, 21.947087428921776], [-102.26080216712532, 21.946943595643702], [-102.26084043181825, 21.946808826940394], [-102.26088573350486, 21.946748649482377], [-102.26103096485082, 21.946617921833774], [-102.26106599013563, 21.946494382934137], [-102.26111306437627, 21.94634170679899], [-102.26112727602006, 21.946168171441762], [-102.2611844541326, 21.94605628591842], [-102.26125108843996, 21.945987436994773], [-102.2613953675196, 21.945906342303644], [-102.2614737047083, 21.94582640452754], [-102.26153144438334, 21.94568519000237], [-102.26163236731284, 21.945562749870067], [-102.26175600503198, 21.94542263415649], [-102.26190067227768, 21.94532123434268], [-102.26199127422375, 21.94516928362156], [-102.26210346711667, 21.94505831497047], [-102.26218119837407, 21.94500996167901], [-102.26229200853383, 21.944939591974368], [-102.26242635444929, 21.944808681314786], [-102.26250546826617, 21.944688133721225], [-102.26262677137143, 21.944638249755805], [-102.26273740785406, 21.944608498974983], [-102.26277178289068, 21.944518800484584], [-102.26287231473513, 21.944448258999476], [-102.26293998408278, 21.944356858621113], [-102.2630183195407, 21.94427691991714], [-102.26316255275556, 21.944198079442522], [-102.26330544687954, 21.944157581904815], [-102.2633721222725, 21.944118070869408], [-102.26348409730386, 21.944018381407346], [-102.26356126603949, 21.943999356240482], [-102.2636287187683, 21.943919235849474], [-102.26376073032505, 21.943878556539914], [-102.2638557337092, 21.94384403086843], [-102.26399258162884, 21.943835026986804], [-102.26405627705856, 21.943793209204358], [-102.26413508658436, 21.943783238242286], [-102.26423026257274, 21.94377128310799], [-102.26432008379629, 21.943723130082795], [-102.26447882547006, 21.943676125080813], [-102.26464244675796, 21.943626944404535], [-102.26485935592444, 21.943542542453173], [-102.26507535831044, 21.943505517689925], [-102.2653219347129, 21.943514137585815], [-102.26557390911951, 21.94352510378643], [-102.26579487776004, 21.943512985454465], [-102.266026469252, 21.94348298933919], [-102.2662273136761, 21.943416372371168], [-102.266512710297, 21.94332408104104], [-102.26675626160252, 21.943206268006332], [-102.26704742385063, 21.94426729291967], [-102.26699319934019, 21.94501564570284], [-102.2669421947513, 21.947271589264993], [-102.26683274508062, 21.948820183480642], [-102.2663903456067, 21.951870770009684], [-102.2743143924023, 21.953740259597783], [-102.27265028018752, 21.95717680578459], [-102.27588157921129, 21.957760814044498], [-102.27898861204635, 21.958297564551675], [-102.27797866578604, 21.960988983995694], [-102.27999095663074, 21.96130670491888], [-102.28304387829864, 21.961768014563926], [-102.28548317864154, 21.962151415840435], [-102.28701164994581, 21.962404629243768], [-102.29005608709497, 21.962901780794898], [-102.28996894839312, 21.965389614152667], [-102.28995736665213, 21.966414018924937], [-102.28995944587474, 21.966718723877875], [-102.29001844525824, 21.966988259816166], [-102.290046381854, 21.967205375871966], [-102.29003393347098, 21.967415054469225], [-102.29002465934376, 21.967489376331567], [-102.290014956926, 21.967586259310355], [-102.28994606401396, 21.967837885174603], [-102.28987623357546, 21.968170740978152], [-102.28983990222493, 21.9683958227519], [-102.28976355028863, 21.96900841622843], [-102.28967112139617, 21.970945496258786], [-102.28962981886872, 21.971432286588186], [-102.28957510239826, 21.97176539163701], [-102.28953662939662, 21.972963126116188], [-102.2892951107588, 21.977684909388035], [-102.28918863046135, 21.980901368621044], [-102.28474526603586, 21.981674165981776], [-102.28480228292773, 21.982047483502132], [-102.28496086775162, 21.982551120736755], [-102.28502028991153, 21.982798096735493], [-102.28512060923089, 21.98296224785673], [-102.28519042673783, 21.9830762441698], [-102.28529921283686, 21.983240535379245], [-102.28540146846582, 21.983334757332173], [-102.28429825185012, 21.98500909701892], [-102.28086944300152, 21.985390094194898], [-102.27956027450314, 21.988787432628406], [-102.27869376041252, 21.991239733820564], [-102.27745270695094, 21.992584490301244], [-102.27487938087795, 21.995358210059365], [-102.2763985360871, 21.995577543940716], [-102.27562698421796, 21.99644261456802], [-102.27466576873516, 21.998588641713145], [-102.27386867563125, 22.00031311393123], [-102.27377294615903, 22.000478523963736], [-102.27499236442672, 22.000112893319358], [-102.27796626174471, 21.999273137352784], [-102.27815056406307, 21.999443201237938], [-102.27836679417015, 21.999652160709143], [-102.27856142060172, 21.999788543704646], [-102.27877963505576, 21.999925318162834], [-102.2789036680138, 21.999988311123577], [-102.27911008838049, 22.000109091783834], [-102.2807100680802, 22.001264047255763], [-102.28116232454131, 22.00162812546668], [-102.28126113441058, 22.001744861573446], [-102.281439484118, 22.001941905165918], [-102.28147214906963, 22.0020056374592], [-102.28162777434132, 22.00218876310899], [-102.28164946655015, 22.002256826958966], [-102.28165932286448, 22.00234274887638], [-102.28166326005615, 22.00242180220468], [-102.28165618131686, 22.002507443199228], [-102.28168318788134, 22.002582365605548], [-102.28177746142437, 22.00268322862872], [-102.28187847186253, 22.002748094542074], [-102.2820413514945, 22.002868149802747], [-102.28212533859168, 22.00290565161866], [-102.28228912217484, 22.00297832883075], [-102.28249316615862, 22.003002023922182], [-102.28269142009512, 22.003012081941982], [-102.28289113924684, 22.0029770279777], [-102.28310321028768, 22.002897042504905], [-102.28335592806683, 22.00274776970133], [-102.28360877435647, 22.002591728180445], [-102.28398347941244, 22.002295527322094], [-102.28438798826726, 22.001959196875575], [-102.284470130031, 22.002125304765638], [-102.28447994211129, 22.002181887468847], [-102.28448444271766, 22.002263207004237], [-102.2844663039203, 22.00232609694892], [-102.28443628651985, 22.00240910128572], [-102.28433252343068, 22.00248862671939], [-102.28420491697229, 22.002612893006646], [-102.28407186685759, 22.00273706895262], [-102.283968533323, 22.002794033198867], [-102.28378039783355, 22.002887957415634], [-102.28350546114264, 22.004900981557892], [-102.28273977961597, 22.01100872969329], [-102.28217973522332, 22.01559428194298], [-102.28153920898623, 22.021318173457743], [-102.28051518945509, 22.02120187231543], [-102.27904660749061, 22.033199407091942], [-102.28185855546967, 22.03314456905056], [-102.28639735617547, 22.03316571129154], [-102.29213298853927, 22.03313205572365], [-102.30084802162331, 22.03305482365843], [-102.30642287667818, 22.033045095918162], [-102.30812308195445, 22.02774920167786], [-102.30957446145729, 22.025653891981733], [-102.30897911303173, 22.027377355589795], [-102.30962056323405, 22.032594409164705], [-102.30647006969612, 22.035794687832208], [-102.31038527293032, 22.03724702250013], [-102.30492807312105, 22.04499520030584], [-102.30292831699062, 22.047683974293587], [-102.29919742570426, 22.043591756381318], [-102.2982413712709, 22.042659706917274], [-102.29784159442119, 22.042932950705705], [-102.29763855664318, 22.043107885997546], [-102.29752717898471, 22.04330013252247], [-102.29747570612487, 22.043556559102825], [-102.2974575798351, 22.043714236637957], [-102.29747133304613, 22.0437866818036], [-102.29755982622014, 22.044002540588053], [-102.29761990789065, 22.044089291768536], [-102.29766395930741, 22.044191575882426], [-102.2976683898933, 22.04434059872183], [-102.29761777893614, 22.044583498668036], [-102.29759204463838, 22.044727509674733], [-102.29758947220576, 22.044862875963915], [-102.29752480740274, 22.045049123405878], [-102.29750680466374, 22.045168437136944], [-102.29746594474709, 22.045312198269247], [-102.29746418678678, 22.045404698550872], [-102.2974613140024, 22.04555585754515], [-102.29757510909114, 22.04561867103217], [-102.29772096529939, 22.045650418583495], [-102.29789720095569, 22.04567589727959], [-102.29810352085794, 22.045742495228364], [-102.2983252235635, 22.045795806053334], [-102.29852337865645, 22.045878066380816], [-102.29860670941207, 22.045951660278952], [-102.29865948440607, 22.046008951963667], [-102.29845113620269, 22.04846995236757], [-102.30013311505415, 22.05060106999783], [-102.3000970736894, 22.050873549788157], [-102.29831714259146, 22.05029801496297], [-102.29782008539361, 22.05014762623046], [-102.29751367163414, 22.050092914809202], [-102.29735199898543, 22.050097014391284], [-102.29723605155186, 22.050115410128182], [-102.29697076008395, 22.050221610677777], [-102.29616714698547, 22.0508515213688], [-102.29528453666873, 22.051561366432182], [-102.29469857901366, 22.052075256419368], [-102.29403163490007, 22.052646481192447], [-102.293492421268, 22.05308892151857], [-102.29304702234255, 22.053467464983473], [-102.29275169493684, 22.05365666253962], [-102.2925046245598, 22.053695452394745], [-102.29206838944442, 22.05371982630836], [-102.29170363251309, 22.053709273699173], [-102.29137098299375, 22.053665399920806], [-102.29092635429136, 22.053590332486753], [-102.2905937484747, 22.053544201088418], [-102.29032556109976, 22.05329376725729], [-102.28993292199665, 22.053666405035333], [-102.2896589018645, 22.05391236963102], [-102.2894898065737, 22.054083341240503], [-102.28923808023237, 22.054270997630013], [-102.28894675651466, 22.054345157300233], [-102.2885714650834, 22.05447434448463], [-102.28817560141756, 22.054603189669965], [-102.28794556349018, 22.054732526669937], [-102.28756953842446, 22.05490006476879], [-102.28719385703593, 22.055049553248796], [-102.28685845912933, 22.05527644008989], [-102.2866274263696, 22.055426069688426], [-102.28649224768157, 22.055532153285387], [-102.28632915424583, 22.055705477472667], [-102.28613840224578, 22.055900910483064], [-102.28603127442142, 22.056059365347625], [-102.28587259499784, 22.0563501155386], [-102.28562030361381, 22.0566302847452], [-102.28540245459618, 22.05688168682098], [-102.28518555292584, 22.057083454800537], [-102.28513395235707, 22.057123220543865], [-102.28501870136118, 22.057358270681764], [-102.28486135442036, 22.05757908108925], [-102.28479467339092, 22.057679529749795], [-102.28458140612646, 22.058007737457842], [-102.28434765193296, 22.05833109102135], [-102.2841755699769, 22.058657725106467], [-102.28402763966668, 22.058829041409435], [-102.28375472067293, 22.059016335963683], [-102.28348141282488, 22.059223934654895], [-102.28331066597207, 22.059512224276773], [-102.283224838766, 22.059664260223453], [-102.2831793795481, 22.059857588978527], [-102.28317459154054, 22.060108013153354], [-102.28314957617108, 22.060340046949523], [-102.28306077165595, 22.060647751785226], [-102.28299538750835, 22.060838492590978], [-102.28294699381651, 22.061185234145455], [-102.28300228442492, 22.06155400953978], [-102.283101308859, 22.06178810418111], [-102.28319964335313, 22.062058295959623], [-102.28327809571458, 22.062292048743025], [-102.28327404066259, 22.062504119620872], [-102.28328390127808, 22.062684826635092], [-102.28328010499409, 22.062883361065552], [-102.2833201742778, 22.0630036366486], [-102.28331892323115, 22.063069062767767], [-102.28332839784666, 22.063333264585903], [-102.28333951065305, 22.06348014055182], [-102.28340625033074, 22.063693387619157], [-102.28344545822256, 22.063890379732598], [-102.2834703166819, 22.064078106282853], [-102.28349750469852, 22.064144004885595], [-102.2836239269637, 22.064211552102908], [-102.28369191825861, 22.064359372986818], [-102.28371759665062, 22.06450423413664], [-102.28370087573335, 22.06465064770582], [-102.28368333398694, 22.064808331581443], [-102.28366738944857, 22.064914135817396], [-102.28369229136474, 22.065099606287838], [-102.28437977901619, 22.065548843616433], [-102.28532706359097, 22.065801537718652], [-102.28561309457146, 22.06568893341276], [-102.28611870667615, 22.06675576256447], [-102.28628378456385, 22.06704962895648], [-102.28649048751616, 22.067382551587738], [-102.28668516847496, 22.067584380492026], [-102.28682508363849, 22.067706312570795], [-102.28711960771109, 22.067909797962216], [-102.28743016316542, 22.0680345610845], [-102.28767035071384, 22.068103993155407], [-102.28808078865217, 22.068164965143666], [-102.28852057364112, 22.06821062529552], [-102.28918624069105, 22.068314193005612], [-102.29024903704521, 22.068478504135914], [-102.29104956067991, 22.068588813251594], [-102.29199911804979, 22.068724155273095], [-102.29248049086685, 22.068811116282983], [-102.2927631298927, 22.0689083258385], [-102.29302974172566, 22.069084257609134], [-102.29325313324202, 22.06927301421001], [-102.2933905195831, 22.06952805069916], [-102.29348524413001, 22.069766583190734], [-102.29350710667062, 22.07011223585948], [-102.29351432060398, 22.070496011631207], [-102.29350983655631, 22.07146184857769], [-102.29365064564425, 22.073061995509825], [-102.293799579251, 22.074204146161875], [-102.29389696284804, 22.07506559988282], [-102.29402281856245, 22.07665647182007], [-102.29406789670307, 22.08099253270236], [-102.2941830156356, 22.082416223205193], [-102.29433475022391, 22.083411727912534], [-102.2944513460444, 22.083995913064637], [-102.29425224300522, 22.083992616092164], [-102.29318941363789, 22.083855402134347], [-102.28914980325624, 22.08328516643226], [-102.28831362483945, 22.083167479156803], [-102.28787521842756, 22.083078958431567], [-102.28771822092335, 22.08308989321629], [-102.28754868577273, 22.083059997477445], [-102.28732161655972, 22.08303140320915], [-102.28712592415954, 22.08288146288189], [-102.28448133437897, 22.08252158380081], [-102.28457095629086, 22.083026336743178], [-102.28489826461403, 22.083004694337387], [-102.28495754718111, 22.08363983673272], [-102.28450116434345, 22.083699956220723], [-102.28431755407436, 22.084310750612623], [-102.28403322666868, 22.08505979118254], [-102.2833164699658, 22.086862330020764], [-102.28310885582526, 22.087335059086172], [-102.28246417053857, 22.08834440275315], [-102.28232549434817, 22.088157039660835], [-102.28215889325175, 22.087942130520293], [-102.28203297054321, 22.087847507501003], [-102.28183541995831, 22.087762976575213], [-102.28172225014922, 22.08776109360608], [-102.28156446965595, 22.087812631025525], [-102.28149240942355, 22.087876878622065], [-102.28130704950604, 22.08791441615083], [-102.2811232457294, 22.08787073522337], [-102.2809396582433, 22.087815773791235], [-102.2807682608467, 22.087851286306833], [-102.28058112815681, 22.087981321501186], [-102.2804495424518, 22.088150646408423], [-102.2800885457712, 22.08847638322906], [-102.27972871558761, 22.088709610564738], [-102.27948421721706, 22.088863513638046], [-102.27926829250956, 22.088979526942428], [-102.27905427056844, 22.089027868266967], [-102.27868562386367, 22.088994646372797], [-102.27850320458221, 22.08887876861663], [-102.27834948847517, 22.08878142310013], [-102.27816266034182, 22.088674498664695], [-102.27803090386921, 22.088600086526373], [-102.27784286435609, 22.08855633133414], [-102.27766532879352, 22.088533061964267], [-102.27753279359536, 22.088499258456554], [-102.27733347146332, 22.08847562566282], [-102.27711158434407, 22.08846064363511], [-102.27680051839131, 22.08845545865652], [-102.27655602303783, 22.08845138288908], [-102.27634502951501, 22.088436581432337], [-102.27610278293608, 22.088409974733818], [-102.27543677912651, 22.088319881597776], [-102.27492643751289, 22.088257206946285], [-102.2743302021773, 22.088222435713785], [-102.27318091973078, 22.08811072900696], [-102.27309781083055, 22.087804677744998], [-102.27294991544096, 22.087310233073907], [-102.27277439767984, 22.0868356381674], [-102.27257951344014, 22.086392314631873], [-102.27232165461427, 22.08585541200643], [-102.27193676101558, 22.085219346925825], [-102.27120916092042, 22.08411492027534], [-102.27067883164793, 22.083329734062882], [-102.26851492434253, 22.079982898748465], [-102.26350154650045, 22.079634981931594], [-102.26212338140155, 22.079593843845775], [-102.26120081079156, 22.079501654750096], [-102.26056614916757, 22.0794842465573], [-102.25971760527591, 22.079226290312018], [-102.25518740075123, 22.079001317159438], [-102.25311133243636, 22.078864880403483], [-102.24990985727939, 22.07870271243694], [-102.24676343467733, 22.078480477789793], [-102.244668014862, 22.078406797297276], [-102.24337112879596, 22.078265319459625], [-102.24236197087683, 22.078176078319558], [-102.24186786361247, 22.078091011035724], [-102.24077842926421, 22.078052310172296], [-102.23924403877298, 22.077922587017003], [-102.2375645114847, 22.07778588295054], [-102.2355715133458, 22.077582928116705], [-102.23521064853907, 22.077432393333833], [-102.23160467616971, 22.072625473466744], [-102.22923223907247, 22.070220238059076], [-102.22831509164808, 22.06951413562038], [-102.22811056549666, 22.069294023263545], [-102.2279538639403, 22.069011533706547], [-102.22638265368558, 22.066279086417318], [-102.22627026938342, 22.066083102607138], [-102.22613365941984, 22.06594989563896], [-102.22599577210724, 22.0658821115235], [-102.22569568368385, 22.065813831718394], [-102.22375205267845, 22.065541627832136], [-102.22349755435582, 22.06549442864286], [-102.22336010994697, 22.06540408288858], [-102.22310940465711, 22.065162870725974], [-102.22217642552127, 22.064217259147124], [-102.22199383722851, 22.064083268023293], [-102.22169487091426, 22.063926988887655], [-102.22086664891361, 22.063567637652206], [-102.2207243862424, 22.063538139084137], [-102.22051868149511, 22.06350304853596], [-102.21753362897603, 22.063129569672903], [-102.21578839638921, 22.06333004441277], [-102.21512281721608, 22.063474421582118], [-102.21399492364088, 22.06382981848575], [-102.21176378265004, 22.064116749633104], [-102.21047484932632, 22.06419631514082], [-102.20856373960882, 22.064028296984656], [-102.20835695457434, 22.064263975282472], [-102.20802915895085, 22.064497586881057], [-102.20758435986285, 22.06492553110038], [-102.20731223569182, 22.065313546428012], [-102.20696330691842, 22.065452013753443], [-102.20674529806674, 22.065396385523115], [-102.20656716988265, 22.0651902405676], [-102.20639092155932, 22.064857753269553], [-102.206261940443, 22.064553153720404], [-102.20615819044511, 22.064350536026826], [-102.20594809769028, 22.064200261454587], [-102.20572343990956, 22.064051994413358], [-102.2055701174133, 22.063938796557867], [-102.20543621722496, 22.063792080296526], [-102.20474013293503, 22.06382531513636], [-102.20066491950934, 22.06404444881798], [-102.20032817700248, 22.06402514299244], [-102.19975436374996, 22.067312318226737], [-102.19648063561316, 22.06730585731286], [-102.19039145015596, 22.06805433962743], [-102.18392023502903, 22.06877569815399], [-102.18267918509984, 22.074524567432835], [-102.18034007170309, 22.084320943926564], [-102.1761722525137, 22.083872103062475], [-102.17445262975635, 22.083806266741817], [-102.1631578230014, 22.08332846647514], [-102.16339732992874, 22.087487061728176], [-102.15761303304467, 22.087111213824624], [-102.1548951510492, 22.086957841414634], [-102.15489134553859, 22.088415543414033], [-102.14092096486876, 22.075340663396027]]]}}, {"type": "Feature", "properties": {"AREA": 1204240000.0, "PERIMETER": 255330.0, "MUNAGS84_": 10.0, "MUNAGS84_I": 10.0, "NOMBRE": "AGUASCALIENTES", "SUP": "1,204.243 Km²", "AREA_KM2": 1204.24346313, "edo": "01", "Shape_Leng": 255330.277283, "Shape_Area": 1204243463.13, "NOM_MUNIC": "Aguascalientes"}, "geometry": {"type": "Polygon", "coordinates": [[[-102.14092096486876, 22.075340663396027], [-102.10731391825196, 22.074756047257534], [-102.10698482315513, 22.06844995584932], [-102.10664469626859, 22.06057536955828], [-102.10367250906027, 22.057223688042942], [-102.10382885087846, 22.057154247643766], [-102.10398372147456, 22.05715699033721], [-102.10416336436768, 22.057221098166604], [-102.10437956476203, 22.057391910581465], [-102.10454452748588, 22.057552789384594], [-102.10474838477475, 22.057675995463406], [-102.10496601127382, 22.057776879659176], [-102.10523764125952, 22.05778168823102], [-102.10543247125072, 22.057724210302425], [-102.10565331466411, 22.05766719254527], [-102.10582342495319, 22.05757542844636], [-102.1059420592745, 22.05745567464614], [-102.10602464010549, 22.057204403171095], [-102.10605455835909, 22.05701312638537], [-102.10605800371327, 22.056843946556334], [-102.10611434080496, 22.056603493279322], [-102.10609260732113, 22.05642258515869], [-102.10597952482706, 22.05624006052324], [-102.10590328429787, 22.05618004118847], [-102.10589232581022, 22.056094098590048], [-102.10593223762844, 22.05603613475069], [-102.1060247271553, 22.055952022784705], [-102.10616725225186, 22.055907157392525], [-102.10631015257316, 22.055873581229434], [-102.1064025958548, 22.055791724744374], [-102.10640457083704, 22.055694728265163], [-102.10631699631601, 22.055537477175623], [-102.10630773700724, 22.055368072494375], [-102.10633770012015, 22.055174539804188], [-102.10646898993737, 22.05505726583608], [-102.1067041022375, 22.05495311122823], [-102.10695131332686, 22.0548491702705], [-102.10718619542007, 22.054756293560022], [-102.10738170928343, 22.054664976739115], [-102.10778439272465, 22.05456378413535], [-102.10814909303045, 22.054425814114797], [-102.10848952365545, 22.054201665308444], [-102.10858269888844, 22.05408371553156], [-102.10863632261342, 22.05397634921791], [-102.10881867175833, 22.053907363237474], [-102.10893022449288, 22.053778455337316], [-102.10902306941902, 22.053646960113678], [-102.10923143087521, 22.053578433404837], [-102.1093993319776, 22.053594940215532], [-102.10960539094249, 22.053609864653275], [-102.10995467721321, 22.053604754262686], [-102.11013583289454, 22.053594415930334], [-102.11029216810095, 22.05352496854317], [-102.11046254585409, 22.053419664266503], [-102.11066956783831, 22.053387216781726], [-102.11087669032285, 22.053379592868673], [-102.11101885380464, 22.05338210405194], [-102.11114588332023, 22.053503945060253], [-102.11120803670484, 22.053602074598043], [-102.1113367629083, 22.053640453022766], [-102.11153158544019, 22.053582966911804], [-102.11162425363081, 22.053489828249283], [-102.11160144964666, 22.053331466842558], [-102.11153965380959, 22.053185956147754], [-102.11157006749244, 22.052969864200776], [-102.11163796007816, 22.05281536102292], [-102.11173249795932, 22.05260040139548], [-102.11181460664653, 22.052371682888367], [-102.11200061916686, 22.052122233420445], [-102.11217122320973, 22.052005648304203], [-102.11232902228076, 22.051864014821717], [-102.11238471364582, 22.051684473691907], [-102.11253081641303, 22.05149298927371], [-102.1126781100915, 22.051242855286596], [-102.11283929822767, 22.05093429593601], [-102.11279267967942, 22.050667199588613], [-102.11278561138099, 22.050389518564817], [-102.11273955210892, 22.050124688640885], [-102.11265394296214, 22.04987044338295], [-102.11254196457858, 22.04966312028765], [-102.1125196178239, 22.04948220144026], [-102.11243168182267, 22.049372334549624], [-102.11226644259203, 22.04922499810727], [-102.11209973733042, 22.049149845381443], [-102.11198528564816, 22.049064332273506], [-102.11196404862858, 22.048858610909463], [-102.1119667523416, 22.04872552194866], [-102.11185316259413, 22.048567814271326], [-102.11172628293765, 22.04846854228829], [-102.11149457635649, 22.048405780681843], [-102.11123750880527, 22.04834031436155], [-102.11104590239803, 22.048239898880645], [-102.11080323511143, 22.048091193783762], [-102.11062479132502, 22.047968444811133], [-102.11055056979143, 22.047809175188405], [-102.11059441975128, 22.04755721583277], [-102.11063579395626, 22.047427066555066], [-102.11065236614832, 22.04729647920718], [-102.11065530008977, 22.047152111660893], [-102.11069644486814, 22.047033241058628], [-102.11071304477719, 22.046841727256226], [-102.11082093301748, 22.046624747037754], [-102.11090079244472, 22.04650656006603], [-102.11093024182745, 22.046337838652864], [-102.11095964528033, 22.046171372967585], [-102.11093876729878, 22.045918270311134], [-102.1109811488892, 22.0457384944706], [-102.11105981595055, 22.0456789566892], [-102.11117803177822, 22.04560883444093], [-102.1113606437539, 22.045526309798575], [-102.11155540891177, 22.045471078151227], [-102.1116732943708, 22.04538741034543], [-102.11174095309295, 22.045244185324453], [-102.11180934477781, 22.045064868325625], [-102.11179869416053, 22.04493380013287], [-102.11176268293949, 22.044800027680523], [-102.11179089360073, 22.044692211071435], [-102.11185832270388, 22.044560264672814], [-102.11196249605337, 22.04452599871895], [-102.11210404591168, 22.044528497326837], [-102.1123104225956, 22.044556962135267], [-102.11256725518555, 22.04463370484467], [-102.11272175637876, 22.04468381917682], [-102.1128247388159, 22.04470820210673], [-102.11311567631175, 22.044774263067186], [-102.1132303812917, 22.04478756981653], [-102.1133382128395, 22.04484137323738], [-102.11347958962537, 22.044882229098913], [-102.11367504267153, 22.044942091325737], [-102.11403372220015, 22.044980010566622], [-102.11429867584621, 22.04498468408822], [-102.1145085820955, 22.044988386323304], [-102.11470559216903, 22.04497155182654], [-102.11481420264832, 22.044987006567123], [-102.11493643182342, 22.044957570210546], [-102.11497921388465, 22.044877088502403], [-102.1150884093735, 22.044833882827376], [-102.11525778610938, 22.044836869406332], [-102.11544695211062, 22.044878566236477], [-102.11569161325275, 22.044869340338906], [-102.11593690483829, 22.04479919804704], [-102.11614910878832, 22.044719445896916], [-102.11627294894403, 22.044640392542252], [-102.11635670681763, 22.044508731711332], [-102.11642150869612, 22.04432709237492], [-102.11643150210963, 22.044162539517913], [-102.11642919373205, 22.04394812548897], [-102.11639113469671, 22.043825600391745], [-102.11640636402647, 22.043731093217865], [-102.11648369581839, 22.043588036186662], [-102.11656833212254, 22.043442851271035], [-102.11665089968687, 22.043369839820734], [-102.11674127494892, 22.043269887163788], [-102.11679034354675, 22.04320756810951], [-102.11678564584889, 22.043081117843073], [-102.11673400420015, 22.042971892833307], [-102.11659225174667, 22.042919750443676], [-102.11653791166319, 22.042943614988268], [-102.11646148490378, 22.04301222150165], [-102.11638502258586, 22.043112419208615], [-102.11628854212609, 22.04318518531458], [-102.11618691716797, 22.043183394155086], [-102.1160650912499, 22.043163194377144], [-102.11596396956998, 22.043136589779788], [-102.1158083145378, 22.043113536952177], [-102.11575562136683, 22.04305619406132], [-102.11570282661211, 22.042974027198497], [-102.11564328640912, 22.04289625453177], [-102.11559934196808, 22.04270592875512], [-102.11559552472663, 22.04256595470332], [-102.11560675405003, 22.042340496594445], [-102.11565751555884, 22.04219471498599], [-102.11568652063272, 22.042107220415172], [-102.11577050597552, 22.041964280974042], [-102.11588300295534, 22.04178799561738], [-102.11603395944834, 22.041684597992017], [-102.1162009176755, 22.04156794285763], [-102.11632506473262, 22.04144376336095], [-102.1164163078289, 22.041300951391722], [-102.11646665640284, 22.041175471191497], [-102.11646415418701, 22.04094074462853], [-102.11641388547602, 22.040763846917844], [-102.11630811363248, 22.040608536692027], [-102.11620905192257, 22.040480423416692], [-102.11610525760607, 22.040257451090614], [-102.11597906740352, 22.040124346470087], [-102.11594917274373, 22.03992749871424], [-102.11596021781439, 22.039711063456917], [-102.11596300803382, 22.039573462366242], [-102.11597272651346, 22.039422444009237], [-102.11596890858952, 22.039282469887066], [-102.1159233175521, 22.039173351401722], [-102.11589784577892, 22.0391164884263], [-102.11571739933503, 22.03897340119825], [-102.11560442665086, 22.03884504249731], [-102.11554676353339, 22.038674783997724], [-102.11553064477377, 22.038484948724406], [-102.11552682719729, 22.038344974627677], [-102.11554994493576, 22.038189679370223], [-102.11562815317583, 22.038033098556895], [-102.11565861060622, 22.03784408420572], [-102.11570294483306, 22.037686906282005], [-102.11571330357445, 22.037504307346627], [-102.11570397548651, 22.037307822059798], [-102.11565250896487, 22.037160238450202], [-102.11564074642796, 22.037053972730053], [-102.1155282427885, 22.036932392049923], [-102.11544239993114, 22.036809024672312], [-102.11537629982716, 22.036726623362824], [-102.11522124655676, 22.036674245913993], [-102.11505215403258, 22.036657725817513], [-102.11486194656119, 22.036667912034876], [-102.11476569898811, 22.03672939890969], [-102.11464021837016, 22.03688965897632], [-102.11459020058305, 22.03702868384725], [-102.11452053179592, 22.037122231005025], [-102.11445200690314, 22.037159384291062], [-102.11434248714781, 22.03718904500792], [-102.11424127851151, 22.037166951327162], [-102.11417467562232, 22.037109362872183], [-102.11411472650354, 22.037051891729313], [-102.11410059136301, 22.036943327603023], [-102.11410356604956, 22.036796703681482], [-102.11408015474419, 22.03663833166375], [-102.11397461697948, 22.036471741703718], [-102.11387514807019, 22.03636392926698], [-102.11373428276119, 22.036298261341162], [-102.11363435645477, 22.036213006307857], [-102.11359473509164, 22.036137841063113], [-102.11357035333502, 22.035997504380727], [-102.11355960917722, 22.03587094757788], [-102.11347285324786, 22.035792694439905], [-102.11332492308505, 22.03574721064834], [-102.11312236121846, 22.03568045403666], [-102.11294725765114, 22.035632234037656], [-102.11275860833062, 22.035565722428025], [-102.11267235668335, 22.035462655678252], [-102.1126410475574, 22.03533573607539], [-102.11264475604493, 22.03515302031124], [-102.11264896810724, 22.034945491289516], [-102.11263991870388, 22.034735471748263], [-102.11265782492048, 22.03415133910203], [-102.11263394779569, 22.03398618913154], [-102.11261030932322, 22.0338390958354], [-102.1125863864808, 22.033676201614615], [-102.11256930033586, 22.033504401770095], [-102.1125460642638, 22.033307671291052], [-102.11250935802381, 22.031777077230686], [-102.11251833038898, 22.031334950048276], [-102.10965246258716, 22.027116512986535], [-102.09689723652491, 22.02299829186886], [-102.09780027820524, 22.013187069091536], [-102.09719092972773, 21.996060400539903], [-102.09747336759304, 21.99407287416491], [-102.09782056443873, 21.99217224154119], [-102.09734621549832, 21.98968164289427], [-102.09620691987789, 21.983338628953486], [-102.09511877580495, 21.97760578572169], [-102.09432833406598, 21.9724039888143], [-102.09399647451283, 21.97046425162786], [-102.09247921451167, 21.96121938836333], [-102.09450432858303, 21.96111309480823], [-102.0951313936122, 21.96114676176256], [-102.0956573371911, 21.961097400895277], [-102.09626005864997, 21.961049396906745], [-102.09732934792184, 21.96098707868131], [-102.1008386513496, 21.964837872320302], [-102.1008661794317, 21.966639089746582], [-102.10068853498389, 21.96910236462808], [-102.100616942685, 21.97134637047173], [-102.10062547998056, 21.97220626828373], [-102.10754421163557, 21.974135921598094], [-102.10834902855515, 21.974235861589342], [-102.11285863448289, 21.97471471526894], [-102.11683652517704, 21.97513896988901], [-102.11866232024006, 21.975329014735948], [-102.12109535540213, 21.975640271923027], [-102.1215521931686, 21.975691165085077], [-102.12187031184037, 21.975782497899058], [-102.12211311231206, 21.975829633478885], [-102.12249461933807, 21.97580699158174], [-102.12275341343484, 21.975840867320702], [-102.1231178036553, 21.975917213432368], [-102.1237121539222, 21.97592763755296], [-102.13190464144903, 21.97689701827347], [-102.13274665662296, 21.972980745197642], [-102.13450156897527, 21.965314139284075], [-102.13476918414412, 21.964154405066388], [-102.1348653203594, 21.963914627093573], [-102.13523381896026, 21.96077084019024], [-102.13590276207832, 21.957059115149168], [-102.13643105321046, 21.953543510939703], [-102.13656277436182, 21.952282107690323], [-102.13784697503591, 21.944446981151234], [-102.13852367029538, 21.94033819778887], [-102.1299053696056, 21.939774848492704], [-102.12990464144451, 21.93963041322204], [-102.12968796007725, 21.936929986646316], [-102.13843665461239, 21.93749560378909], [-102.15050128256267, 21.93652965379124], [-102.1543439858761, 21.936320964238377], [-102.1600897145019, 21.936869480754474], [-102.16419918288214, 21.937236104470756], [-102.1645402375231, 21.934064625985382], [-102.1650195880424, 21.929527998615107], [-102.16530154049454, 21.92747479430784], [-102.16561499998208, 21.924715798519003], [-102.16618025253243, 21.919591651714256], [-102.1657343766389, 21.919635866299377], [-102.16523325211128, 21.919661073465566], [-102.16495522205578, 21.9196562777331], [-102.16458411249211, 21.919649875742067], [-102.16423270191684, 21.91962575956262], [-102.16404746023575, 21.919606766675777], [-102.16380629971874, 21.91960260519732], [-102.16336011080979, 21.919662604426794], [-102.16306394884086, 21.919657492539862], [-102.16205348459506, 21.919664870636694], [-102.16249017267096, 21.906267884662164], [-102.16013920623757, 21.90781372493011], [-102.15796350268857, 21.909238440693397], [-102.15690576497511, 21.90989489079552], [-102.15640722418611, 21.910157066439243], [-102.15572911609763, 21.91044998361162], [-102.15528617674842, 21.910591258581384], [-102.1555192170465, 21.90436920596604], [-102.15581032896617, 21.893544589408567], [-102.15648852244901, 21.881329778565267], [-102.15686820701174, 21.875624748476795], [-102.15688994153561, 21.874528389984576], [-102.15706028157251, 21.873039683101425], [-102.15719174701901, 21.869577987434443], [-102.1683255848383, 21.870187328622478], [-102.16892616613993, 21.870197656527214], [-102.1695738759508, 21.870208792422964], [-102.17052707399888, 21.870268052673747], [-102.17104041698245, 21.87038068072561], [-102.17160083377078, 21.870588896298155], [-102.17322452636348, 21.87045430033348], [-102.17481986429709, 21.87047039908353], [-102.17524457338321, 21.857892168753782], [-102.1757343239164, 21.857911849967046], [-102.17563015905547, 21.856233347493312], [-102.17569025982807, 21.855543832409438], [-102.17571655299116, 21.854330186704225], [-102.17565551848811, 21.85260954627998], [-102.17563911936739, 21.851814911903375], [-102.17549996614349, 21.85059391632327], [-102.17569373709199, 21.84968328014017], [-102.17565739791056, 21.847690003410182], [-102.17557902918347, 21.8472192694328], [-102.17571844426537, 21.845784149526438], [-102.17595278907385, 21.844100163478107], [-102.17620739348823, 21.843905937559807], [-102.17547748048396, 21.843870862763072], [-102.17481599181727, 21.843859524584722], [-102.17421140204786, 21.843720528303777], [-102.173908677425, 21.84368825729587], [-102.173497622634, 21.843541293678125], [-102.17265800760728, 21.84346144815381], [-102.17234025303449, 21.843455996681957], [-102.1721475464124, 21.843452690263632], [-102.1719681299351, 21.843449611672185], [-102.17184326874919, 21.843499372756444], [-102.17152585189152, 21.84350746558764], [-102.1713325412407, 21.843504147842115], [-102.17118144633167, 21.843474474307257], [-102.1710300405064, 21.84346059206663], [-102.17080981230283, 21.8434432715842], [-102.17064429023247, 21.84344043006785], [-102.17049308031204, 21.843385930464965], [-102.17024615695799, 21.843343327453223], [-102.17006674091284, 21.843340246808133], [-102.1697240699309, 21.84321927184684], [-102.16948994831647, 21.843201711050597], [-102.16920085431181, 21.843183205723243], [-102.1689525720119, 21.843178941012788], [-102.16873298570603, 21.84309844186379], [-102.16832129837363, 21.843014642000288], [-102.16756233658396, 21.843012883645933], [-102.16826584250725, 21.841995927885183], [-102.16983133493702, 21.839614940217153], [-102.1699339996408, 21.83875916454714], [-102.17023492842247, 21.836458003167326], [-102.17017284294967, 21.836450167377848], [-102.17023671561053, 21.835968334061832], [-102.17048799829931, 21.83422371895844], [-102.17074634219372, 21.832181341715057], [-102.17077138311983, 21.832075707327405], [-102.17087709913666, 21.831831542911836], [-102.17091795993696, 21.830123934940264], [-102.17090993602426, 21.829733391061946], [-102.17089626192883, 21.829261509630225], [-102.17094694359245, 21.82874334196118], [-102.17098626685207, 21.826683664251007], [-102.16887874731589, 21.82640603156527], [-102.1697116604086, 21.823475357732296], [-102.16658111703603, 21.822683671951125], [-102.15918016794042, 21.82078713575909], [-102.15955577210937, 21.817126516521693], [-102.16028674720968, 21.81134622551004], [-102.15254357803563, 21.810016751396645], [-102.15054267931147, 21.809709155206995], [-102.15061911766607, 21.80914405383656], [-102.15075555902632, 21.808264056126205], [-102.15082974434551, 21.80726338028309], [-102.15140967747489, 21.80317529615191], [-102.15160663983455, 21.80201425809592], [-102.15235142206457, 21.796674304095976], [-102.15254108103487, 21.79530101031868], [-102.1528509969389, 21.79279468706559], [-102.15342494025364, 21.788909576659442], [-102.14594488615627, 21.787931965010085], [-102.145360037456, 21.791717550273777], [-102.1437584334746, 21.79148449784341], [-102.14380621493177, 21.794527291626682], [-102.14263595819655, 21.79544806554627], [-102.1405109252994, 21.797144377966244], [-102.1408212600025, 21.794536555376723], [-102.13829323500599, 21.794199392477218], [-102.1325890824045, 21.793281265463627], [-102.13233233557516, 21.794768442489616], [-102.13229756491538, 21.79493708619257], [-102.1320014265822, 21.79664247122658], [-102.1264685906717, 21.796067853676707], [-102.12465505946828, 21.795648138307286], [-102.12119459248385, 21.794937926164415], [-102.11966646086431, 21.794626939097043], [-102.11731188397117, 21.79413903433451], [-102.11502271580049, 21.80024605482261], [-102.11459393879075, 21.80011895984911], [-102.11422676157571, 21.80008320509529], [-102.11382881589711, 21.800015319044395], [-102.11341393263474, 21.79997872836851], [-102.11306337787902, 21.799927465515974], [-102.11290395303563, 21.79992467715308], [-102.11257027602755, 21.799815036725505], [-102.11209230332962, 21.799761542954286], [-102.11186944023036, 21.799698971987052], [-102.11156629229808, 21.799693667603044], [-102.11107260447245, 21.799610560097737], [-102.11067434560069, 21.79955845741106], [-102.11024316071558, 21.79952157358864], [-102.11013144313972, 21.79951961776569], [-102.10993974187802, 21.79952980111709], [-102.10973200762876, 21.799526163900552], [-102.10930052135367, 21.799534404385707], [-102.10893248768343, 21.799541498485258], [-102.10869303480527, 21.799553100621594], [-102.10835605523432, 21.799608125959946], [-102.1075936624974, 21.799369108711037], [-102.10616156251038, 21.80146295265769], [-102.10603414283091, 21.801460718619545], [-102.10496564748938, 21.803105090981035], [-102.10421369220897, 21.802857213653628], [-102.1033490081491, 21.802627664061117], [-102.10300377018623, 21.802522314629712], [-102.10270642149986, 21.802408778815572], [-102.1026398759311, 21.802353452470452], [-102.10239928848125, 21.80233117618424], [-102.10193732053361, 21.802232801666594], [-102.10121689607026, 21.80203962328897], [-102.10032388646952, 21.80180730460731], [-102.0995354687272, 21.801630977424896], [-102.09763157810266, 21.800751290677173], [-102.09782659478793, 21.800456850568438], [-102.09541640892901, 21.79979163962026], [-102.09499719448117, 21.79970076883637], [-102.09171442783213, 21.798722279387494], [-102.09149020039669, 21.799296012013794], [-102.08905892630165, 21.79872060366895], [-102.08889577000227, 21.79866356867767], [-102.08885821745412, 21.79860874869444], [-102.08875272380546, 21.798597861919944], [-102.08860761412517, 21.79860432893847], [-102.08842844920355, 21.798592142585726], [-102.0788694885312, 21.79630209812702], [-102.07872566331866, 21.796245395725443], [-102.07465217465847, 21.795724208649933], [-102.07176595567525, 21.794804268759535], [-102.06874518880274, 21.793760039469493], [-102.06885878463754, 21.793491271070522], [-102.06826825465897, 21.79315358721468], [-102.06872863105967, 21.7922884792302], [-102.0740612875197, 21.78309284223395], [-102.08299330696725, 21.787362298300124], [-102.09689893541413, 21.775809906255887], [-102.0888278739542, 21.76671829737645], [-102.09844770672167, 21.763107681300227], [-102.09907712908313, 21.7605191330678], [-102.09933123995295, 21.759444940005874], [-102.0995536865605, 21.759554903091885], [-102.0998297525993, 21.75982151171359], [-102.0999544078605, 21.760139622037396], [-102.09996468736406, 21.760559529164187], [-102.09995802048674, 21.76089113174656], [-102.10000990250809, 21.76110416194437], [-102.1002128802541, 21.761281480721692], [-102.10053059801378, 21.761338955788208], [-102.10107566335208, 21.761262765142327], [-102.10141808048522, 21.761022800810448], [-102.10174599666165, 21.760572717779734], [-102.10199973051189, 21.760087484417937], [-102.10223554861426, 21.759531981861123], [-102.10228249427715, 21.759058918948877], [-102.102372003751, 21.758360942086217], [-102.10237798459497, 21.758063175773408], [-102.10221456691481, 21.757780493046752], [-102.10177079259208, 21.75747484274786], [-102.1013291050915, 21.75706542448853], [-102.10073537761657, 21.75673908976551], [-102.10036787324927, 21.756364819231532], [-102.10007450302842, 21.756027953935927], [-102.10000667317249, 21.755676991695616], [-102.1000161945692, 21.755203273397747], [-102.10006418699224, 21.754678328110558], [-102.10023634707889, 21.754525642407724], [-102.10046585899926, 21.75428369836444], [-102.10073267698053, 21.754078513658456], [-102.10097869526935, 21.753976767284932], [-102.10126149259067, 21.753877921911872], [-102.10272195420752, 21.753835821778466], [-102.1082624467857, 21.753607862226843], [-102.10891105388686, 21.752551827922456], [-102.11264126530168, 21.75279527930421], [-102.11495527461018, 21.746578064407757], [-102.11633076148789, 21.746947315927216], [-102.11697972812726, 21.745717487256304], [-102.11723606472249, 21.7440091778217], [-102.11996855749653, 21.741495505698936], [-102.11680644302893, 21.73945684911224], [-102.11476779195796, 21.738796222249686], [-102.11588732806126, 21.73622513974224], [-102.11904562110917, 21.73814865223106], [-102.12098121848615, 21.736528236792694], [-102.1255851000639, 21.72577190641315], [-102.13358873679813, 21.728550988849754], [-102.14275932958006, 21.73148074978604], [-102.14672536597136, 21.71364249672766], [-102.147278426578, 21.7113457049001], [-102.14890353460378, 21.708566385292823], [-102.15165860440388, 21.70380028793719], [-102.15321028197602, 21.701798202161704], [-102.15524160836223, 21.700023232702907], [-102.15678061905233, 21.700627363927694], [-102.16671474921813, 21.70255326821783], [-102.16655938927832, 21.705892788175014], [-102.17128212396203, 21.707259831720208], [-102.17462506337691, 21.698382555676822], [-102.17782611402205, 21.68815097486304], [-102.21573134759798, 21.695002684441754], [-102.21422195241048, 21.686478309372564], [-102.21707112062495, 21.68491257065429], [-102.2183645898172, 21.684480666873213], [-102.21949570405924, 21.681940451551004], [-102.22110886649472, 21.68060665683645], [-102.21972510141255, 21.678543326609475], [-102.21866984623492, 21.678360884180723], [-102.21818014321337, 21.67767789168267], [-102.2210691273242, 21.67333237087852], [-102.2219558109303, 21.67248287624831], [-102.22067337724333, 21.671621865758688], [-102.22500909337947, 21.661213916890333], [-102.225971197447, 21.66121195081212], [-102.22764028516714, 21.660440941485692], [-102.22663741656145, 21.65462195589298], [-102.2337264939561, 21.654620659132473], [-102.23413801720807, 21.653390786864612], [-102.2390481097103, 21.655113245496615], [-102.24382045660225, 21.655388914983266], [-102.29565597824116, 21.653161033025803], [-102.31024556305132, 21.626619798709665], [-102.31761611986626, 21.628411346223707], [-102.32119092070032, 21.629951832698776], [-102.32570064712505, 21.62234412717553], [-102.33757761966652, 21.62759945978096], [-102.35397884748963, 21.635756392356665], [-102.3540548260495, 21.635958473643317], [-102.36070688629191, 21.639526529031862], [-102.36677986391652, 21.642597651402756], [-102.369654006028, 21.65058105458778], [-102.38036015689428, 21.652346059021827], [-102.38108873249023, 21.6513396450618], [-102.38570890731829, 21.65211891906872], [-102.38501597175859, 21.653259080950797], [-102.39647391050248, 21.656411705222485], [-102.39421950193903, 21.66830017913123], [-102.4008453850755, 21.67010366810484], [-102.40094186189341, 21.670109693806747], [-102.40098479376685, 21.67007199694429], [-102.40104310627609, 21.669917175450045], [-102.40111501216509, 21.669812221567106], [-102.4012143107231, 21.66976186552929], [-102.40139664734617, 21.669726352439454], [-102.40160738812546, 21.669689027031474], [-102.40190290300066, 21.669603374404918], [-102.40212914140538, 21.669476009741402], [-102.40239835117194, 21.669308691037333], [-102.40264198662067, 21.668985236141967], [-102.40292996689978, 21.668545109285255], [-102.40351897267797, 21.670845218755613], [-102.41449382961527, 21.673874067728097], [-102.4167137372678, 21.674303641702757], [-102.41678788839101, 21.674241599207555], [-102.416850371164, 21.67408909292959], [-102.41690524949993, 21.673922925880525], [-102.41696382820751, 21.67358302352784], [-102.41703516129684, 21.67334037292779], [-102.41719090347065, 21.67296812772923], [-102.41727712202263, 21.672703138230062], [-102.41734817251442, 21.672476282354157], [-102.41741177965883, 21.672260595789513], [-102.41752676503144, 21.672075050775515], [-102.41764875127011, 21.67193701273589], [-102.4177773757828, 21.67179907792645], [-102.41783185034274, 21.671689330391917], [-102.41787823809616, 21.67159299926001], [-102.41791690088884, 21.671489776701787], [-102.41798573908419, 21.671420879628805], [-102.41805445610386, 21.67132489600419], [-102.41809299808739, 21.67122844266319], [-102.41813942569031, 21.671129854994525], [-102.41814151594711, 21.671012520786476], [-102.41819683455464, 21.67088924389604], [-102.43652348109761, 21.673216129524015], [-102.4431227516937, 21.673568527200104], [-102.44310336509453, 21.67295655842935], [-102.44456763314588, 21.673040065367577], [-102.44466605244195, 21.672662391072638], [-102.45085127791558, 21.672256488183933], [-102.45124487930784, 21.672702670178918], [-102.45114159375544, 21.673186358481612], [-102.45108218831808, 21.67344049730891], [-102.45111719516349, 21.67378411367519], [-102.45102995588947, 21.67407619531462], [-102.45096710453439, 21.674560504704814], [-102.45098509405996, 21.67508216997436], [-102.45108488608949, 21.67562089209435], [-102.45123748847875, 21.676246195369632], [-102.45136444098013, 21.67678533481235], [-102.45164127880362, 21.67734934838774], [-102.45190578484818, 21.67782514547024], [-102.45222663078096, 21.678495918005925], [-102.45267566362826, 21.679292799503042], [-102.4529128179381, 21.67977946077471], [-102.45320543540629, 21.68016766142475], [-102.45360912230485, 21.68045374086812], [-102.4540397019158, 21.68078988848588], [-102.45422638065031, 21.681022978496678], [-102.4542717782526, 21.68153152232558], [-102.45420445018559, 21.682270816440123], [-102.45414060252689, 21.682777682903616], [-102.45421372406844, 21.683288909463506], [-102.4544233229971, 21.683763860763904], [-102.45452569947437, 21.684122053832535], [-102.45479093918702, 21.684557231301586], [-102.45489018431604, 21.685093686840936], [-102.45502211138158, 21.68535076398698], [-102.455040310837, 21.68586114732025], [-102.4549788511279, 21.686266481335398], [-102.45470128307608, 21.686566928168247], [-102.45426219747755, 21.686713668856726], [-102.45379790246791, 21.686783279883695], [-102.45309021194122, 21.686720496119936], [-102.45219218830609, 21.686632213485446], [-102.45151361469847, 21.6864931294147], [-102.45097037098779, 21.686383208566895], [-102.45039504127479, 21.686552671852464], [-102.44957108102601, 21.686921446365446], [-102.44879873593977, 21.687444492766335], [-102.44821624281623, 21.688020113490172], [-102.4477972768441, 21.688600506546774], [-102.44762519355264, 21.68908087371224], [-102.44758816769944, 21.689640061148854], [-102.44771319626886, 21.690253656785643], [-102.4479680823951, 21.691275527372284], [-102.44814219416524, 21.692221670326578], [-102.4482378367105, 21.692961210222926], [-102.44827932130426, 21.693724744250925], [-102.44820959645917, 21.694563306973905], [-102.4480868232263, 21.695157287400708], [-102.4481645603677, 21.697289173607988], [-102.45484580593043, 21.697956193738996], [-102.46389003112826, 21.70016010442373], [-102.47711027067709, 21.695522643371913], [-102.47676102045817, 21.70208329442192], [-102.48016554509081, 21.70325012492982], [-102.48025338634973, 21.703511030264195], [-102.48473012445125, 21.704935588168482], [-102.48591432342735, 21.704861019840404], [-102.48769246503198, 21.706016560167114], [-102.50935927935082, 21.716895935233673], [-102.54237892836892, 21.732386072816574], [-102.54122764895465, 21.73569382231196], [-102.5469118068396, 21.737536535273044], [-102.54901712662708, 21.738615073258856], [-102.55025733473084, 21.739457317978715], [-102.55171854315368, 21.74222822153755], [-102.55498451143224, 21.74354281153744], [-102.55603168848312, 21.743553769226576], [-102.55765736926422, 21.7435732612087], [-102.55893577160457, 21.74369821722596], [-102.5629073089499, 21.74440684641442], [-102.56742793107531, 21.74450723519789], [-102.5695662697522, 21.742922487361973], [-102.57141614207161, 21.74379836946675], [-102.57233685351183, 21.742565890388857], [-102.57919118617474, 21.740695749612527], [-102.57868715276514, 21.74334288792541], [-102.59523884248635, 21.744056055935555], [-102.59547668338266, 21.74489921307455], [-102.59603010435555, 21.74583498912802], [-102.59573669841771, 21.74647855865638], [-102.59583659858849, 21.746899860639964], [-102.59664440364247, 21.747613606107294], [-102.59804092495523, 21.748087598800836], [-102.5985337523459, 21.748564264410014], [-102.59851696597178, 21.749500784261947], [-102.59841959439382, 21.750016283428323], [-102.59857784186532, 21.750271394196197], [-102.59769515972054, 21.75082514936845], [-102.59787974684954, 21.75370809398493], [-102.59843093097605, 21.75401857139236], [-102.5988629008187, 21.75372462772021], [-102.59886627172453, 21.7551196638147], [-102.60072313922518, 21.755160156547518], [-102.60156579282415, 21.76177713117057], [-102.60091706879503, 21.769327285693972], [-102.60121391722733, 21.77781211704786], [-102.60086381455055, 21.779208791408312], [-102.60137892025871, 21.780676715683683], [-102.59994552189742, 21.78907320522808], [-102.598018263907, 21.789097106981544], [-102.59668164962726, 21.789319190208023], [-102.59563235934364, 21.78988403237233], [-102.59574455441059, 21.791416080282552], [-102.59418788899245, 21.79070269486881], [-102.59430874172821, 21.791896281592184], [-102.59245311590672, 21.79218751350505], [-102.59160589498018, 21.792807189170077], [-102.59054727693591, 21.794577226376962], [-102.59045398257922, 21.79477224517576], [-102.59027573705643, 21.794916364992172], [-102.59016835915054, 21.795014116697452], [-102.59000899117788, 21.795077250979986], [-102.5898323686432, 21.795124332584024], [-102.58970886880418, 21.795138330752046], [-102.58956864327949, 21.795104682641064], [-102.58948101187971, 21.79506954490114], [-102.58939141652017, 21.795151754938896], [-102.58926572589709, 21.795296640709978], [-102.58899841166748, 21.795491375211345], [-102.58878678855649, 21.79553568736947], [-102.5885578358848, 21.79553234416406], [-102.58829354335644, 21.795546542435577], [-102.58811884715952, 21.795478531079286], [-102.5879099078303, 21.79532650155493], [-102.58759555407845, 21.79519098978798], [-102.58740386988384, 21.79505501242638], [-102.58708842092665, 21.79498494365584], [-102.586841118901, 21.795030989239493], [-102.58639993947415, 21.79510805944806], [-102.5860822606906, 21.79513501734571], [-102.58587196147107, 21.79510034182667], [-102.58567835003214, 21.79507945343846], [-102.58555345046209, 21.795176945713788], [-102.5854614305936, 21.795439696816906], [-102.5852620300674, 21.795764080232022], [-102.58511711350427, 21.796010256891186], [-102.5848665170878, 21.796252630543645], [-102.5846164496794, 21.79646341020431], [-102.5843168908687, 21.796490629481603], [-102.58382477923215, 21.796433770475154], [-102.58340444569434, 21.79631250073724], [-102.58302051395421, 21.7961105024285], [-102.58286500539876, 21.795943448274222], [-102.58277817088498, 21.7958609168505], [-102.58261166780169, 21.795844936090337], [-102.58253905685879, 21.795958991934576], [-102.58250098897682, 21.796139013163437], [-102.5823939083709, 21.796218705811693], [-102.5821285163313, 21.79629833765177], [-102.5818108707025, 21.79635914599026], [-102.58151184264996, 21.79635476668965], [-102.58115798651662, 21.79644890184293], [-102.58076966094787, 21.79650867276279], [-102.58029177200345, 21.796648390584274], [-102.57999217489399, 21.796677858570202], [-102.57974460328666, 21.79673968973777], [-102.57974210031907, 21.796888630107865], [-102.57944003732347, 21.797064780700193], [-102.57896377686521, 21.797107457524977], [-102.57859323359436, 21.797151683236628], [-102.57850594278781, 21.797132345356115], [-102.578380467813, 21.79726368161662], [-102.57825419569377, 21.79744240782066], [-102.57805864766657, 21.79753660044252], [-102.57793544598803, 21.797568651710897], [-102.5778444766001, 21.797732094785296], [-102.57784087082909, 21.79794647832258], [-102.57778080167819, 21.798356412179324], [-102.57767071495256, 21.79865049370621], [-102.5775622254047, 21.798813679498213], [-102.57736777603509, 21.79884242770791], [-102.57724396900252, 21.798874469474356], [-102.57709336366084, 21.79881131447553], [-102.57700296199226, 21.798940906896203], [-102.57694873403298, 21.79903942897226], [-102.57670168908948, 21.79906966172973], [-102.57652619801813, 21.799049028226776], [-102.5764210111827, 21.799015883162475], [-102.57631529265923, 21.7990143313586], [-102.57617510576861, 21.7989784151522], [-102.5759653022652, 21.798878274556323], [-102.57588021424368, 21.798728048639582], [-102.57581120554053, 21.79862771766902], [-102.5757246399373, 21.79852938612452], [-102.5756534621874, 21.798593800517754], [-102.57554527448677, 21.79873893145944], [-102.57531213929639, 21.798983802510197], [-102.57509993856004, 21.799061946192474], [-102.57499285201544, 21.799141633433184], [-102.5747455407467, 21.799187659849807], [-102.57444593822241, 21.799217117162843], [-102.57428766250479, 21.79921479195309], [-102.57419946306828, 21.799213496159823], [-102.57403768884802, 21.79877321849463], [-102.57323268803752, 21.799032255315478], [-102.5727271557368, 21.798803616925774], [-102.57255147580217, 21.7987942625747], [-102.57226912675803, 21.798839770141978], [-102.57218069477202, 21.798888128673894], [-102.57212532693619, 21.799018233204347], [-102.57201740190136, 21.799147564856725], [-102.57189359383193, 21.79917960247222], [-102.57145380581642, 21.799173134426077], [-102.571172293244, 21.799168993552183], [-102.5710131805337, 21.799216311664903], [-102.57074671247986, 21.799359110461417], [-102.57067241549073, 21.799572452887247], [-102.57066796113651, 21.79983648167172], [-102.5706813304179, 21.800082714969616], [-102.57062732134888, 21.80074102742778], [-102.57049380211231, 21.801348511022073], [-102.57028940437748, 21.8020023527995], [-102.57019590988804, 21.802314729733734], [-102.57005431276143, 21.802362304401306], [-102.56984370978086, 21.802309545732918], [-102.56956554364982, 21.80210681602105], [-102.56907479514733, 21.801968672301424], [-102.56865114700014, 21.802043693455257], [-102.5683843665749, 21.80220454090503], [-102.5679567912847, 21.802511995237708], [-102.56765443673444, 21.802703918271103], [-102.56735318716312, 21.802830397826156], [-102.56717647972275, 21.802845851575913], [-102.56695792166403, 21.802727512891106], [-102.56674926477851, 21.802559661233076], [-102.5662963416607, 21.802257290457955], [-102.56610463335637, 21.80212354608783], [-102.56577139757334, 21.80206897438778], [-102.56529679955923, 21.80201231736946], [-102.56475239213607, 21.80193882883094], [-102.56380155020122, 21.801958658668873], [-102.5631974127602, 21.80266527719107], [-102.56251441160876, 21.80328269756004], [-102.56229789585089, 21.803543593605653], [-102.56197555838796, 21.803737467562097], [-102.56137445996153, 21.8037285891681], [-102.56066925465069, 21.803587252501465], [-102.56027909374174, 21.803646945787793], [-102.56006476142497, 21.80374309500971], [-102.55981259774336, 21.80400346048827], [-102.55889255454254, 21.804023716115683], [-102.55836547611938, 21.80378342954958], [-102.55780392667397, 21.8035448886789], [-102.55723901833831, 21.803468814675085], [-102.5567242733986, 21.803463454367368], [-102.55594563636257, 21.803483529342287], [-102.5552578173791, 21.80345754444294], [-102.55481016827407, 21.80345091457607], [-102.55426123034974, 21.803537585136308], [-102.55376029562416, 21.803715252939007], [-102.5533838076793, 21.803894763547905], [-102.5529341632592, 21.804005472988088], [-102.55248731888496, 21.803951447552137], [-102.55199029502788, 21.803898934012718], [-102.55171820423931, 21.803802354037757], [-102.55167086421675, 21.803636876905824], [-102.55170099440271, 21.803499635025503], [-102.55223515903727, 21.80275365366131], [-102.55248321038981, 21.80209597360866], [-102.55244287989703, 21.80169585241878], [-102.55173107955339, 21.801730442178673], [-102.55077631762464, 21.802158690325367], [-102.549679748898, 21.8025396839767], [-102.5483461996207, 21.802962294472287], [-102.54730273776724, 21.802991938773307], [-102.54673354034955, 21.80302636773972], [-102.54621429822446, 21.802930620469787], [-102.54597620707469, 21.8024350149526], [-102.54574166691673, 21.8022983544608], [-102.54488390515726, 21.80313204470067], [-102.54463577949703, 21.803791966455552], [-102.54401130895842, 21.804267971421066], [-102.5432501047757, 21.80443496205812], [-102.54263224048816, 21.804558939270613], [-102.54200248177479, 21.80534409075059], [-102.54197424438512, 21.806537718444815], [-102.54170692989507, 21.806833942429186], [-102.54159275348593, 21.807150504217322], [-102.54146497978554, 21.807803183002022], [-102.54090973671225, 21.808045458454682], [-102.53987670556842, 21.80774566024347], [-102.53905681355128, 21.80809232894204], [-102.53862196446649, 21.80857339468833], [-102.53818848851992, 21.80900933602492], [-102.53727926037158, 21.809526207570805], [-102.5362357559642, 21.809555777159684], [-102.53557168515366, 21.80958874899166], [-102.53504033381132, 21.81019927881128], [-102.53450760053478, 21.81085492927116], [-102.53398015989768, 21.811201424538442], [-102.53326892049103, 21.811235938788087], [-102.5327914853443, 21.811450004433745], [-102.53245451251139, 21.811754198316166], [-102.53187920577098, 21.81214285662168], [-102.53106931789254, 21.812397087751595], [-102.53054341310622, 21.812653307261964], [-102.52973580615597, 21.812774392905432], [-102.52916653331656, 21.81281101376051], [-102.52831274820366, 21.812841114391414], [-102.527650912462, 21.8127431710763], [-102.51966016423475, 21.80914047934164], [-102.51960563543113, 21.809604633067554], [-102.5195793626347, 21.810042125575457], [-102.51944159558141, 21.810392170572463], [-102.519267266429, 21.810689751348722], [-102.51907395446136, 21.81096673215965], [-102.5190153195056, 21.81110805118266], [-102.51887908550245, 21.811333975274017], [-102.51877968685965, 21.811666539074764], [-102.51869841170412, 21.811999375264666], [-102.51854284589687, 21.81229497991904], [-102.51827154273909, 21.81274910148606], [-102.5181123351463, 21.81322070841339], [-102.51799360051267, 21.8135529806215], [-102.51769614477055, 21.814261765224714], [-102.5174411881792, 21.81485381673169], [-102.5171144313382, 21.815334187076967], [-102.5168707512434, 21.81572777807516], [-102.51648275723177, 21.81625462532074], [-102.51553102590907, 21.816461498004106], [-102.514916954897, 21.81636196493419], [-102.51440091393778, 21.81604496346795], [-102.51417246993343, 21.815556236276546], [-102.51413224731064, 21.81515611595586], [-102.51394710754127, 21.814889240985583], [-102.51328757952442, 21.814658103326796], [-102.5129103032625, 21.814564388888954], [-102.51238970890132, 21.81451139883379], [-102.51195783909286, 21.814814116050794], [-102.51138243248971, 21.815204952877135], [-102.51090726103556, 21.81528581426057], [-102.51052846259732, 21.81528009981429], [-102.51024391074235, 21.815275806573467], [-102.51015671384566, 21.81483209174187], [-102.50978709459137, 21.81429608674355], [-102.5096512535042, 21.813939666068546], [-102.50927490158465, 21.81375792921176], [-102.50818353026837, 21.813479625037466], [-102.50791366408664, 21.81374414898705], [-102.50734088952224, 21.814017639913477], [-102.50595866361775, 21.814308239302697], [-102.5055002788765, 21.814606023531937], [-102.5051622805661, 21.81507039716787], [-102.50447438302034, 21.815813877029996], [-102.50376738331313, 21.81549847033359], [-102.50312206517445, 21.815215594013516], [-102.50218397928774, 21.814670971251847], [-102.50176282578596, 21.814355369102262], [-102.5011094777038, 21.813769908947098], [-102.5006875453898, 21.813499435161685], [-102.50016447063312, 21.813624682503395], [-102.49963773247286, 21.813925928391992], [-102.4992066257201, 21.814183479231612], [-102.49910543860322, 21.81458145679455], [-102.4990686510369, 21.815237722500438], [-102.49824214986205, 21.815401249294016], [-102.4976177353706, 21.815619750446807], [-102.49698829636775, 21.815953286065422], [-102.49637281939434, 21.816352487389167], [-102.49577896850384, 21.816481159936544], [-102.48831585218032, 21.816654376272407], [-102.4871186580673, 21.816658718831253], [-102.47421329977756, 21.817104941090452], [-102.47621326555682, 21.814363831523163], [-102.47375632390406, 21.8144278045084], [-102.47232387821904, 21.81444423876886], [-102.47138265513745, 21.81442981821203], [-102.47063142301299, 21.814470217713694], [-102.46963515542497, 21.814493313891738], [-102.46891114852289, 21.814531865872187], [-102.46834484844062, 21.81453672094511], [-102.46823574070146, 21.81452150441659], [-102.46797657269074, 21.814517527776978], [-102.46762147703967, 21.81453916359565], [-102.46728927329349, 21.814461838283197], [-102.4670174505202, 21.814421552559832], [-102.46676872008688, 21.81444256217946], [-102.46654459962542, 21.814472977598264], [-102.46632476385794, 21.814568913911742], [-102.46187573815037, 21.814654021745365], [-102.46188808216128, 21.81669460965627], [-102.46141133099451, 21.81741179676723], [-102.4567682468702, 21.817633711568657], [-102.45638168958905, 21.81789634388932], [-102.45522105511353, 21.820036203664717], [-102.45471659436473, 21.820780024915283], [-102.45342115325847, 21.823840926975027], [-102.452396569008, 21.82607314111632], [-102.45150677626191, 21.827790561617917], [-102.45028957542311, 21.830180031618525], [-102.44994281131737, 21.830479372965467], [-102.44953061928825, 21.830651306302876], [-102.44909283976475, 21.830732560412912], [-102.44868272502136, 21.830753300771182], [-102.44827009044364, 21.83095005153582], [-102.44757399740132, 21.830977649006382], [-102.44649602698415, 21.83151168219464], [-102.44569821356454, 21.83185594085894], [-102.44550364277683, 21.832058318734536], [-102.4452583440067, 21.83205451864218], [-102.44505332509505, 21.83206262753502], [-102.44484465638054, 21.83227607135956], [-102.44471284905408, 21.832619357882066], [-102.4444934214904, 21.83279200749334], [-102.44431656250828, 21.832881805630464], [-102.44404178248253, 21.832938487065462], [-102.44368078442099, 21.833289505051425], [-102.44345813745969, 21.833541099927615], [-102.44315536681752, 21.83367634250913], [-102.44295010490873, 21.833697987108394], [-102.44273038660754, 21.83378486166965], [-102.44234792693672, 21.83435673416736], [-102.44216752561134, 21.83454352783801], [-102.44189238225805, 21.83465436885494], [-102.44165764092541, 21.834804206058504], [-102.4415311336919, 21.835018919680593], [-102.44156904589337, 21.835197814685365], [-102.44131876150797, 21.83547380474581], [-102.44115140870731, 21.83567434182928], [-102.44109188708673, 21.835928464333946], [-102.44079983182256, 21.83624217489649], [-102.44050821729515, 21.836531064166913], [-102.44030045956285, 21.83669260315267], [-102.44010796452632, 21.83677763927989], [-102.44000795885648, 21.83703113259548], [-102.439786666193, 21.837206002926035], [-102.43951039045743, 21.83738001901439], [-102.43946854191258, 21.837456108585194], [-102.43857089046408, 21.838685795607866], [-102.43841400780012, 21.839078340500595], [-102.43829784772774, 21.839457975695364], [-102.43820057203975, 21.83955803099984], [-102.43806285342504, 21.83962134507021], [-102.4378150487192, 21.839757430466573], [-102.43753856451598, 21.839942724568054], [-102.43738348824233, 21.840233729330464], [-102.43717411181292, 21.840485520040165], [-102.43704646537323, 21.840763408554515], [-102.43690492137867, 21.8410410808398], [-102.4360566117838, 21.842720667972582], [-102.4356020361282, 21.843571271103293], [-102.4353346454301, 21.844025289516857], [-102.43502979098491, 21.8442755910279], [-102.43468763505696, 21.844347005458953], [-102.43416646479078, 21.844492371780536], [-102.43376750925376, 21.844664466598278], [-102.43363191080836, 21.84538686357267], [-102.43415078754799, 21.845370114589553], [-102.43454563458653, 21.845428172703546], [-102.43481153641736, 21.845870176315135], [-102.43491324805159, 21.846266740655096], [-102.43508090235368, 21.846829094868678], [-102.43522394540082, 21.847212760105997], [-102.43535458206465, 21.847546577401975], [-102.43534640350471, 21.848004628547937], [-102.4354749863039, 21.848453522707285], [-102.4355778691766, 21.848784651000475], [-102.43566423600414, 21.849296085192492], [-102.43561609651393, 21.84969031749991], [-102.4355984920446, 21.84993154645177], [-102.43554390649876, 21.85034824873373], [-102.43537402915418, 21.85051939681943], [-102.43525607634979, 21.850862887559778], [-102.43510460765559, 21.85105237807481], [-102.43489480633687, 21.851360583268605], [-102.43452379056133, 21.851354807500485], [-102.43430299545177, 21.85122949002923], [-102.43413621984534, 21.851226893274927], [-102.433873888569, 21.85136274444402], [-102.43370497581373, 21.85147973674145], [-102.43349545323974, 21.85177214494756], [-102.4332159611815, 21.85181970336271], [-102.43295673304776, 21.85181566521841], [-102.4326966183444, 21.85182741207936], [-102.43234433499426, 21.851788067671237], [-102.43232189031627, 21.85202922033181], [-102.43217013516094, 21.852200646987946], [-102.43210990291963, 21.852459266965035], [-102.43234850272246, 21.852602921061766], [-102.43256562752273, 21.852899718409038], [-102.43256038293711, 21.853193050825293], [-102.43270592633804, 21.853369110011382], [-102.4325348316206, 21.853607946525276], [-102.43252736778892, 21.85402538106825], [-102.43264986264349, 21.854442583589123], [-102.4330420285557, 21.856376198983284], [-102.43269547359998, 21.85709756318089], [-102.4325344317461, 21.85778796205385], [-102.43301803621631, 21.858766021422664], [-102.43225707900515, 21.859810452546657], [-102.43193162865215, 21.86029741180529], [-102.43192573491925, 21.860626846212597], [-102.4319398673853, 21.860850512434705], [-102.43184397819059, 21.861040865004355], [-102.43161513737455, 21.861364566311956], [-102.4316454577101, 21.86176453315284], [-102.43176641980627, 21.862267479544332], [-102.43192577944762, 21.86268525744902], [-102.43177340553102, 21.86289052838509], [-102.43163572689312, 21.86332173112028], [-102.43168635548348, 21.863633990478803], [-102.43179040187391, 21.864035106855376], [-102.4315999112281, 21.86430975100281], [-102.43146069564662, 21.864826696468416], [-102.43127024357854, 21.865099083649152], [-102.43102322413456, 21.865424756876617], [-102.430982646168, 21.86559791502591], [-102.43088893322223, 21.865666421081748], [-102.43081274380945, 21.86576905583364], [-102.43051509399871, 21.865816324039603], [-102.43034398046487, 21.86602130078801], [-102.43004479451412, 21.866154311094782], [-102.4293032958089, 21.866108883561008], [-102.42907908912947, 21.86617309457168], [-102.42880940733176, 21.866717341440538], [-102.42878444491319, 21.867098388766678], [-102.42879764204028, 21.867373951716207], [-102.42896039068475, 21.867636050306437], [-102.428938220046, 21.86782755121953], [-102.42893357055755, 21.86808703637842], [-102.4289823360166, 21.868469234734626], [-102.42897489668857, 21.868884410966626], [-102.42880066129509, 21.869296982983908], [-102.4287041973378, 21.869485066765716], [-102.42856650120572, 21.8699162651085], [-102.42833573386639, 21.87037986512473], [-102.42803467621924, 21.870616664606725], [-102.42777230272006, 21.870752501748225], [-102.42734191995379, 21.870919568968514], [-102.4267453834046, 21.871081781543765], [-102.42589836502259, 21.871727592569528], [-102.42569065261836, 21.872859625794], [-102.42577785389058, 21.873154401551236], [-102.42556674086913, 21.87353253695327], [-102.42540903689945, 21.874067241378043], [-102.42508951519503, 21.874287946500548], [-102.4243246250536, 21.87449942727819], [-102.42353256166022, 21.875617799252545], [-102.42309058460123, 21.87807779883747], [-102.42124656661943, 21.878491297894776], [-102.41704127846288, 21.881686743051823], [-102.41888676123696, 21.883746999199857], [-102.41499270267904, 21.889150087766318], [-102.41346599564382, 21.891100972080984], [-102.41273504757854, 21.891536366079343], [-102.41264041914896, 21.891620644032074], [-102.41202406819167, 21.89183665070684], [-102.41165046867512, 21.891968450918185], [-102.40995168847746, 21.892496939520793], [-102.40913168866481, 21.89267361690498], [-102.40680465276223, 21.893205719143793], [-102.40586188310806, 21.8934842659597], [-102.40480148421804, 21.893781264548277], [-102.40438517341947, 21.893867233780856], [-102.40398430857715, 21.89390153495363], [-102.40352564654364, 21.893989090671088], [-102.40311007074348, 21.89403444242587], [-102.40275162888275, 21.89409649393267], [-102.40232239638534, 21.89412808615512], [-102.40186411052744, 21.894161475424923], [-102.40120600558036, 21.89417816535301], [-102.40063384229451, 21.894223294233143], [-102.40010427513702, 21.894253295347983], [-102.39971077554141, 21.89431478605628], [-102.39946807382711, 21.89432900586184], [-102.39922824026945, 21.89431844386654], [-102.39899690967721, 21.894305758969022], [-102.39875276338604, 21.89429964206218], [-102.39850717255135, 21.89427318914322], [-102.39808219103614, 21.89423712801956], [-102.39748322830222, 21.894159945198897], [-102.3971112625526, 21.894167602780467], [-102.3966822352138, 21.894187898488813], [-102.39633878985708, 21.894223089302006], [-102.3958244265793, 21.89421494855179], [-102.395309705198, 21.89419325867637], [-102.39502466429616, 21.89417520394929], [-102.39449530331146, 21.894193905272154], [-102.39406616426352, 21.89418710865614], [-102.39353744892009, 21.89420356012818], [-102.39316523757407, 21.894224746676038], [-102.392679283358, 21.894217046206457], [-102.39199301987551, 21.8942197109976], [-102.3901776067365, 21.894242833796653], [-102.39062471181921, 21.89837566320398], [-102.39121454378191, 21.898091612433944], [-102.39145683482688, 21.898000661987925], [-102.391737293117, 21.898005109025675], [-102.39214377953195, 21.8980612068911], [-102.39239706794694, 21.898096819665344], [-102.39259126793698, 21.898057015478386], [-102.39287184976955, 21.898054691634496], [-102.39311253881054, 21.898051735128547], [-102.39332738293491, 21.89797388868561], [-102.3934296487927, 21.89786943147977], [-102.39545772862493, 21.90267956704674], [-102.3953678209765, 21.905661861021194], [-102.39489547982147, 21.90543545325973], [-102.39476792568709, 21.905467287258958], [-102.39466485618262, 21.90554916241045], [-102.39453664513327, 21.905617097348753], [-102.39443722887403, 21.905498159790973], [-102.39413490533464, 21.905398576927556], [-102.39399527314714, 21.905396364378014], [-102.39385325954476, 21.905525018250287], [-102.39363705358397, 21.905544161610106], [-102.3934225313079, 21.90547079560633], [-102.39327279259459, 21.905326233169845], [-102.39319749212522, 21.905277643255268], [-102.39291842194439, 21.905295789232827], [-102.39267723949348, 21.905291965716255], [-102.39233450662793, 21.905286531691043], [-102.39205479093167, 21.90530692292106], [-102.3918504162365, 21.90537364787216], [-102.39168427526079, 21.905465805588964], [-102.39150763033342, 21.90540432274048], [-102.39118814787228, 21.905516617352582], [-102.39113737260703, 21.905515811889504], [-102.39080753897625, 21.905499294427567], [-102.39063155225014, 21.90540170964784], [-102.3903941813717, 21.90522189990425], [-102.39014314282332, 21.905062185658515], [-102.38990303043374, 21.904999693984504], [-102.38935178374808, 21.90492323547009], [-102.38993234071194, 21.90551474723264], [-102.38829611778367, 21.90936397580888], [-102.38804801951383, 21.909937817315136], [-102.38792463161019, 21.910337596435085], [-102.38781081719162, 21.910676589526187], [-102.3876875924456, 21.911067343079644], [-102.38757480596551, 21.91134992819921], [-102.387397327115, 21.911764645935893], [-102.38719957105545, 21.912296403078255], [-102.38709556157114, 21.912594925873965], [-102.38666593021705, 21.912579069711366], [-102.38629883700216, 21.912582262281493], [-102.38582536630578, 21.91254990829942], [-102.38533332149024, 21.912508229756764], [-102.38465495577516, 21.91240490519514], [-102.38422590313537, 21.912357454525154], [-102.38379766155678, 21.912298730882704], [-102.38334217707357, 21.912241829542374], [-102.38301625926138, 21.91227501053187], [-102.38285364954585, 21.912371728221075], [-102.38310601838509, 21.91292192824322], [-102.3829645253677, 21.912921933044384], [-102.38288061012982, 21.91294768075513], [-102.38283014832538, 21.91296267617548], [-102.38290548833463, 21.913108320526764], [-102.38296866890266, 21.9133237368916], [-102.38298148432155, 21.913515782007536], [-102.38303264344455, 21.91376034741475], [-102.3830801358014, 21.91390780540939], [-102.38309421577829, 21.9140637593805], [-102.38309623280672, 21.914251118701042], [-102.38306417729288, 21.91448307474924], [-102.3829816179449, 21.914732282476564], [-102.38289905826461, 21.91498149012722], [-102.38287252518097, 21.915209020086547], [-102.38284722956676, 21.915368861115713], [-102.38285220203757, 21.91542762107448], [-102.38238499623911, 21.915713586579663], [-102.38156186211258, 21.916350480224214], [-102.38011772773504, 21.918340670912816], [-102.38004265123683, 21.918511002489133], [-102.38090028471291, 21.919294289781476], [-102.38049443712877, 21.919134350013067], [-102.38016288626686, 21.91911101044481], [-102.3797727082948, 21.91915218719995], [-102.37953460605509, 21.919243183392684], [-102.37926347235761, 21.91938781932984], [-102.37910135847932, 21.919522908371707], [-102.37895697736606, 21.91974630095356], [-102.37888234845677, 21.919991118208486], [-102.37881281396764, 21.920287926435144], [-102.37872978344213, 21.920661255577045], [-102.37867455510076, 21.920870270886834], [-102.37860075155453, 21.921069962121315], [-102.37851421135686, 21.92127170710666], [-102.37836976015146, 21.921465757487113], [-102.37827055530954, 21.921599591886952], [-102.37825641335448, 21.92167835943203], [-102.3783056279577, 21.921929665516796], [-102.37839412695733, 21.92211614676412], [-102.37847526328397, 21.92227542718397], [-102.37854936755899, 21.92238945648273], [-102.37863116553812, 21.922512636253895], [-102.37872868152604, 21.922636066680383], [-102.37867777687528, 21.922906088408485], [-102.37867269269996, 21.923183611760948], [-102.37861405266082, 21.92344673921306], [-102.37860814670132, 21.92367008271465], [-102.37857531552413, 21.923811746669493], [-102.37851746036833, 21.924032004575388], [-102.37848373505842, 21.924189452853568], [-102.37844931223934, 21.924285952444755], [-102.37824958144951, 21.92426245379086], [-102.37799183058368, 21.924204175054633], [-102.37775229886138, 21.92414167274047], [-102.37752643944194, 21.924059075759015], [-102.37726536748252, 21.923951090156947], [-102.37705289127051, 21.92386419225674], [-102.37681464300067, 21.923731743867897], [-102.37664281149954, 21.923604869225347], [-102.37529763931639, 21.925334778793218], [-102.36910853925737, 21.920785139632667], [-102.36588013085505, 21.918415564774534], [-102.36148455134325, 21.91517408766423], [-102.36141211463399, 21.915134557327832], [-102.35827733027722, 21.914619288108973], [-102.35279194672127, 21.913596690139954], [-102.34626672074718, 21.91243977533781], [-102.34630021564261, 21.913503318797936], [-102.34390810287593, 21.913507571078224], [-102.34306625090227, 21.913516537205002], [-102.34233191252193, 21.913531750830412], [-102.34144386957249, 21.913553503302573], [-102.33882282799334, 21.913610401579376], [-102.33673314796654, 21.91364201303713], [-102.33549365519153, 21.913671580797132], [-102.33087910997475, 21.913693773790342], [-102.33097542953521, 21.913943594954286], [-102.3311422049741, 21.914176504786465], [-102.33147075816372, 21.914748316589428], [-102.33167070817872, 21.91492082858022], [-102.33208215795302, 21.915132883058458], [-102.33286371012163, 21.91566690589114], [-102.33308234687956, 21.915388341955875], [-102.33315852152764, 21.9153241279439], [-102.33321897552403, 21.91542215483274], [-102.33326085881339, 21.91551085290317], [-102.33335249380173, 21.91562292689406], [-102.33351045997837, 21.915842150540698], [-102.33365604273554, 21.916076971437978], [-102.33368460184593, 21.9161993066499], [-102.33370696410415, 21.916362165347504], [-102.33372914219822, 21.91650245216915], [-102.33376896664636, 21.916701704311084], [-102.33394455501649, 21.91701374594057], [-102.33454131942557, 21.917957775782934], [-102.33493512794088, 21.91859834716396], [-102.33551675739567, 21.919641432204088], [-102.33608577662426, 21.92058275131486], [-102.33664393830317, 21.921555489535656], [-102.3370168429151, 21.92198808451411], [-102.33724906669877, 21.922246875824452], [-102.3373837633248, 21.922449921468502], [-102.33727804715663, 21.923159129777275], [-102.33827223875775, 21.92539827419381], [-102.33966813385749, 21.928930348389216], [-102.3404134087677, 21.930932994339827], [-102.3409280344615, 21.93216907484109], [-102.34122699224874, 21.93297059718444], [-102.34143139678137, 21.933718680510566], [-102.34152502004646, 21.933724709349633], [-102.34175258319961, 21.93394279673534], [-102.34215350347478, 21.935213145278084], [-102.34256023073007, 21.93643167861337], [-102.34288395396294, 21.937398353215574], [-102.3434367870884, 21.93908642625947], [-102.34232203968, 21.939030025782902], [-102.34218903096298, 21.939027873600264], [-102.34186276483346, 21.939011309435344], [-102.34168220374744, 21.938997102816803], [-102.34145171393635, 21.93896854651635], [-102.3412084860274, 21.938942040600704], [-102.34095981699399, 21.93891544624724], [-102.34074686050225, 21.93888717281625], [-102.34060140764075, 21.938871276529074], [-102.34042416372876, 21.938841324006077], [-102.34017489056828, 21.93881471870552], [-102.33985776145303, 21.938762188290326], [-102.33905586695472, 21.93866343760903], [-102.3387394020322, 21.9386402554288], [-102.33841655545126, 21.938635024359712], [-102.33803635775747, 21.93862434943999], [-102.337758233993, 21.938588245409797], [-102.33744143359596, 21.938583110427107], [-102.3356429115679, 21.9384185336069], [-102.33509852224309, 21.938391647229444], [-102.33472383591437, 21.938344943944262], [-102.33441625809793, 21.93829932888169], [-102.33393583988297, 21.938214797820635], [-102.33360192932894, 21.938186808936013], [-102.33329720700567, 21.938150265717116], [-102.33290243367605, 21.938175452512525], [-102.33262593162509, 21.938182247049454], [-102.33235100240341, 21.93813715836866], [-102.33203354257282, 21.93810266285063], [-102.33169069078147, 21.93806775424936], [-102.33137338484791, 21.93799263611958], [-102.33092972317698, 21.937915464276195], [-102.33058093815512, 21.937842090041723], [-102.33026331127964, 21.937816615985916], [-102.32991549608617, 21.937691347925394], [-102.32961396795982, 21.9376458224269], [-102.32941811388224, 21.937608785127946], [-102.32917340146372, 21.937532586261], [-102.3289254978875, 21.937465362669588], [-102.32869130339556, 21.937441242340466], [-102.32845723549056, 21.937410353110103], [-102.32820089723579, 21.93740618384011], [-102.32799043573098, 21.93734182477433], [-102.32732262377502, 21.937188777116027], [-102.32675764631932, 21.937163785425298], [-102.3262321494462, 21.937064957592284], [-102.32508025025237, 21.936992038794347], [-102.32439462497389, 21.936369260138505], [-102.32372234021733, 21.936746490357596], [-102.31953666998653, 21.936111769098204], [-102.31859183098071, 21.93599479001743], [-102.31424930993975, 21.935278386989715], [-102.31280207769181, 21.9350899688324], [-102.3085040273781, 21.934392200433535], [-102.30847286366452, 21.93730077059171], [-102.3084032796789, 21.940001080027503], [-102.3079103213087, 21.93994109327972], [-102.30755041173369, 21.939881029340185], [-102.30659167035466, 21.93979534774363], [-102.3052884019006, 21.939667898954912], [-102.30398003622896, 21.939522301569156], [-102.30286013772725, 21.939420412080253], [-102.30033879123259, 21.93920295573932], [-102.29624982833995, 21.93953515639078], [-102.29609283649239, 21.937731618780738], [-102.29105728716682, 21.939032083980884], [-102.29093032158217, 21.941487673702394], [-102.29079494957806, 21.944769121726374], [-102.29065070427012, 21.947784116411203], [-102.29054389237209, 21.950100112053228], [-102.28960606847777, 21.95012074192623], [-102.28897145725088, 21.95016217117097], [-102.28863543024008, 21.950181447277163], [-102.28504122488465, 21.950399640293462], [-102.28185005905073, 21.950509329259305], [-102.28075181891758, 21.953461105121665], [-102.28176052536396, 21.953403335901648], [-102.290325820932, 21.9528927169144], [-102.29017206369686, 21.957076583983852], [-102.29005608709497, 21.962901780794898], [-102.28701164994581, 21.962404629243768], [-102.28548317864154, 21.962151415840435], [-102.28304387829864, 21.961768014563926], [-102.27999095663074, 21.96130670491888], [-102.27797866578604, 21.960988983995694], [-102.27898861204635, 21.958297564551675], [-102.27588157921129, 21.957760814044498], [-102.27265028018752, 21.95717680578459], [-102.2743143924023, 21.953740259597783], [-102.2663903456067, 21.951870770009684], [-102.26683274508062, 21.948820183480642], [-102.2669421947513, 21.947271589264993], [-102.26699319934019, 21.94501564570284], [-102.26704742385063, 21.94426729291967], [-102.26675626160252, 21.943206268006332], [-102.266512710297, 21.94332408104104], [-102.2662273136761, 21.943416372371168], [-102.266026469252, 21.94348298933919], [-102.26579487776004, 21.943512985454465], [-102.26557390911951, 21.94352510378643], [-102.2653219347129, 21.943514137585815], [-102.26507535831044, 21.943505517689925], [-102.26485935592444, 21.943542542453173], [-102.26464244675796, 21.943626944404535], [-102.26447882547006, 21.943676125080813], [-102.26432008379629, 21.943723130082795], [-102.26423026257274, 21.94377128310799], [-102.26413508658436, 21.943783238242286], [-102.26405627705856, 21.943793209204358], [-102.26399258162884, 21.943835026986804], [-102.2638557337092, 21.94384403086843], [-102.26376073032505, 21.943878556539914], [-102.2636287187683, 21.943919235849474], [-102.26356126603949, 21.943999356240482], [-102.26348409730386, 21.944018381407346], [-102.2633721222725, 21.944118070869408], [-102.26330544687954, 21.944157581904815], [-102.26316255275556, 21.944198079442522], [-102.2630183195407, 21.94427691991714], [-102.26293998408278, 21.944356858621113], [-102.26287231473513, 21.944448258999476], [-102.26277178289068, 21.944518800484584], [-102.26273740785406, 21.944608498974983], [-102.26262677137143, 21.944638249755805], [-102.26250546826617, 21.944688133721225], [-102.26242635444929, 21.944808681314786], [-102.26229200853383, 21.944939591974368], [-102.26218119837407, 21.94500996167901], [-102.26210346711667, 21.94505831497047], [-102.26199127422375, 21.94516928362156], [-102.26190067227768, 21.94532123434268], [-102.26175600503198, 21.94542263415649], [-102.26163236731284, 21.945562749870067], [-102.26153144438334, 21.94568519000237], [-102.2614737047083, 21.94582640452754], [-102.2613953675196, 21.945906342303644], [-102.26125108843996, 21.945987436994773], [-102.2611844541326, 21.94605628591842], [-102.26112727602006, 21.946168171441762], [-102.26111306437627, 21.94634170679899], [-102.26106599013563, 21.946494382934137], [-102.26103096485082, 21.946617921833774], [-102.26088573350486, 21.946748649482377], [-102.26084043181825, 21.946808826940394], [-102.26080216712532, 21.946943595643702], [-102.26076614767979, 21.947087428921776], [-102.26075310300486, 21.947200050493066], [-102.26072839744126, 21.947353099630583], [-102.26048440316056, 21.94746186808574], [-102.26018681718193, 21.947558457989], [-102.25996674900624, 21.947586380668696], [-102.25969348103298, 21.94751863032772], [-102.25956224511292, 21.94748710187079], [-102.2592875929856, 21.947491544798122], [-102.25910017093672, 21.947551606165806], [-102.25889974709185, 21.947690437591053], [-102.25867656254199, 21.947880794689475], [-102.25853054878351, 21.948052128922466], [-102.25835305594495, 21.94816200429227], [-102.25807719060471, 21.948229614652057], [-102.25774712915026, 21.948285035470754], [-102.25738359900066, 21.948351180441726], [-102.25709162242873, 21.94847042585162], [-102.25675995951548, 21.948577723738143], [-102.25662798544008, 21.948616140683683], [-102.25512608191315, 21.94910107031357], [-102.25479419975298, 21.949219644165936], [-102.25441844021017, 21.94935553775586], [-102.25397634668538, 21.94951288871196], [-102.25372406123687, 21.949517696039525], [-102.25347112533662, 21.949556343695487], [-102.25324931902627, 21.94967449880076], [-102.2529839414588, 21.949762586516623], [-102.25277068813698, 21.94984477565698], [-102.25257164100363, 21.94994299963159], [-102.25238365249463, 21.95000078651946], [-102.25229420867377, 21.95009181725239], [-102.25213769326814, 21.950242658187957], [-102.25194775163013, 21.95040196653231], [-102.25181455995435, 21.95050354853482], [-102.25166853562577, 21.950674875480995], [-102.25144611866257, 21.950824612411378], [-102.25129020920157, 21.95094386774274], [-102.25103492964202, 21.951072742899765], [-102.25089007586026, 21.951183155835913], [-102.25071257394066, 21.951293021888326], [-102.25055822634428, 21.951331058893206], [-102.25043691736448, 21.951349338163926], [-102.25035952642945, 21.95137963675618], [-102.25031404199012, 21.951480429536645], [-102.25028971491332, 21.95161317142628], [-102.25022264199063, 21.951672980745307], [-102.2494102019294, 21.952029480520608], [-102.2484591405374, 21.950099805267186], [-102.24237217767705, 21.9531007203512], [-102.2349746017884, 21.956808242545026], [-102.23462738537162, 21.95699872994536], [-102.23239763851399, 21.95917501248765], [-102.23054101454586, 21.96097616640612], [-102.23003595561131, 21.961414476829777], [-102.22943704763098, 21.964507380920125], [-102.22911163480326, 21.965442945392944], [-102.22906372216346, 21.965667809931862], [-102.22867903325785, 21.969064470225412], [-102.2282958664328, 21.97185183449683], [-102.228249772543, 21.972512278721574], [-102.22759841926246, 21.97493628642431], [-102.21817289758751, 21.97340236480102], [-102.21799257853469, 21.988232713183734], [-102.21866746599942, 21.99661658135711], [-102.22559817417937, 21.997228269307605], [-102.22616988437323, 21.99728985072417], [-102.22916171051345, 21.999238367341054], [-102.22730587020959, 22.010014439435185], [-102.22684322697157, 22.01093637875715], [-102.22343765638367, 22.01071169519423], [-102.22320029247571, 22.019813528307562], [-102.22303989000433, 22.023787142404498], [-102.22298906805244, 22.031508758932357], [-102.2093461951691, 22.028853054202546], [-102.20799355695112, 22.037931233644258], [-102.19614075106054, 22.03642649075531], [-102.1876137309554, 22.035517432437185], [-102.17890605837466, 22.032862688681487], [-102.17734661335624, 22.03957641626189], [-102.16695398166172, 22.03790970331541], [-102.17110985490528, 22.02574157000207], [-102.15779937536283, 22.02644528741489], [-102.15758543080865, 22.021251337260523], [-102.15752237288454, 22.02059130822197], [-102.15743821675683, 22.01989706356746], [-102.15754409396169, 22.019382134243035], [-102.15766585647674, 22.018829117836727], [-102.1577433250192, 22.01855515406769], [-102.15786841998003, 22.01825945052203], [-102.15797695893619, 22.017974742646004], [-102.15801081572575, 22.017885065145222], [-102.15755554250526, 22.017626678430698], [-102.15725362651621, 22.018020860655774], [-102.15719681157083, 22.018078546680215], [-102.1570686464283, 22.01816433020938], [-102.1543868148161, 22.019663538022396], [-102.15327705974241, 22.022483076550177], [-102.15225243195161, 22.02279923901767], [-102.15215375280853, 22.02295322932559], [-102.15205017142385, 22.02308005488675], [-102.15188424572516, 22.023208052547382], [-102.15178979071568, 22.023271851397343], [-102.15167188208598, 22.02332847234309], [-102.15156301000282, 22.02332657838711], [-102.15136099183536, 22.02332306385535], [-102.15118256264935, 22.02331995949637], [-102.15103529660631, 22.023301600869768], [-102.1509498150407, 22.023279803958438], [-102.15084952846023, 22.02324195308186], [-102.15076442605087, 22.023231445750493], [-102.15068667209457, 22.023216553022888], [-102.1504855122193, 22.023170176685746], [-102.15039223082789, 22.023175323127326], [-102.1502967817567, 22.02328874926519], [-102.15014572229386, 22.023459879391453], [-102.14999651424759, 22.02353852041126], [-102.14995608785719, 22.0236235680509], [-102.14980660853126, 22.023715743828955], [-102.14972044943858, 22.02372778367274], [-102.14968842787205, 22.0237858981791], [-102.14961026724612, 22.02379130736004], [-102.1495559842398, 22.02381292848228], [-102.14946078754505, 22.023883482777553], [-102.14941276877684, 22.02395485838472], [-102.14930317359128, 22.02398905609222], [-102.14919359587677, 22.02405258998632], [-102.14910626186338, 22.02412328094355], [-102.14899666649448, 22.02415747842328], [-102.14882465370682, 22.024226694701973], [-102.14866062195176, 22.024259943987598], [-102.1485590249888, 22.02428751061056], [-102.1483866781886, 22.024343180909632], [-102.14826182575543, 22.024383881970813], [-102.14824465347178, 22.02445579442447], [-102.14817523155301, 22.024447815421027], [-102.14811320341083, 22.024433195343597], [-102.1480193336806, 22.02446766603648], [-102.14792531106656, 22.024479567903263], [-102.1477540207381, 22.024512689791024], [-102.147505428283, 22.024508358988378], [-102.1473805584002, 22.024519723109027], [-102.14734184814623, 22.024519048662448], [-102.14706948585906, 22.024523329487884], [-102.14642387595907, 22.024825747191173], [-102.14626134661967, 22.024965080713674], [-102.14608553865814, 22.02507259007494], [-102.14576561204649, 22.02521594917133], [-102.14537000477473, 22.025391837156576], [-102.14496599055622, 22.025594656762532], [-102.14471526988854, 22.0256963449022], [-102.14436514341581, 22.02583691770281], [-102.14375884701492, 22.025988817004517], [-102.14349212717487, 22.026103763622665], [-102.1433287206557, 22.02634688227938], [-102.14321040594021, 22.026604327178987], [-102.14307792029683, 22.026814135992225], [-102.14297572232329, 22.02702221661936], [-102.14285989706298, 22.02715559143645], [-102.14264771519413, 22.027206046729724], [-102.14240637742678, 22.027201834370643], [-102.14212880697706, 22.027133804311642], [-102.14191039273001, 22.027102912179448], [-102.1416549306246, 22.027048806921513], [-102.14151785272438, 22.02694486652153], [-102.14137622388228, 22.02685664276413], [-102.13893206505382, 22.028346176395807], [-102.13879902649288, 22.02840252275173], [-102.13714279958673, 22.028590200276472], [-102.13611396204917, 22.028721139836247], [-102.13596965694607, 22.028766003685995], [-102.1357716846987, 22.02886183004152], [-102.13565784940715, 22.02889594374733], [-102.1355822418971, 22.02889462080246], [-102.13545401157312, 22.02889237700839], [-102.1352591722324, 22.028832552698088], [-102.13513906315697, 22.02878757554446], [-102.13495766523569, 22.028811480000158], [-102.13488805889999, 22.02890278200027], [-102.13484015102567, 22.029028312601802], [-102.13469539113163, 22.029095733206216], [-102.13905905706238, 22.031600151685428], [-102.14352325454571, 22.034198741879838], [-102.1446211501998, 22.034849748264065], [-102.14367287023003, 22.038831900186413], [-102.1418547499703, 22.046436483711492], [-102.13982374533536, 22.05501440621551], [-102.13904847645559, 22.058142021298547], [-102.13854752753603, 22.060267990579675], [-102.14092096486876, 22.075340663396027]]]}}, {"type": "Feature", "properties": {"AREA": 563193000.0, "PERIMETER": 152177.0, "MUNAGS84_": 11.0, "MUNAGS84_I": 11.0, "NOMBRE": "JESUS MARIA", "SUP": "563.190 Km²", "AREA_KM2": 563.192823656, "edo": "01", "Shape_Leng": 152177.101453, "Shape_Area": 563192823.656, "NOM_MUNIC": "Jesús María"}, "geometry": {"type": "Polygon", "coordinates": [[[-102.41654906089433, 22.03759399883097], [-102.38340877189574, 22.044589900507326], [-102.382683687439, 22.0450184047891], [-102.38204261136633, 22.0466037948579], [-102.38183028208185, 22.0466635912849], [-102.38165869944858, 22.046712754859218], [-102.38153349867189, 22.04677394513397], [-102.38134647509563, 22.046807062788535], [-102.38116731724983, 22.046840306117907], [-102.38096452039987, 22.04687542778019], [-102.38080962475375, 22.04687294830308], [-102.38070071376569, 22.04687120483317], [-102.3805393239459, 22.046794142704417], [-102.38041661660334, 22.046719956670366], [-102.38032464274997, 22.046653033387948], [-102.38019406987746, 22.046578721272045], [-102.38007075785872, 22.04650452532462], [-102.37990171094293, 22.04641605541044], [-102.37977887956946, 22.046348637725984], [-102.3796325757865, 22.046274073291812], [-102.37944124411246, 22.04614687840258], [-102.37923407524735, 22.045992346603054], [-102.3784934838267, 22.046998353619678], [-102.37822537741364, 22.047325824878932], [-102.37717206461775, 22.0480582399127], [-102.3771244301366, 22.048901563399205], [-102.37678629926992, 22.04977633981813], [-102.37666652875683, 22.050067818498576], [-102.37488177615025, 22.05147007359401], [-102.37427791654052, 22.052606894227445], [-102.37331285904335, 22.054193808162402], [-102.37128257923938, 22.053779775808962], [-102.36891234540572, 22.05449998880104], [-102.3681477567306, 22.052774697957958], [-102.36714524997001, 22.05252384780843], [-102.36714080883444, 22.05240416044342], [-102.3671416445767, 22.05235903582395], [-102.36716443190983, 22.052239786688368], [-102.36717275920908, 22.052149644567557], [-102.36713910721534, 22.052038514679985], [-102.36716717137203, 22.051993828284367], [-102.36716855030345, 22.051919372656776], [-102.36723154327872, 22.051818825802634], [-102.36724604499472, 22.05178746253729], [-102.36727565505329, 22.051659295551925], [-102.3672700438177, 22.051602782651102], [-102.36727903949657, 22.051476540804877], [-102.367267253732, 22.051361249033103], [-102.36729016605366, 22.051235231146208], [-102.3673250946884, 22.05117937065355], [-102.36736778553565, 22.051096552216094], [-102.3674024634204, 22.051054229090543], [-102.36747903821141, 22.050971955883444], [-102.36747340672095, 22.050883845995546], [-102.36749514894953, 22.050821002545174], [-102.36750335052177, 22.05073762906095], [-102.36750485452369, 22.05065640470545], [-102.36754113996756, 22.050559941697877], [-102.3675765278523, 22.050479262566256], [-102.36759205351296, 22.050359896447524], [-102.36758610793724, 22.050321433401045], [-102.3675388923338, 22.05028907699418], [-102.36750688842011, 22.05018700131251], [-102.3674072422379, 22.050077066444857], [-102.36737392315146, 22.050013336957296], [-102.36736157256604, 22.049961229412432], [-102.36734288030968, 22.04985936792143], [-102.36729574846993, 22.049822498999323], [-102.36729051322929, 22.049745680006517], [-102.36722429162717, 22.04966110888042], [-102.36724517796978, 22.04961179310178], [-102.36721258945127, 22.049541304637312], [-102.36718665668226, 22.049470923278022], [-102.3671742644114, 22.049421071959195], [-102.36717547604044, 22.0493556412353], [-102.36719075112555, 22.049249812552702], [-102.36718526524987, 22.049186530951008], [-102.36717289462574, 22.049102826417002], [-102.3671827457195, 22.048963056879682], [-102.36719136503217, 22.048857121081436], [-102.3671931615215, 22.048760103103312], [-102.36715341614327, 22.0487165823213], [-102.36709954546154, 22.048684118737288], [-102.36710084063992, 22.0486141755476], [-102.36707194465694, 22.048573086251462], [-102.36703856257579, 22.048545466181515], [-102.36692358079355, 22.048512019067267], [-102.36691711392612, 22.048469033813102], [-102.36674056145527, 22.048459421600985], [-102.36668798633885, 22.048357014730293], [-102.36662021956371, 22.048355923998695], [-102.36654682180065, 22.04826672336096], [-102.36647392559358, 22.048150447927455], [-102.36647463600298, 22.04811209200166], [-102.36640720367451, 22.04809295134673], [-102.36633883198128, 22.04809185077157], [-102.36627294598274, 22.047989229531527], [-102.36619829483662, 22.047967715688866], [-102.36619946503353, 22.047904541235393], [-102.36609977956093, 22.047796862030864], [-102.36600430581271, 22.047788554315204], [-102.36592927865304, 22.047787346434053], [-102.36569593120223, 22.047903205333576], [-102.36561994255703, 22.047953890582058], [-102.36557157753455, 22.048016305094816], [-102.36544033920859, 22.048108981762446], [-102.36535677497251, 22.048209196729402], [-102.36524644282754, 22.048284154654404], [-102.36512305011945, 22.048345360747557], [-102.36495922406736, 22.048367548206706], [-102.3648111960586, 22.048288429390897], [-102.36474993999224, 22.04826261683743], [-102.36470404170768, 22.04819191361015], [-102.36470475259569, 22.04815355773933], [-102.3646305616828, 22.0481072246923], [-102.36459094277603, 22.048056934696746], [-102.36451591556046, 22.048055726153986], [-102.36448119589804, 22.04810030489555], [-102.36442674064864, 22.04809942769269], [-102.36436644665314, 22.048021721785897], [-102.36429893110292, 22.048007092747127], [-102.36429319557402, 22.047957348533497], [-102.36434907271308, 22.047881514053486], [-102.36429662504266, 22.04777233791677], [-102.36427102857726, 22.047683906439072], [-102.36419646164114, 22.0476578792731], [-102.3641090854026, 22.04760456290401], [-102.3640213327943, 22.04757155253391], [-102.36395329610384, 22.04755240117514], [-102.36380363819323, 22.047561274403307], [-102.3636545240993, 22.047540816555212], [-102.36351838660711, 22.047538622879546], [-102.36345641993712, 22.047551165729576], [-102.36338178892936, 22.04756124757091], [-102.36332126405017, 22.047528675610735], [-102.36323059264743, 22.047457250505847], [-102.3619812837563, 22.048800278319508], [-102.35999235069723, 22.048741113471376], [-102.35973565806944, 22.04959233420412], [-102.35943738805135, 22.050596351904435], [-102.35695234714882, 22.050493029432793], [-102.35683100504284, 22.051517954073255], [-102.35682509020526, 22.05183608001635], [-102.3568962177236, 22.052047120035176], [-102.3568945817124, 22.05213511231767], [-102.35689256814888, 22.052243410510034], [-102.35686441700105, 22.05229260724044], [-102.35682944223097, 22.052350721269423], [-102.35685503444111, 22.052439153493324], [-102.35689266201989, 22.052563890418348], [-102.35704430040232, 22.052839424171427], [-102.35710984558241, 22.052960098342265], [-102.35715668176546, 22.053012763519735], [-102.35727027980151, 22.05312067264446], [-102.35737848047658, 22.053160787792606], [-102.35745991413836, 22.05317564467211], [-102.35760271220005, 22.053177951433735], [-102.35769153264383, 22.053186156850273], [-102.35771796426576, 22.05322946472794], [-102.35779927220958, 22.053251090086643], [-102.35792794393853, 22.053264452851458], [-102.3580235461245, 22.053265996955126], [-102.35813233422192, 22.053274524635565], [-102.3582047460457, 22.053384024895703], [-102.35825790320851, 22.053454847017044], [-102.35827495372948, 22.053644701275886], [-102.35826603360714, 22.05376642936465], [-102.35822291742512, 22.05387180694037], [-102.35811912541345, 22.0539852321071], [-102.358056107255, 22.054054177925114], [-102.35798038233791, 22.0541229184766], [-102.35796482996082, 22.054210686029993], [-102.35794356223947, 22.054280306136214], [-102.35785390231972, 22.054317225058956], [-102.35777091617908, 22.054385848202948], [-102.35769498123727, 22.05446586965455], [-102.35762589394105, 22.054503120760575], [-102.35753110575645, 22.054490305053214], [-102.35742198125185, 22.05449982658653], [-102.35732625244145, 22.054505050687148], [-102.35725098837834, 22.054548972502573], [-102.35713409943891, 22.05458545107057], [-102.35711308295105, 22.054641533747628], [-102.35708421812971, 22.05472908606766], [-102.35703452872082, 22.054829843234913], [-102.35698400016278, 22.054975724613897], [-102.35690113909618, 22.055037578596863], [-102.35677937363408, 22.055010785166463], [-102.35676675737368, 22.05494061772113], [-102.3567680580392, 22.054870675168857], [-102.35677615817359, 22.054825668276166], [-102.3566599822099, 22.054823790878668], [-102.3565582023716, 22.054828916721366], [-102.35650290567493, 22.054873160846824], [-102.35648806561049, 22.054922572569726], [-102.3564730753052, 22.05501260586351], [-102.35642422461747, 22.05506823857542], [-102.35636800457962, 22.055162119273604], [-102.35626540959578, 22.05517851618113], [-102.35614318254835, 22.055176540588935], [-102.35602735962632, 22.055188209754302], [-102.35598493728702, 22.055223634230167], [-102.35548475381508, 22.05829394242713], [-102.35461946020845, 22.05954831851543], [-102.3556017342038, 22.061180135225847], [-102.3554287170106, 22.061337576287364], [-102.35529145254412, 22.061590384559928], [-102.35524097822899, 22.061765605350896], [-102.35516206347113, 22.06194036613093], [-102.35504599234326, 22.062062617507486], [-102.35500423331194, 22.062289887508978], [-102.35491563607428, 22.062464491499526], [-102.35475253330736, 22.062576954301168], [-102.35465519487386, 22.06273336162283], [-102.35461459412632, 22.062865861017745], [-102.3545310988011, 22.063286547683305], [-102.35447469909504, 22.063779892928476], [-102.35445321154523, 22.06441372978228], [-102.35443958025658, 22.0646256563536], [-102.35442739431458, 22.06479246861848], [-102.35434898068998, 22.064940154232257], [-102.35410367853744, 22.065403359893963], [-102.35393779797252, 22.065664730866], [-102.35360630378567, 22.06620553151528], [-102.35325640954728, 22.066694125102618], [-102.35299742830196, 22.066884024337256], [-102.35311158041465, 22.06787212976534], [-102.35199836252457, 22.070406634714814], [-102.3505722985571, 22.07358152470423], [-102.34611719247945, 22.073019512380565], [-102.343948300579, 22.072661552836102], [-102.33989864997112, 22.072045027131526], [-102.33984414256481, 22.07214344211197], [-102.34004091837916, 22.073498505411425], [-102.338982000819, 22.077448832753213], [-102.33299247031351, 22.077005904403876], [-102.32502109607405, 22.076241458754858], [-102.31049235330947, 22.075118352176823], [-102.31528424621472, 22.062818412010383], [-102.31799606645355, 22.05129662044123], [-102.31734728865884, 22.051615480815475], [-102.30437838660431, 22.049441111045248], [-102.30292831699062, 22.047683974293587], [-102.30492807312105, 22.04499520030584], [-102.31038527293032, 22.03724702250013], [-102.30647006969612, 22.035794687832208], [-102.30962056323405, 22.032594409164705], [-102.30897911303173, 22.027377355589795], [-102.30957446145729, 22.025653891981733], [-102.30812308195445, 22.02774920167786], [-102.30642287667818, 22.033045095918162], [-102.30084802162331, 22.03305482365843], [-102.29213298853927, 22.03313205572365], [-102.28639735617547, 22.03316571129154], [-102.28185855546967, 22.03314456905056], [-102.27904660749061, 22.033199407091942], [-102.28051518945509, 22.02120187231543], [-102.28153920898623, 22.021318173457743], [-102.28217973522332, 22.01559428194298], [-102.28273977961597, 22.01100872969329], [-102.28350546114264, 22.004900981557892], [-102.28378039783355, 22.002887957415634], [-102.283968533323, 22.002794033198867], [-102.28407186685759, 22.00273706895262], [-102.28420491697229, 22.002612893006646], [-102.28433252343068, 22.00248862671939], [-102.28443628651985, 22.00240910128572], [-102.2844663039203, 22.00232609694892], [-102.28448444271766, 22.002263207004237], [-102.28447994211129, 22.002181887468847], [-102.284470130031, 22.002125304765638], [-102.28438798826726, 22.001959196875575], [-102.28398347941244, 22.002295527322094], [-102.28360877435647, 22.002591728180445], [-102.28335592806683, 22.00274776970133], [-102.28310321028768, 22.002897042504905], [-102.28289113924684, 22.0029770279777], [-102.28269142009512, 22.003012081941982], [-102.28249316615862, 22.003002023922182], [-102.28228912217484, 22.00297832883075], [-102.28212533859168, 22.00290565161866], [-102.2820413514945, 22.002868149802747], [-102.28187847186253, 22.002748094542074], [-102.28177746142437, 22.00268322862872], [-102.28168318788134, 22.002582365605548], [-102.28165618131686, 22.002507443199228], [-102.28166326005615, 22.00242180220468], [-102.28165932286448, 22.00234274887638], [-102.28164946655015, 22.002256826958966], [-102.28162777434132, 22.00218876310899], [-102.28147214906963, 22.0020056374592], [-102.281439484118, 22.001941905165918], [-102.28126113441058, 22.001744861573446], [-102.28116232454131, 22.00162812546668], [-102.2807100680802, 22.001264047255763], [-102.27911008838049, 22.000109091783834], [-102.2789036680138, 21.999988311123577], [-102.27877963505576, 21.999925318162834], [-102.27856142060172, 21.999788543704646], [-102.27836679417015, 21.999652160709143], [-102.27815056406307, 21.999443201237938], [-102.27796626174471, 21.999273137352784], [-102.27499236442672, 22.000112893319358], [-102.27377294615903, 22.000478523963736], [-102.27386867563125, 22.00031311393123], [-102.27466576873516, 21.998588641713145], [-102.27562698421796, 21.99644261456802], [-102.2763985360871, 21.995577543940716], [-102.27487938087795, 21.995358210059365], [-102.27745270695094, 21.992584490301244], [-102.27869376041252, 21.991239733820564], [-102.27956027450314, 21.988787432628406], [-102.28086944300152, 21.985390094194898], [-102.28429825185012, 21.98500909701892], [-102.28540146846582, 21.983334757332173], [-102.28529921283686, 21.983240535379245], [-102.28519042673783, 21.9830762441698], [-102.28512060923089, 21.98296224785673], [-102.28502028991153, 21.982798096735493], [-102.28496086775162, 21.982551120736755], [-102.28480228292773, 21.982047483502132], [-102.28474526603586, 21.981674165981776], [-102.28918863046135, 21.980901368621044], [-102.2892951107588, 21.977684909388035], [-102.28953662939662, 21.972963126116188], [-102.28957510239826, 21.97176539163701], [-102.28962981886872, 21.971432286588186], [-102.28967112139617, 21.970945496258786], [-102.28976355028863, 21.96900841622843], [-102.28983990222493, 21.9683958227519], [-102.28987623357546, 21.968170740978152], [-102.28994606401396, 21.967837885174603], [-102.290014956926, 21.967586259310355], [-102.29002465934376, 21.967489376331567], [-102.29003393347098, 21.967415054469225], [-102.290046381854, 21.967205375871966], [-102.29001844525824, 21.966988259816166], [-102.28995944587474, 21.966718723877875], [-102.28995736665213, 21.966414018924937], [-102.28996894839312, 21.965389614152667], [-102.29005608709497, 21.962901780794898], [-102.29017206369686, 21.957076583983852], [-102.290325820932, 21.9528927169144], [-102.28176052536396, 21.953403335901648], [-102.28075181891758, 21.953461105121665], [-102.28185005905073, 21.950509329259305], [-102.28504122488465, 21.950399640293462], [-102.28863543024008, 21.950181447277163], [-102.28897145725088, 21.95016217117097], [-102.28960606847777, 21.95012074192623], [-102.29054389237209, 21.950100112053228], [-102.29065070427012, 21.947784116411203], [-102.29079494957806, 21.944769121726374], [-102.29093032158217, 21.941487673702394], [-102.29105728716682, 21.939032083980884], [-102.29609283649239, 21.937731618780738], [-102.29624982833995, 21.93953515639078], [-102.30033879123259, 21.93920295573932], [-102.30286013772725, 21.939420412080253], [-102.30398003622896, 21.939522301569156], [-102.3052884019006, 21.939667898954912], [-102.30659167035466, 21.93979534774363], [-102.30755041173369, 21.939881029340185], [-102.3079103213087, 21.93994109327972], [-102.3084032796789, 21.940001080027503], [-102.30847286366452, 21.93730077059171], [-102.3085040273781, 21.934392200433535], [-102.31280207769181, 21.9350899688324], [-102.31424930993975, 21.935278386989715], [-102.31859183098071, 21.93599479001743], [-102.31953666998653, 21.936111769098204], [-102.32372234021733, 21.936746490357596], [-102.32439462497389, 21.936369260138505], [-102.32508025025237, 21.936992038794347], [-102.3262321494462, 21.937064957592284], [-102.32675764631932, 21.937163785425298], [-102.32732262377502, 21.937188777116027], [-102.32799043573098, 21.93734182477433], [-102.32820089723579, 21.93740618384011], [-102.32845723549056, 21.937410353110103], [-102.32869130339556, 21.937441242340466], [-102.3289254978875, 21.937465362669588], [-102.32917340146372, 21.937532586261], [-102.32941811388224, 21.937608785127946], [-102.32961396795982, 21.9376458224269], [-102.32991549608617, 21.937691347925394], [-102.33026331127964, 21.937816615985916], [-102.33058093815512, 21.937842090041723], [-102.33092972317698, 21.937915464276195], [-102.33137338484791, 21.93799263611958], [-102.33169069078147, 21.93806775424936], [-102.33203354257282, 21.93810266285063], [-102.33235100240341, 21.93813715836866], [-102.33262593162509, 21.938182247049454], [-102.33290243367605, 21.938175452512525], [-102.33329720700567, 21.938150265717116], [-102.33360192932894, 21.938186808936013], [-102.33393583988297, 21.938214797820635], [-102.33441625809793, 21.93829932888169], [-102.33472383591437, 21.938344943944262], [-102.33509852224309, 21.938391647229444], [-102.3356429115679, 21.9384185336069], [-102.33744143359596, 21.938583110427107], [-102.337758233993, 21.938588245409797], [-102.33803635775747, 21.93862434943999], [-102.33841655545126, 21.938635024359712], [-102.3387394020322, 21.9386402554288], [-102.33905586695472, 21.93866343760903], [-102.33985776145303, 21.938762188290326], [-102.34017489056828, 21.93881471870552], [-102.34042416372876, 21.938841324006077], [-102.34060140764075, 21.938871276529074], [-102.34074686050225, 21.93888717281625], [-102.34095981699399, 21.93891544624724], [-102.3412084860274, 21.938942040600704], [-102.34145171393635, 21.93896854651635], [-102.34168220374744, 21.938997102816803], [-102.34186276483346, 21.939011309435344], [-102.34218903096298, 21.939027873600264], [-102.34232203968, 21.939030025782902], [-102.3434367870884, 21.93908642625947], [-102.34288395396294, 21.937398353215574], [-102.34256023073007, 21.93643167861337], [-102.34215350347478, 21.935213145278084], [-102.34175258319961, 21.93394279673534], [-102.34152502004646, 21.933724709349633], [-102.34143139678137, 21.933718680510566], [-102.34122699224874, 21.93297059718444], [-102.3409280344615, 21.93216907484109], [-102.3404134087677, 21.930932994339827], [-102.33966813385749, 21.928930348389216], [-102.33827223875775, 21.92539827419381], [-102.33727804715663, 21.923159129777275], [-102.3373837633248, 21.922449921468502], [-102.33724906669877, 21.922246875824452], [-102.3370168429151, 21.92198808451411], [-102.33664393830317, 21.921555489535656], [-102.33608577662426, 21.92058275131486], [-102.33551675739567, 21.919641432204088], [-102.33493512794088, 21.91859834716396], [-102.33454131942557, 21.917957775782934], [-102.33394455501649, 21.91701374594057], [-102.33376896664636, 21.916701704311084], [-102.33372914219822, 21.91650245216915], [-102.33370696410415, 21.916362165347504], [-102.33368460184593, 21.9161993066499], [-102.33365604273554, 21.916076971437978], [-102.33351045997837, 21.915842150540698], [-102.33335249380173, 21.91562292689406], [-102.33326085881339, 21.91551085290317], [-102.33321897552403, 21.91542215483274], [-102.33315852152764, 21.9153241279439], [-102.33308234687956, 21.915388341955875], [-102.33286371012163, 21.91566690589114], [-102.33208215795302, 21.915132883058458], [-102.33167070817872, 21.91492082858022], [-102.33147075816372, 21.914748316589428], [-102.3311422049741, 21.914176504786465], [-102.33097542953521, 21.913943594954286], [-102.33087910997475, 21.913693773790342], [-102.33549365519153, 21.913671580797132], [-102.33673314796654, 21.91364201303713], [-102.33882282799334, 21.913610401579376], [-102.34144386957249, 21.913553503302573], [-102.34233191252193, 21.913531750830412], [-102.34306625090227, 21.913516537205002], [-102.34390810287593, 21.913507571078224], [-102.34630021564261, 21.913503318797936], [-102.34626672074718, 21.91243977533781], [-102.35279194672127, 21.913596690139954], [-102.35827733027722, 21.914619288108973], [-102.36141211463399, 21.915134557327832], [-102.36148455134325, 21.91517408766423], [-102.36588013085505, 21.918415564774534], [-102.36910853925737, 21.920785139632667], [-102.37529763931639, 21.925334778793218], [-102.37664281149954, 21.923604869225347], [-102.37681464300067, 21.923731743867897], [-102.37705289127051, 21.92386419225674], [-102.37726536748252, 21.923951090156947], [-102.37752643944194, 21.924059075759015], [-102.37775229886138, 21.92414167274047], [-102.37799183058368, 21.924204175054633], [-102.37824958144951, 21.92426245379086], [-102.37844931223934, 21.924285952444755], [-102.37848373505842, 21.924189452853568], [-102.37851746036833, 21.924032004575388], [-102.37857531552413, 21.923811746669493], [-102.37860814670132, 21.92367008271465], [-102.37861405266082, 21.92344673921306], [-102.37867269269996, 21.923183611760948], [-102.37867777687528, 21.922906088408485], [-102.37872868152604, 21.922636066680383], [-102.37863116553812, 21.922512636253895], [-102.37854936755899, 21.92238945648273], [-102.37847526328397, 21.92227542718397], [-102.37839412695733, 21.92211614676412], [-102.3783056279577, 21.921929665516796], [-102.37825641335448, 21.92167835943203], [-102.37827055530954, 21.921599591886952], [-102.37836976015146, 21.921465757487113], [-102.37851421135686, 21.92127170710666], [-102.37860075155453, 21.921069962121315], [-102.37867455510076, 21.920870270886834], [-102.37872978344213, 21.920661255577045], [-102.37881281396764, 21.920287926435144], [-102.37888234845677, 21.919991118208486], [-102.37895697736606, 21.91974630095356], [-102.37910135847932, 21.919522908371707], [-102.37926347235761, 21.91938781932984], [-102.37953460605509, 21.919243183392684], [-102.3797727082948, 21.91915218719995], [-102.38016288626686, 21.91911101044481], [-102.38049443712877, 21.919134350013067], [-102.38090028471291, 21.919294289781476], [-102.38004265123683, 21.918511002489133], [-102.38011772773504, 21.918340670912816], [-102.38156186211258, 21.916350480224214], [-102.38238499623911, 21.915713586579663], [-102.38285220203757, 21.91542762107448], [-102.38284722956676, 21.915368861115713], [-102.38287252518097, 21.915209020086547], [-102.38289905826461, 21.91498149012722], [-102.3829816179449, 21.914732282476564], [-102.38306417729288, 21.91448307474924], [-102.38309623280672, 21.914251118701042], [-102.38309421577829, 21.9140637593805], [-102.3830801358014, 21.91390780540939], [-102.38303264344455, 21.91376034741475], [-102.38298148432155, 21.913515782007536], [-102.38296866890266, 21.9133237368916], [-102.38290548833463, 21.913108320526764], [-102.38283014832538, 21.91296267617548], [-102.38288061012982, 21.91294768075513], [-102.3829645253677, 21.912921933044384], [-102.38310601838509, 21.91292192824322], [-102.38285364954585, 21.912371728221075], [-102.38301625926138, 21.91227501053187], [-102.38334217707357, 21.912241829542374], [-102.38379766155678, 21.912298730882704], [-102.38422590313537, 21.912357454525154], [-102.38465495577516, 21.91240490519514], [-102.38533332149024, 21.912508229756764], [-102.38582536630578, 21.91254990829942], [-102.38629883700216, 21.912582262281493], [-102.38666593021705, 21.912579069711366], [-102.38709556157114, 21.912594925873965], [-102.38719957105545, 21.912296403078255], [-102.387397327115, 21.911764645935893], [-102.38757480596551, 21.91134992819921], [-102.3876875924456, 21.911067343079644], [-102.38781081719162, 21.910676589526187], [-102.38792463161019, 21.910337596435085], [-102.38804801951383, 21.909937817315136], [-102.38829611778367, 21.90936397580888], [-102.38993234071194, 21.90551474723264], [-102.38935178374808, 21.90492323547009], [-102.38990303043374, 21.904999693984504], [-102.39014314282332, 21.905062185658515], [-102.3903941813717, 21.90522189990425], [-102.39063155225014, 21.90540170964784], [-102.39080753897625, 21.905499294427567], [-102.39113737260703, 21.905515811889504], [-102.39118814787228, 21.905516617352582], [-102.39150763033342, 21.90540432274048], [-102.39168427526079, 21.905465805588964], [-102.3918504162365, 21.90537364787216], [-102.39205479093167, 21.90530692292106], [-102.39233450662793, 21.905286531691043], [-102.39267723949348, 21.905291965716255], [-102.39291842194439, 21.905295789232827], [-102.39319749212522, 21.905277643255268], [-102.39327279259459, 21.905326233169845], [-102.3934225313079, 21.90547079560633], [-102.39363705358397, 21.905544161610106], [-102.39385325954476, 21.905525018250287], [-102.39399527314714, 21.905396364378014], [-102.39413490533464, 21.905398576927556], [-102.39443722887403, 21.905498159790973], [-102.39453664513327, 21.905617097348753], [-102.39466485618262, 21.90554916241045], [-102.39476792568709, 21.905467287258958], [-102.39489547982147, 21.90543545325973], [-102.3953678209765, 21.905661861021194], [-102.39545772862493, 21.90267956704674], [-102.3934296487927, 21.89786943147977], [-102.39332738293491, 21.89797388868561], [-102.39311253881054, 21.898051735128547], [-102.39287184976955, 21.898054691634496], [-102.39259126793698, 21.898057015478386], [-102.39239706794694, 21.898096819665344], [-102.39214377953195, 21.8980612068911], [-102.391737293117, 21.898005109025675], [-102.39145683482688, 21.898000661987925], [-102.39121454378191, 21.898091612433944], [-102.39062471181921, 21.89837566320398], [-102.3901776067365, 21.894242833796653], [-102.39199301987551, 21.8942197109976], [-102.392679283358, 21.894217046206457], [-102.39316523757407, 21.894224746676038], [-102.39353744892009, 21.89420356012818], [-102.39406616426352, 21.89418710865614], [-102.39449530331146, 21.894193905272154], [-102.39502466429616, 21.89417520394929], [-102.395309705198, 21.89419325867637], [-102.3958244265793, 21.89421494855179], [-102.39633878985708, 21.894223089302006], [-102.3966822352138, 21.894187898488813], [-102.3971112625526, 21.894167602780467], [-102.39748322830222, 21.894159945198897], [-102.39808219103614, 21.89423712801956], [-102.39850717255135, 21.89427318914322], [-102.39875276338604, 21.89429964206218], [-102.39899690967721, 21.894305758969022], [-102.39922824026945, 21.89431844386654], [-102.39946807382711, 21.89432900586184], [-102.39971077554141, 21.89431478605628], [-102.40010427513702, 21.894253295347983], [-102.40063384229451, 21.894223294233143], [-102.40120600558036, 21.89417816535301], [-102.40186411052744, 21.894161475424923], [-102.40232239638534, 21.89412808615512], [-102.40275162888275, 21.89409649393267], [-102.40311007074348, 21.89403444242587], [-102.40352564654364, 21.893989090671088], [-102.40398430857715, 21.89390153495363], [-102.40438517341947, 21.893867233780856], [-102.40480148421804, 21.893781264548277], [-102.40586188310806, 21.8934842659597], [-102.40680465276223, 21.893205719143793], [-102.40913168866481, 21.89267361690498], [-102.40995168847746, 21.892496939520793], [-102.41165046867512, 21.891968450918185], [-102.41202406819167, 21.89183665070684], [-102.41264041914896, 21.891620644032074], [-102.41273504757854, 21.891536366079343], [-102.41346599564382, 21.891100972080984], [-102.41499270267904, 21.889150087766318], [-102.41888676123696, 21.883746999199857], [-102.41704127846288, 21.881686743051823], [-102.42124656661943, 21.878491297894776], [-102.42309058460123, 21.87807779883747], [-102.42353256166022, 21.875617799252545], [-102.4243246250536, 21.87449942727819], [-102.42508951519503, 21.874287946500548], [-102.42540903689945, 21.874067241378043], [-102.42556674086913, 21.87353253695327], [-102.42577785389058, 21.873154401551236], [-102.42569065261836, 21.872859625794], [-102.42589836502259, 21.871727592569528], [-102.4267453834046, 21.871081781543765], [-102.42734191995379, 21.870919568968514], [-102.42777230272006, 21.870752501748225], [-102.42803467621924, 21.870616664606725], [-102.42833573386639, 21.87037986512473], [-102.42856650120572, 21.8699162651085], [-102.4287041973378, 21.869485066765716], [-102.42880066129509, 21.869296982983908], [-102.42897489668857, 21.868884410966626], [-102.4289823360166, 21.868469234734626], [-102.42893357055755, 21.86808703637842], [-102.428938220046, 21.86782755121953], [-102.42896039068475, 21.867636050306437], [-102.42879764204028, 21.867373951716207], [-102.42878444491319, 21.867098388766678], [-102.42880940733176, 21.866717341440538], [-102.42907908912947, 21.86617309457168], [-102.4293032958089, 21.866108883561008], [-102.43004479451412, 21.866154311094782], [-102.43034398046487, 21.86602130078801], [-102.43051509399871, 21.865816324039603], [-102.43081274380945, 21.86576905583364], [-102.43088893322223, 21.865666421081748], [-102.430982646168, 21.86559791502591], [-102.43102322413456, 21.865424756876617], [-102.43127024357854, 21.865099083649152], [-102.43146069564662, 21.864826696468416], [-102.4315999112281, 21.86430975100281], [-102.43179040187391, 21.864035106855376], [-102.43168635548348, 21.863633990478803], [-102.43163572689312, 21.86332173112028], [-102.43177340553102, 21.86289052838509], [-102.43192577944762, 21.86268525744902], [-102.43176641980627, 21.862267479544332], [-102.4316454577101, 21.86176453315284], [-102.43161513737455, 21.861364566311956], [-102.43184397819059, 21.861040865004355], [-102.4319398673853, 21.860850512434705], [-102.43192573491925, 21.860626846212597], [-102.43193162865215, 21.86029741180529], [-102.43225707900515, 21.859810452546657], [-102.43301803621631, 21.858766021422664], [-102.4325344317461, 21.85778796205385], [-102.43269547359998, 21.85709756318089], [-102.4330420285557, 21.856376198983284], [-102.43264986264349, 21.854442583589123], [-102.43252736778892, 21.85402538106825], [-102.4325348316206, 21.853607946525276], [-102.43270592633804, 21.853369110011382], [-102.43256038293711, 21.853193050825293], [-102.43256562752273, 21.852899718409038], [-102.43234850272246, 21.852602921061766], [-102.43210990291963, 21.852459266965035], [-102.43217013516094, 21.852200646987946], [-102.43232189031627, 21.85202922033181], [-102.43234433499426, 21.851788067671237], [-102.4326966183444, 21.85182741207936], [-102.43295673304776, 21.85181566521841], [-102.4332159611815, 21.85181970336271], [-102.43349545323974, 21.85177214494756], [-102.43370497581373, 21.85147973674145], [-102.433873888569, 21.85136274444402], [-102.43413621984534, 21.851226893274927], [-102.43430299545177, 21.85122949002923], [-102.43452379056133, 21.851354807500485], [-102.43489480633687, 21.851360583268605], [-102.43510460765559, 21.85105237807481], [-102.43525607634979, 21.850862887559778], [-102.43537402915418, 21.85051939681943], [-102.43554390649876, 21.85034824873373], [-102.4355984920446, 21.84993154645177], [-102.43561609651393, 21.84969031749991], [-102.43566423600414, 21.849296085192492], [-102.4355778691766, 21.848784651000475], [-102.4354749863039, 21.848453522707285], [-102.43534640350471, 21.848004628547937], [-102.43535458206465, 21.847546577401975], [-102.43522394540082, 21.847212760105997], [-102.43508090235368, 21.846829094868678], [-102.43491324805159, 21.846266740655096], [-102.43481153641736, 21.845870176315135], [-102.43454563458653, 21.845428172703546], [-102.43415078754799, 21.845370114589553], [-102.43363191080836, 21.84538686357267], [-102.43376750925376, 21.844664466598278], [-102.43416646479078, 21.844492371780536], [-102.43468763505696, 21.844347005458953], [-102.43502979098491, 21.8442755910279], [-102.4353346454301, 21.844025289516857], [-102.4356020361282, 21.843571271103293], [-102.4360566117838, 21.842720667972582], [-102.43690492137867, 21.8410410808398], [-102.43704646537323, 21.840763408554515], [-102.43717411181292, 21.840485520040165], [-102.43738348824233, 21.840233729330464], [-102.43753856451598, 21.839942724568054], [-102.4378150487192, 21.839757430466573], [-102.43806285342504, 21.83962134507021], [-102.43820057203975, 21.83955803099984], [-102.43829784772774, 21.839457975695364], [-102.43841400780012, 21.839078340500595], [-102.43857089046408, 21.838685795607866], [-102.43946854191258, 21.837456108585194], [-102.43951039045743, 21.83738001901439], [-102.439786666193, 21.837206002926035], [-102.44000795885648, 21.83703113259548], [-102.44010796452632, 21.83677763927989], [-102.44030045956285, 21.83669260315267], [-102.44050821729515, 21.836531064166913], [-102.44079983182256, 21.83624217489649], [-102.44109188708673, 21.835928464333946], [-102.44115140870731, 21.83567434182928], [-102.44131876150797, 21.83547380474581], [-102.44156904589337, 21.835197814685365], [-102.4415311336919, 21.835018919680593], [-102.44165764092541, 21.834804206058504], [-102.44189238225805, 21.83465436885494], [-102.44216752561134, 21.83454352783801], [-102.44234792693672, 21.83435673416736], [-102.44273038660754, 21.83378486166965], [-102.44295010490873, 21.833697987108394], [-102.44315536681752, 21.83367634250913], [-102.44345813745969, 21.833541099927615], [-102.44368078442099, 21.833289505051425], [-102.44404178248253, 21.832938487065462], [-102.44431656250828, 21.832881805630464], [-102.4444934214904, 21.83279200749334], [-102.44471284905408, 21.832619357882066], [-102.44484465638054, 21.83227607135956], [-102.44505332509505, 21.83206262753502], [-102.4452583440067, 21.83205451864218], [-102.44550364277683, 21.832058318734536], [-102.44569821356454, 21.83185594085894], [-102.44649602698415, 21.83151168219464], [-102.44757399740132, 21.830977649006382], [-102.44827009044364, 21.83095005153582], [-102.44868272502136, 21.830753300771182], [-102.44909283976475, 21.830732560412912], [-102.44953061928825, 21.830651306302876], [-102.44994281131737, 21.830479372965467], [-102.45028957542311, 21.830180031618525], [-102.45150677626191, 21.827790561617917], [-102.452396569008, 21.82607314111632], [-102.45342115325847, 21.823840926975027], [-102.45471659436473, 21.820780024915283], [-102.45522105511353, 21.820036203664717], [-102.45638168958905, 21.81789634388932], [-102.4567682468702, 21.817633711568657], [-102.46141133099451, 21.81741179676723], [-102.46188808216128, 21.81669460965627], [-102.46187573815037, 21.814654021745365], [-102.46632476385794, 21.814568913911742], [-102.46654459962542, 21.814472977598264], [-102.46676872008688, 21.81444256217946], [-102.4670174505202, 21.814421552559832], [-102.46728927329349, 21.814461838283197], [-102.46762147703967, 21.81453916359565], [-102.46797657269074, 21.814517527776978], [-102.46823574070146, 21.81452150441659], [-102.46834484844062, 21.81453672094511], [-102.46891114852289, 21.814531865872187], [-102.46963515542497, 21.814493313891738], [-102.47063142301299, 21.814470217713694], [-102.47138265513745, 21.81442981821203], [-102.47232387821904, 21.81444423876886], [-102.47375632390406, 21.8144278045084], [-102.47621326555682, 21.814363831523163], [-102.47421329977756, 21.817104941090452], [-102.4871186580673, 21.816658718831253], [-102.48831585218032, 21.816654376272407], [-102.49577896850384, 21.816481159936544], [-102.49637281939434, 21.816352487389167], [-102.49698829636775, 21.815953286065422], [-102.4976177353706, 21.815619750446807], [-102.49824214986205, 21.815401249294016], [-102.4990686510369, 21.815237722500438], [-102.49910543860322, 21.81458145679455], [-102.4992066257201, 21.814183479231612], [-102.49963773247286, 21.813925928391992], [-102.50016447063312, 21.813624682503395], [-102.5006875453898, 21.813499435161685], [-102.5011094777038, 21.813769908947098], [-102.50176282578596, 21.814355369102262], [-102.50218397928774, 21.814670971251847], [-102.50312206517445, 21.815215594013516], [-102.50376738331313, 21.81549847033359], [-102.50447438302034, 21.815813877029996], [-102.5051622805661, 21.81507039716787], [-102.5055002788765, 21.814606023531937], [-102.50595866361775, 21.814308239302697], [-102.50734088952224, 21.814017639913477], [-102.50791366408664, 21.81374414898705], [-102.50818353026837, 21.813479625037466], [-102.50927490158465, 21.81375792921176], [-102.5096512535042, 21.813939666068546], [-102.50978709459137, 21.81429608674355], [-102.51015671384566, 21.81483209174187], [-102.51024391074235, 21.815275806573467], [-102.51052846259732, 21.81528009981429], [-102.51090726103556, 21.81528581426057], [-102.51138243248971, 21.815204952877135], [-102.51195783909286, 21.814814116050794], [-102.51238970890132, 21.81451139883379], [-102.5129103032625, 21.814564388888954], [-102.51328757952442, 21.814658103326796], [-102.51394710754127, 21.814889240985583], [-102.51413224731064, 21.81515611595586], [-102.51417246993343, 21.815556236276546], [-102.51440091393778, 21.81604496346795], [-102.514916954897, 21.81636196493419], [-102.51553102590907, 21.816461498004106], [-102.51648275723177, 21.81625462532074], [-102.5168707512434, 21.81572777807516], [-102.5171144313382, 21.815334187076967], [-102.5174411881792, 21.81485381673169], [-102.51769614477055, 21.814261765224714], [-102.51799360051267, 21.8135529806215], [-102.5181123351463, 21.81322070841339], [-102.51827154273909, 21.81274910148606], [-102.51854284589687, 21.81229497991904], [-102.51869841170412, 21.811999375264666], [-102.51877968685965, 21.811666539074764], [-102.51887908550245, 21.811333975274017], [-102.5190153195056, 21.81110805118266], [-102.51907395446136, 21.81096673215965], [-102.519267266429, 21.810689751348722], [-102.51944159558141, 21.810392170572463], [-102.5195793626347, 21.810042125575457], [-102.51960563543113, 21.809604633067554], [-102.51966016423475, 21.80914047934164], [-102.527650912462, 21.8127431710763], [-102.52831274820366, 21.812841114391414], [-102.52916653331656, 21.81281101376051], [-102.52973580615597, 21.812774392905432], [-102.53054341310622, 21.812653307261964], [-102.53106931789254, 21.812397087751595], [-102.53187920577098, 21.81214285662168], [-102.53245451251139, 21.811754198316166], [-102.5327914853443, 21.811450004433745], [-102.53326892049103, 21.811235938788087], [-102.53398015989768, 21.811201424538442], [-102.53450760053478, 21.81085492927116], [-102.53504033381132, 21.81019927881128], [-102.53557168515366, 21.80958874899166], [-102.5362357559642, 21.809555777159684], [-102.53727926037158, 21.809526207570805], [-102.53818848851992, 21.80900933602492], [-102.53862196446649, 21.80857339468833], [-102.53905681355128, 21.80809232894204], [-102.53987670556842, 21.80774566024347], [-102.54090973671225, 21.808045458454682], [-102.54146497978554, 21.807803183002022], [-102.54159275348593, 21.807150504217322], [-102.54170692989507, 21.806833942429186], [-102.54197424438512, 21.806537718444815], [-102.54200248177479, 21.80534409075059], [-102.54263224048816, 21.804558939270613], [-102.5432501047757, 21.80443496205812], [-102.54401130895842, 21.804267971421066], [-102.54463577949703, 21.803791966455552], [-102.54488390515726, 21.80313204470067], [-102.54574166691673, 21.8022983544608], [-102.54597620707469, 21.8024350149526], [-102.54621429822446, 21.802930620469787], [-102.54673354034955, 21.80302636773972], [-102.54730273776724, 21.802991938773307], [-102.5483461996207, 21.802962294472287], [-102.549679748898, 21.8025396839767], [-102.55077631762464, 21.802158690325367], [-102.55173107955339, 21.801730442178673], [-102.55244287989703, 21.80169585241878], [-102.55248321038981, 21.80209597360866], [-102.55223515903727, 21.80275365366131], [-102.55170099440271, 21.803499635025503], [-102.55167086421675, 21.803636876905824], [-102.55171820423931, 21.803802354037757], [-102.55199029502788, 21.803898934012718], [-102.55248731888496, 21.803951447552137], [-102.5529341632592, 21.804005472988088], [-102.5533838076793, 21.803894763547905], [-102.55376029562416, 21.803715252939007], [-102.55426123034974, 21.803537585136308], [-102.55481016827407, 21.80345091457607], [-102.5552578173791, 21.80345754444294], [-102.55594563636257, 21.803483529342287], [-102.5567242733986, 21.803463454367368], [-102.55723901833831, 21.803468814675085], [-102.55780392667397, 21.8035448886789], [-102.55836547611938, 21.80378342954958], [-102.55889255454254, 21.804023716115683], [-102.55981259774336, 21.80400346048827], [-102.56006476142497, 21.80374309500971], [-102.56027909374174, 21.803646945787793], [-102.56066925465069, 21.803587252501465], [-102.56137445996153, 21.8037285891681], [-102.56197555838796, 21.803737467562097], [-102.56229789585089, 21.803543593605653], [-102.56251441160876, 21.80328269756004], [-102.5631974127602, 21.80266527719107], [-102.56380155020122, 21.801958658668873], [-102.56475239213607, 21.80193882883094], [-102.56529679955923, 21.80201231736946], [-102.56577139757334, 21.80206897438778], [-102.56610463335637, 21.80212354608783], [-102.5662963416607, 21.802257290457955], [-102.56674926477851, 21.802559661233076], [-102.56695792166403, 21.802727512891106], [-102.56717647972275, 21.802845851575913], [-102.56735318716312, 21.802830397826156], [-102.56765443673444, 21.802703918271103], [-102.5679567912847, 21.802511995237708], [-102.5683843665749, 21.80220454090503], [-102.56865114700014, 21.802043693455257], [-102.56907479514733, 21.801968672301424], [-102.56956554364982, 21.80210681602105], [-102.56984370978086, 21.802309545732918], [-102.57005431276143, 21.802362304401306], [-102.57019590988804, 21.802314729733734], [-102.57028940437748, 21.8020023527995], [-102.57049380211231, 21.801348511022073], [-102.57062732134888, 21.80074102742778], [-102.5706813304179, 21.800082714969616], [-102.57066796113651, 21.79983648167172], [-102.57067241549073, 21.799572452887247], [-102.57074671247986, 21.799359110461417], [-102.5710131805337, 21.799216311664903], [-102.571172293244, 21.799168993552183], [-102.57145380581642, 21.799173134426077], [-102.57189359383193, 21.79917960247222], [-102.57201740190136, 21.799147564856725], [-102.57212532693619, 21.799018233204347], [-102.57218069477202, 21.798888128673894], [-102.57226912675803, 21.798839770141978], [-102.57255147580217, 21.7987942625747], [-102.5727271557368, 21.798803616925774], [-102.57323268803752, 21.799032255315478], [-102.57403768884802, 21.79877321849463], [-102.57419946306828, 21.799213496159823], [-102.57428766250479, 21.79921479195309], [-102.57444593822241, 21.799217117162843], [-102.5747455407467, 21.799187659849807], [-102.57499285201544, 21.799141633433184], [-102.57509993856004, 21.799061946192474], [-102.57531213929639, 21.798983802510197], [-102.57554527448677, 21.79873893145944], [-102.5756534621874, 21.798593800517754], [-102.5757246399373, 21.79852938612452], [-102.57581120554053, 21.79862771766902], [-102.57588021424368, 21.798728048639582], [-102.5759653022652, 21.798878274556323], [-102.57617510576861, 21.7989784151522], [-102.57631529265923, 21.7990143313586], [-102.5764210111827, 21.799015883162475], [-102.57652619801813, 21.799049028226776], [-102.57670168908948, 21.79906966172973], [-102.57694873403298, 21.79903942897226], [-102.57700296199226, 21.798940906896203], [-102.57709336366084, 21.79881131447553], [-102.57724396900252, 21.798874469474356], [-102.57736777603509, 21.79884242770791], [-102.5775622254047, 21.798813679498213], [-102.57767071495256, 21.79865049370621], [-102.57778080167819, 21.798356412179324], [-102.57784087082909, 21.79794647832258], [-102.5778444766001, 21.797732094785296], [-102.57793544598803, 21.797568651710897], [-102.57805864766657, 21.79753660044252], [-102.57825419569377, 21.79744240782066], [-102.578380467813, 21.79726368161662], [-102.57850594278781, 21.797132345356115], [-102.57859323359436, 21.797151683236628], [-102.57896377686521, 21.797107457524977], [-102.57944003732347, 21.797064780700193], [-102.57974210031907, 21.796888630107865], [-102.57974460328666, 21.79673968973777], [-102.57999217489399, 21.796677858570202], [-102.58029177200345, 21.796648390584274], [-102.58076966094787, 21.79650867276279], [-102.58115798651662, 21.79644890184293], [-102.58151184264996, 21.79635476668965], [-102.5818108707025, 21.79635914599026], [-102.5821285163313, 21.79629833765177], [-102.5823939083709, 21.796218705811693], [-102.58250098897682, 21.796139013163437], [-102.58253905685879, 21.795958991934576], [-102.58261166780169, 21.795844936090337], [-102.58277817088498, 21.7958609168505], [-102.58286500539876, 21.795943448274222], [-102.58302051395421, 21.7961105024285], [-102.58340444569434, 21.79631250073724], [-102.58382477923215, 21.796433770475154], [-102.5843168908687, 21.796490629481603], [-102.5846164496794, 21.79646341020431], [-102.5848665170878, 21.796252630543645], [-102.58511711350427, 21.796010256891186], [-102.5852620300674, 21.795764080232022], [-102.5854614305936, 21.795439696816906], [-102.58555345046209, 21.795176945713788], [-102.58567835003214, 21.79507945343846], [-102.58587196147107, 21.79510034182667], [-102.5860822606906, 21.79513501734571], [-102.58639993947415, 21.79510805944806], [-102.586841118901, 21.795030989239493], [-102.58708842092665, 21.79498494365584], [-102.58740386988384, 21.79505501242638], [-102.58759555407845, 21.79519098978798], [-102.5879099078303, 21.79532650155493], [-102.58811884715952, 21.795478531079286], [-102.58829354335644, 21.795546542435577], [-102.5885578358848, 21.79553234416406], [-102.58878678855649, 21.79553568736947], [-102.58899841166748, 21.795491375211345], [-102.58926572589709, 21.795296640709978], [-102.58939141652017, 21.795151754938896], [-102.58948101187971, 21.79506954490114], [-102.58956864327949, 21.795104682641064], [-102.58970886880418, 21.795138330752046], [-102.58986025822092, 21.798260046546062], [-102.58894354145335, 21.807320759678316], [-102.58832405332451, 21.812483036475772], [-102.58804003419857, 21.814573599306996], [-102.58746899545011, 21.817237816022033], [-102.58550678885864, 21.829149857217732], [-102.58908080509313, 21.829493322654447], [-102.59189957940518, 21.829967892108947], [-102.59639281564652, 21.830245617111633], [-102.59573595165139, 21.84339122855471], [-102.59842255946005, 21.865160818237054], [-102.59824653103642, 21.865420090906433], [-102.59806812123425, 21.865388145316537], [-102.5977245608809, 21.865398935688052], [-102.59751419385012, 21.865506471944745], [-102.59736256610525, 21.865644208773144], [-102.59721180693657, 21.865766157472052], [-102.59713451934937, 21.86590497848659], [-102.59707283271433, 21.86601468301485], [-102.59698198395687, 21.866096875258105], [-102.59684640970657, 21.866178414895664], [-102.59668167332555, 21.86623244210473], [-102.59651682375296, 21.866257123461153], [-102.59627963615962, 21.866197231383833], [-102.59608679655027, 21.866124442839954], [-102.59595401919093, 21.866038987342964], [-102.59546412034308, 21.865907688545775], [-102.59528529554547, 21.8658644477216], [-102.59506284165121, 21.865791225691044], [-102.5948844324656, 21.865759276673298], [-102.594438580147, 21.86566924826291], [-102.59431951455032, 21.865667509321245], [-102.59405029449476, 21.8656793776803], [-102.59391566508191, 21.865704497862968], [-102.59367567991558, 21.865811596290964], [-102.59352476745622, 21.865906452361276], [-102.59326857546506, 21.866042657333153], [-102.59305585813334, 21.86629010137889], [-102.59279886891265, 21.866509811321666], [-102.59260114772732, 21.86672812985811], [-102.5924471670842, 21.867005775401914], [-102.5921888125517, 21.867306724431916], [-102.59203626933144, 21.86749861585061], [-102.59149588950034, 21.86767354988747], [-102.59061159860123, 21.86795179815372], [-102.59028200635198, 21.868030493532462], [-102.59008704587563, 21.868084071553042], [-102.5898916304617, 21.86816472936591], [-102.58969894188921, 21.868119022284287], [-102.58953594706881, 21.86803311954388], [-102.58937378430994, 21.867933685491753], [-102.58919791448957, 21.867750533384942], [-102.58897648766573, 21.867580257569777], [-102.58878611321543, 21.86739689275875], [-102.58860884177295, 21.867297236851936], [-102.58843799614442, 21.867138987063832], [-102.58811071863593, 21.867080021467743], [-102.58776696597766, 21.867102073942572], [-102.58747998606567, 21.867163330053856], [-102.58726511893481, 21.867214355931885], [-102.58680342712783, 21.867311424133845], [-102.58663986314002, 21.86729548421724], [-102.5863869651701, 21.867235347847537], [-102.58701276408107, 21.8689554907625], [-102.58598211685324, 21.869236082825292], [-102.58533520624611, 21.870172373796965], [-102.58614778663727, 21.87254082284263], [-102.58501582723282, 21.8780476357046], [-102.58513564826933, 21.878148710767977], [-102.58526872922488, 21.878252237456085], [-102.5854018069585, 21.878391879469135], [-102.58564373295837, 21.878422514044544], [-102.58607359343868, 21.8785665075675], [-102.58626218013524, 21.878569272568416], [-102.58635730898055, 21.878521008445954], [-102.58672201685124, 21.87851281153967], [-102.58712615955326, 21.878568393898757], [-102.5880453771755, 21.8784825455948], [-102.58836746250054, 21.87860012491437], [-102.58856722261096, 21.87872945528917], [-102.58880854075076, 21.878832307454626], [-102.58899519092489, 21.878986274783763], [-102.58923609506463, 21.87907783420643], [-102.5894885478682, 21.879345625659894], [-102.58990341382574, 21.879554849535143], [-102.59041495758079, 21.879731629168447], [-102.58964539274545, 21.881201100814074], [-102.5896312602218, 21.881250552750114], [-102.58941334465929, 21.88137376623871], [-102.5890465423257, 21.8815060850186], [-102.58873372592946, 21.88162790760611], [-102.58842109605811, 21.881774561702876], [-102.58816374272234, 21.881833993489753], [-102.58802727823445, 21.881931311688273], [-102.58787562036657, 21.882105152567238], [-102.58727616492652, 21.88366739119238], [-102.58690748560396, 21.88570702543969], [-102.58686996807296, 21.88657098937575], [-102.58567208878196, 21.887618827564065], [-102.58522132925553, 21.888390953432854], [-102.58444975914935, 21.890977682721857], [-102.58434896228734, 21.891289955655374], [-102.58426868389188, 21.891568671515515], [-102.58411165941851, 21.89195234955749], [-102.58410633410112, 21.892268281053266], [-102.58413609142298, 21.892726931957686], [-102.58401833225106, 21.89300509727408], [-102.5838999596848, 21.893355484223562], [-102.5837453287417, 21.893596992460655], [-102.58373703447566, 21.89408894269537], [-102.58350204407387, 21.894613679066232], [-102.58327123802754, 21.89489018326565], [-102.58315050197777, 21.89538048166108], [-102.58272932960166, 21.895794135487456], [-102.58253714217564, 21.89600348946383], [-102.58215934345841, 21.8961040268123], [-102.58200645793502, 21.896241726950855], [-102.58192617131225, 21.896520440844544], [-102.58177206642722, 21.896730353447033], [-102.58128301056583, 21.896723164513617], [-102.58082077239008, 21.897312271079628], [-102.58077262380233, 21.897943580966363], [-102.5806126093298, 21.898503272289982], [-102.58029499811612, 21.89933602452199], [-102.58164656942763, 21.899401042719045], [-102.59048011769394, 21.898444939639802], [-102.5890297652583, 21.899434924256308], [-102.58876374586447, 21.90058220549256], [-102.58816765603014, 21.901149056950487], [-102.5878901719243, 21.90114498836568], [-102.58727000983335, 21.901309699064118], [-102.58649036590002, 21.901788077256764], [-102.58620075118344, 21.90250387845244], [-102.58557381144492, 21.903070266279464], [-102.58483666518879, 21.902856295580555], [-102.58458076377663, 21.9034010400957], [-102.58424005612753, 21.903452466829055], [-102.58374141539346, 21.903761151942806], [-102.58321034600684, 21.904128046299874], [-102.58308020173624, 21.904530174228334], [-102.5827703233289, 21.904582050669834], [-102.58212235238192, 21.904601870341796], [-102.58119339130717, 21.904789103106836], [-102.58051827517092, 21.90491234857647], [-102.57945742111896, 21.905962139846736], [-102.58187973671986, 21.906507900171786], [-102.58251006376074, 21.906817374972167], [-102.58340034421046, 21.908672340228936], [-102.58324588287122, 21.910049223927583], [-102.58250095662791, 21.911225564898672], [-102.58187187958163, 21.911557153310955], [-102.58202985770829, 21.91187097067174], [-102.5825818681973, 21.91223572535599], [-102.58349867144803, 21.91234174663658], [-102.58419092232006, 21.91235191846402], [-102.58449366316076, 21.91240151013316], [-102.58506631041746, 21.91279816114825], [-102.58536920489031, 21.91283872471555], [-102.58589020403458, 21.91289151886124], [-102.58612708471003, 21.91293788348237], [-102.58630603498563, 21.91301274114047], [-102.58673272333208, 21.913028032878337], [-102.587244236939, 21.913105512918452], [-102.58759235198488, 21.913261853800762], [-102.5876986042359, 21.913308556878913], [-102.58954746497596, 21.912723965972592], [-102.58575963460008, 21.915577937750637], [-102.58431874037801, 21.915994671620858], [-102.58375407889396, 21.916844112448235], [-102.58686458613904, 21.9172238645509], [-102.58290643904888, 21.930006949434897], [-102.58008891525637, 21.94021315884321], [-102.58170403543406, 21.940704184216816], [-102.58072463595325, 21.94289278656357], [-102.5786770243111, 21.944936975305268], [-102.5735475782038, 21.963751656326213], [-102.57325626977033, 21.965550838195522], [-102.57353308072352, 21.966028939454876], [-102.57309986402146, 21.96642431201586], [-102.57201961018929, 21.967408264418097], [-102.5720434681118, 21.96917147517464], [-102.57129704736936, 21.970018157384654], [-102.5717549838644, 21.97233177191246], [-102.57147986437982, 21.97303419692535], [-102.57049774266, 21.973509464452103], [-102.57067642777261, 21.97424343575707], [-102.57002838827283, 21.974888419996816], [-102.57016185118319, 21.975791010100693], [-102.56297099507098, 21.989134800306665], [-102.56451308772702, 21.992051398861676], [-102.5651473103953, 21.99392298081108], [-102.56572037465793, 21.994841128837294], [-102.56501292827284, 21.995485200868135], [-102.56552650154805, 21.996237693057306], [-102.56452377329067, 21.99684577656095], [-102.56470576871989, 21.999085330524785], [-102.56485814671169, 22.00571462740295], [-102.55971657925518, 22.00520928555192], [-102.55930210651735, 22.004677195768142], [-102.55933669318304, 22.002657555465387], [-102.55746116714454, 22.000273145160566], [-102.55512165901885, 22.00222455955116], [-102.55462248944613, 22.008322705436864], [-102.55291404128369, 22.014567555736107], [-102.543884007808, 22.010523063015338], [-102.54379036396668, 22.010724801511458], [-102.5437464706452, 22.011024342621994], [-102.54367737968838, 22.01127610607953], [-102.54358307351175, 22.01151620576153], [-102.54351460450548, 22.011731864249818], [-102.54344779086222, 22.011886604846527], [-102.54330044289277, 22.012184594502415], [-102.54311270133194, 22.012579035038105], [-102.54288785604261, 22.01291423329285], [-102.5427561299104, 22.013043171458666], [-102.54262434677166, 22.013210479927093], [-102.54251962917702, 22.01331725162969], [-102.54241243774057, 22.013532328575415], [-102.54237122639019, 22.013676166934914], [-102.54224197289686, 22.013696799258522], [-102.54207292738745, 22.013743920081286], [-102.54194199943154, 22.013861583772353], [-102.54188913393337, 22.01394430450336], [-102.54170781147886, 22.01396641224384], [-102.54149699992264, 22.013979048714493], [-102.54139309884637, 22.01403843204587], [-102.54127569299492, 22.01410889828524], [-102.54119595518584, 22.014240872357487], [-102.54112728615303, 22.014467812065902], [-102.54108463185666, 22.014695142197798], [-102.54105672874677, 22.014839179832236], [-102.54096243362227, 22.015043163449135], [-102.5408947972506, 22.01524529003465], [-102.54077590962864, 22.015401504568338], [-102.5406816526232, 22.015603231392788], [-102.54062730506166, 22.01577170033581], [-102.5404699301607, 22.01591379397687], [-102.54040020677245, 22.016201659895916], [-102.54038461797349, 22.016368453522357], [-102.54035567998784, 22.016537303833598], [-102.54022389056018, 22.016704609746085], [-102.54010523470902, 22.016847284315784], [-102.54000051242934, 22.01695405394264], [-102.53989580862728, 22.017024709684286], [-102.53983829402483, 22.018707664807454], [-102.53558788660331, 22.01868891339106], [-102.53536463637055, 22.018685554346032], [-102.53473902272722, 22.017908717675432], [-102.53244991753154, 22.01723097077287], [-102.5313906454814, 22.017314323942863], [-102.53137936217942, 22.016289421531432], [-102.52945208884324, 22.015687058630856], [-102.5290266015023, 22.012899872513373], [-102.52530911121531, 22.01603983348673], [-102.52084317211836, 22.01992675716147], [-102.51981624405673, 22.021279015556164], [-102.51769751097497, 22.02023799277098], [-102.51765512246212, 22.02051723099467], [-102.5175538072004, 22.02098291550574], [-102.51741220157052, 22.02164209989085], [-102.5171919516848, 22.02250774508631], [-102.51705154728432, 22.02306312038988], [-102.51683768252748, 22.02359706771136], [-102.5166267927211, 22.023925663616428], [-102.51647401964813, 22.024149056843136], [-102.51632186137473, 22.024302489123976], [-102.51611736150878, 22.024299387499646], [-102.51596791932195, 22.02429712076689], [-102.51574678984099, 22.024171883097587], [-102.51546970821396, 22.02402773951098], [-102.51521256448257, 22.02381618506358], [-102.51495573661126, 22.023586578275548], [-102.51460695691758, 22.023285605661574], [-102.51425754838226, 22.023020736420385], [-102.51403673770972, 22.022877444754947], [-102.51398318922051, 22.022720892219304], [-102.51387462334557, 22.022561247406735], [-102.51382198135096, 22.022352795369546], [-102.51365833123396, 22.02212460133307], [-102.51341845173165, 22.02199907625609], [-102.51325358096923, 22.021840833340505], [-102.51318314425463, 22.021611797120183], [-102.51288849734053, 22.021399670121912], [-102.51264893513347, 22.02125609210728], [-102.51246680861689, 22.021011816828505], [-102.5122650600186, 22.020816899444807], [-102.51191384826647, 22.02065582491459], [-102.51165584848209, 22.02049390876207], [-102.51143591202592, 22.020300971261072], [-102.51125232959969, 22.02014018522724], [-102.51110561366842, 22.019982216330266], [-102.5109035796278, 22.019873062732223], [-102.50795049152137, 22.02294294209357], [-102.48137479467343, 22.022565733539665], [-102.48131177547549, 22.022467710934485], [-102.48118684005034, 22.022346165488283], [-102.48101835074178, 22.022257805907792], [-102.4808077171609, 22.022191368460224], [-102.4806727552769, 22.022157693611415], [-102.48054581822332, 22.022115113886674], [-102.48035156618698, 22.02208052666617], [-102.48023194131743, 22.022103513805057], [-102.48011308115998, 22.022117484399715], [-102.48007017184418, 22.022148422940923], [-102.4799607801182, 22.02210611273993], [-102.47991191680863, 22.02199476517541], [-102.47986317338196, 22.021876648281832], [-102.4798128664971, 22.021812676631182], [-102.47976456253369, 22.021669738879503], [-102.479706390749, 22.021605646176557], [-102.47963071982599, 22.021572882924495], [-102.47951186010602, 22.02158685311945], [-102.47941684672716, 22.021655359532605], [-102.47932227847492, 22.021732900949868], [-102.47924504963905, 22.021788138646293], [-102.47914356921045, 22.021777548457678], [-102.47905982784799, 22.0217220901861], [-102.47898399151421, 22.021664496505835], [-102.47886513170424, 22.021678466217583], [-102.47872098171709, 22.02168527534815], [-102.47856084508336, 22.02160381315535], [-102.47845964459992, 22.021577427495163], [-102.478214574072, 22.021542055408688], [-102.47807137791847, 22.021460853613704], [-102.47797832791093, 22.02145264959455], [-102.47792894680686, 22.021370635277215], [-102.47783689610213, 22.02130602026517], [-102.47770908150666, 22.021313080091538], [-102.47758231161166, 22.021295328335498], [-102.47750664144199, 22.021262564161724], [-102.47742210158141, 22.021252233858764], [-102.477320696401, 22.021203273859385], [-102.47723627653407, 22.021186174157727], [-102.47712656672616, 22.02116191369129], [-102.4769843712071, 22.02102430015258], [-102.47689188137973, 22.020984505455353], [-102.47679068174625, 22.02095811883191], [-102.47669891177827, 22.020877708206577], [-102.47662352197936, 22.020829148619704], [-102.47505517156905, 22.017710562976706], [-102.47533222407358, 22.016965492886417], [-102.47457082994198, 22.015197771533717], [-102.47148724455177, 22.01242595004044], [-102.47149519566047, 22.012148456063247], [-102.46931338030355, 22.011555021489666], [-102.47217364798547, 21.997815380784782], [-102.4718134053082, 21.9977601698219], [-102.4714790362078, 21.99788366411386], [-102.47114298540232, 21.99810192778678], [-102.47085350194469, 21.99825319775705], [-102.47054989641683, 21.998347823032162], [-102.47035130256316, 21.998457610671007], [-102.47003209332837, 21.998579078678265], [-102.46981937759014, 21.99863222145897], [-102.46962339042955, 21.99862919602514], [-102.46945980718897, 21.998470934401475], [-102.4692358187326, 21.998341081618946], [-102.4689968645835, 21.998168113595522], [-102.46584118913269, 22.000089753957187], [-102.4633450449152, 21.998538924978686], [-102.46302356447322, 21.998549748766983], [-102.46152663454208, 21.998889955705916], [-102.46030877005265, 21.99728665119941], [-102.45891400605046, 21.996138775391778], [-102.45822285229396, 21.99485960731454], [-102.45770890966331, 21.9938901418221], [-102.45737958028295, 21.991932701049183], [-102.45647168938144, 21.992223317757876], [-102.45580671563805, 21.991344042902444], [-102.45580405264649, 21.9912898328322], [-102.45580497856206, 21.991237935484808], [-102.45582086496124, 21.991195298413864], [-102.4558526387453, 21.991143879747895], [-102.45585840351771, 21.99109205748436], [-102.45585961119532, 21.99102436528751], [-102.45588654501351, 21.99093901603743], [-102.45589343793159, 21.99085786986845], [-102.45591464617684, 21.990788230984066], [-102.45593113733815, 21.99074560327789], [-102.45594702362985, 21.990702966183573], [-102.45594831174913, 21.99063076116517], [-102.45594968037003, 21.99055404333235], [-102.45595112949148, 21.990472812684978], [-102.45593157067235, 21.990416083413955], [-102.4558865273612, 21.990363472768998], [-102.45580656237807, 21.99026743663433], [-102.45575220375844, 21.99019436812984], [-102.45570768391372, 21.990112424162145], [-102.45565812298621, 21.99000783164633], [-102.45562412732576, 21.989912508789573], [-102.45562150263416, 21.989788331343668], [-102.45561258885147, 21.989711453957714], [-102.4556342408252, 21.98965085011003], [-102.45564504566775, 21.989587820902816], [-102.45563593159905, 21.989556081034205], [-102.45566286517301, 21.98947073179346], [-102.45568871181688, 21.989446305525647], [-102.45571488049089, 21.989403827998785], [-102.45570528232548, 21.989365309527102], [-102.45563338333436, 21.989291968828354], [-102.4555876158339, 21.989279973457776], [-102.45549003331801, 21.989289744298514], [-102.45534607846768, 21.989287510256652], [-102.45523611522573, 21.989245177091984], [-102.45509328784931, 21.989179763471444], [-102.4549938497156, 21.989157906790304], [-102.4548840880371, 21.989104291381206], [-102.45480811674247, 21.9890218590297], [-102.45470944390716, 21.98895713049268], [-102.45461036845178, 21.988914965953903], [-102.45451149442424, 21.988861519336627], [-102.4543908458826, 21.988807734616273], [-102.45422543857711, 21.988753254894174], [-102.45409422453633, 21.98864739425127], [-102.45405135950838, 21.98857450374701], [-102.45395212342125, 21.988541364468045], [-102.45383071002014, 21.988530451050053], [-102.45368953578495, 21.988372523786868], [-102.45352429046159, 21.988309017815055], [-102.45334948762117, 21.988170881303027], [-102.45314065303621, 21.988075099583817], [-102.45294254479167, 21.98798851234952], [-102.45273407348134, 21.987872422543877], [-102.45262524066727, 21.987766908548263], [-102.45247189167564, 21.9876810161383], [-102.45195680573967, 21.987524049099452], [-102.45170958576796, 21.98740961300307], [-102.4511788152756, 21.985895927114992], [-102.4504028538747, 21.985238355189626], [-102.44900088996542, 21.985417427420472], [-102.44893879299748, 21.98547288701648], [-102.44888758347115, 21.985494660605013], [-102.44880580993022, 21.98550015952078], [-102.44872407674494, 21.985503401999583], [-102.44866169767486, 21.985540800902935], [-102.4486708901618, 21.98560188355067], [-102.44870105058351, 21.985640722185956], [-102.44877693677444, 21.985659958994546], [-102.44877588749165, 21.985718625279173], [-102.44869322593695, 21.985773764825133], [-102.44866665248827, 21.985838805063946], [-102.44864003865291, 21.98590610169091], [-102.44856806273957, 21.985938837181614], [-102.44851181309696, 21.985937961983936], [-102.44842540244264, 21.98593210342255], [-102.4483789506339, 21.985958464906428], [-102.44835217518151, 21.9860347870495], [-102.4483506413291, 21.986120530048346], [-102.44829805970843, 21.986185165506058], [-102.44822539734865, 21.98625625952996], [-102.44816805766408, 21.986316306849663], [-102.44806966907942, 21.98640505662622], [-102.4479931770715, 21.986419665372466], [-102.44789442570978, 21.986494867249675], [-102.44781720691358, 21.986550090993124], [-102.44774023110168, 21.986557921016907], [-102.44768345636223, 21.986586378626193], [-102.44761660043226, 21.98663724951596], [-102.44756381639674, 21.986713166649917], [-102.44748643584346, 21.98677741578455], [-102.4473969566974, 21.986909187184544], [-102.44726311669969, 21.98725468494696], [-102.44721948372498, 21.98739394098289], [-102.44715604477949, 21.987794703077444], [-102.4470916360245, 21.988249618501115], [-102.44705900281674, 21.988653117113834], [-102.44707425913104, 21.989524564565897], [-102.44672469553599, 21.989550719720746], [-102.44610221105526, 21.989917947229035], [-102.44444961759719, 21.991149356010503], [-102.44420653977915, 21.991276473908297], [-102.44027348458566, 21.992849191890453], [-102.43567455519509, 21.99477251419265], [-102.43485824585579, 21.994947074169154], [-102.4334086350371, 21.995145570711976], [-102.4322909058224, 21.995829993951418], [-102.43158984932248, 22.0011590700173], [-102.43103031641918, 22.005145185071132], [-102.43101950742815, 22.007221452188016], [-102.43102936113239, 22.007648178921567], [-102.43115260702233, 22.009169069445544], [-102.43023654156683, 22.009937881476766], [-102.42960458246648, 22.011896066553735], [-102.42948271710152, 22.01301587998914], [-102.42874187069664, 22.014568349038118], [-102.42798254745253, 22.01540054317029], [-102.42738894672469, 22.01637075518755], [-102.4271829381496, 22.018060261282997], [-102.42706319164213, 22.018290850111914], [-102.42676731238632, 22.018557040563493], [-102.42658972460305, 22.01840528925681], [-102.42639123559144, 22.018305120088495], [-102.42398176628288, 22.01953341127089], [-102.42236172842483, 22.01907006845531], [-102.42109523350827, 22.019501527831157], [-102.42137955665376, 22.020408796839703], [-102.42196275393542, 22.020384123274624], [-102.42201506836287, 22.0212380857641], [-102.42207304232991, 22.021512093090145], [-102.42200321746081, 22.02155839057277], [-102.42193525617343, 22.021568605657876], [-102.42183671935949, 22.021596395232123], [-102.42173789650619, 22.021639979107515], [-102.42165133651004, 22.021674728057032], [-102.4215650216418, 22.02169593893196], [-102.421439506047, 22.02170976160838], [-102.42098893140293, 22.021662041072467], [-102.42114155530692, 22.023993647793894], [-102.42162957259696, 22.024012617297988], [-102.42163195166664, 22.024014911736977], [-102.42175984043391, 22.024037238130532], [-102.42186411901265, 22.024126902135738], [-102.42190729427898, 22.02421560411491], [-102.42192259942463, 22.02430612429691], [-102.42192059724505, 22.02441668482625], [-102.42194703731606, 22.02449383842624], [-102.42194507599754, 22.02460214261788], [-102.42194307380569, 22.02471270314521], [-102.42197983164246, 22.024821616910174], [-102.42200000969562, 22.024943811533387], [-102.42196461851205, 22.02502676263367], [-102.42192946451092, 22.025130030280657], [-102.4218775750785, 22.025221749526725], [-102.42183140855289, 22.02533161469744], [-102.42176237493487, 22.025434348864735], [-102.42171601191114, 22.02552164109283], [-102.42165912680656, 22.025588454803827], [-102.42155084221994, 22.02571991155194], [-102.42148904335212, 22.025757307077757], [-102.42143760296383, 22.025824206431558], [-102.42140314315844, 22.025889116188544], [-102.42134610236589, 22.025931100537676], [-102.42130615668887, 22.025998180856202], [-102.42125492049544, 22.026053798455596], [-102.42120421564576, 22.02608008367222], [-102.42116439248535, 22.026140394937993], [-102.4210844680886, 22.026242957218447], [-102.4193509605298, 22.02622693071657], [-102.41785526472512, 22.02801344508653], [-102.41614768552483, 22.028101612490286], [-102.41633684728141, 22.031449430431135], [-102.41641618610295, 22.03317952292058], [-102.41649230257902, 22.035753671626853], [-102.41654906089433, 22.03759399883097]]]}}, {"type": "Feature", "properties": {"AREA": 456729000.0, "PERIMETER": 140172.0, "MUNAGS84_": 12.0, "MUNAGS84_I": 12.0, "NOMBRE": "EL LLANO", "SUP": "456.727 Km²", "AREA_KM2": 456.728636328, "edo": "01", "Shape_Leng": 140171.902892, "Shape_Area": 456728636.328, "NOM_MUNIC": "El Llano"}, "geometry": {"type": "Polygon", "coordinates": [[[-102.09780027820524, 22.013187069091536], [-102.09429625554114, 22.009683726145223], [-102.09040716669155, 22.005848543826453], [-102.08972472304481, 22.00573262215957], [-102.07511650028154, 21.998443447049805], [-102.07113063730733, 21.992940848463277], [-102.07005338418188, 21.999264628923427], [-102.05755416423175, 22.00016214364306], [-102.05496154771804, 22.000305112850427], [-102.03685047422269, 22.00059010829578], [-102.04131601712336, 21.99207819262134], [-102.04148939495886, 21.98275986884767], [-102.02568269799721, 21.990845294165776], [-102.01679830200561, 21.995417825140237], [-102.01017414595134, 21.9988532249869], [-102.00809159845025, 22.01109009121669], [-102.00681864180325, 22.019241797364245], [-102.00558192872711, 22.028680286557755], [-101.98985544788971, 22.02594592835143], [-101.99198001013127, 22.007915851760416], [-101.96990984138475, 22.010112928786516], [-101.9605255734532, 22.009605120874525], [-101.96234286407086, 21.991951357762375], [-101.97164503249446, 21.991771501625593], [-101.97493002016834, 21.98327377106248], [-101.9646441146415, 21.980879213196694], [-101.95775337472884, 21.992202429534963], [-101.95539690186735, 21.991522386546826], [-101.95038302043865, 21.990605615297156], [-101.94470879198106, 21.989545522446967], [-101.94482062948917, 22.005574229163862], [-101.91911777726355, 21.979732288953688], [-101.89336126876228, 21.95408242716085], [-101.88823007644831, 21.932429091793452], [-101.88213608824155, 21.93667031117784], [-101.88447980646406, 21.93817908878073], [-101.88449511318618, 21.939307497212138], [-101.88368850790897, 21.93936664721088], [-101.88146330479103, 21.94165283259081], [-101.88070144733064, 21.94148944958304], [-101.87966101892512, 21.94300842793789], [-101.87917897722257, 21.942960910121677], [-101.87585816414008, 21.945602964142104], [-101.87206563981297, 21.945869180546552], [-101.86768223142126, 21.944847020308032], [-101.86646633635031, 21.943359538869633], [-101.86540252719074, 21.94409054807805], [-101.86424245131322, 21.9455710262099], [-101.86394046601664, 21.946465482560434], [-101.85703243434669, 21.943704906450233], [-101.85582683219398, 21.941727961350235], [-101.85447805953672, 21.940763552754476], [-101.85359187204595, 21.940784928646174], [-101.8520426981494, 21.94233230823739], [-101.84808715014958, 21.940866614111513], [-101.8485260839102, 21.93922125979992], [-101.84598144398934, 21.939549183458844], [-101.84472047215768, 21.94008900097282], [-101.84186446239968, 21.943562742101783], [-101.8316451249292, 21.941188656019772], [-101.84092542148176, 21.90746851130169], [-101.84686509703307, 21.90840830818584], [-101.86202973045833, 21.909224180581784], [-101.88104800899457, 21.910490877114743], [-101.9100829716865, 21.899890939957373], [-101.9281369000571, 21.893692648422444], [-101.95708105182202, 21.883892028879266], [-102.05824039071884, 21.84935893828492], [-102.05705191383427, 21.839826500188412], [-102.05778552257796, 21.831856034659985], [-102.05565985639076, 21.816311295674012], [-102.06584795954399, 21.799164884777788], [-102.06795941507538, 21.80048863217131], [-102.0688460811382, 21.798951879294414], [-102.06997711402171, 21.799416498749302], [-102.07176595567525, 21.794804268759535], [-102.07465217465847, 21.795724208649933], [-102.07872566331866, 21.796245395725443], [-102.0788694885312, 21.79630209812702], [-102.08842844920355, 21.798592142585726], [-102.08860761412517, 21.79860432893847], [-102.08875272380546, 21.798597861919944], [-102.08885821745412, 21.79860874869444], [-102.08889577000227, 21.79866356867767], [-102.08905892630165, 21.79872060366895], [-102.09149020039669, 21.799296012013794], [-102.09171442783213, 21.798722279387494], [-102.09499719448117, 21.79970076883637], [-102.09541640892901, 21.79979163962026], [-102.09782659478793, 21.800456850568438], [-102.09763157810266, 21.800751290677173], [-102.0995354687272, 21.801630977424896], [-102.10032388646952, 21.80180730460731], [-102.10121689607026, 21.80203962328897], [-102.10193732053361, 21.802232801666594], [-102.10239928848125, 21.80233117618424], [-102.1026398759311, 21.802353452470452], [-102.10270642149986, 21.802408778815572], [-102.10300377018623, 21.802522314629712], [-102.1033490081491, 21.802627664061117], [-102.10421369220897, 21.802857213653628], [-102.10496564748938, 21.803105090981035], [-102.10603414283091, 21.801460718619545], [-102.10616156251038, 21.80146295265769], [-102.1075936624974, 21.799369108711037], [-102.10835605523432, 21.799608125959946], [-102.10869303480527, 21.799553100621594], [-102.10893248768343, 21.799541498485258], [-102.10930052135367, 21.799534404385707], [-102.10973200762876, 21.799526163900552], [-102.10993974187802, 21.79952980111709], [-102.11013144313972, 21.79951961776569], [-102.11024316071558, 21.79952157358864], [-102.11067434560069, 21.79955845741106], [-102.11107260447245, 21.799610560097737], [-102.11156629229808, 21.799693667603044], [-102.11186944023036, 21.799698971987052], [-102.11209230332962, 21.799761542954286], [-102.11257027602755, 21.799815036725505], [-102.11290395303563, 21.79992467715308], [-102.11306337787902, 21.799927465515974], [-102.11341393263474, 21.79997872836851], [-102.11382881589711, 21.800015319044395], [-102.11422676157571, 21.80008320509529], [-102.11459393879075, 21.80011895984911], [-102.11502271580049, 21.80024605482261], [-102.11731188397117, 21.79413903433451], [-102.11966646086431, 21.794626939097043], [-102.12119459248385, 21.794937926164415], [-102.12465505946828, 21.795648138307286], [-102.1264685906717, 21.796067853676707], [-102.1320014265822, 21.79664247122658], [-102.13229756491538, 21.79493708619257], [-102.13233233557516, 21.794768442489616], [-102.1325890824045, 21.793281265463627], [-102.13829323500599, 21.794199392477218], [-102.1408212600025, 21.794536555376723], [-102.1405109252994, 21.797144377966244], [-102.14263595819655, 21.79544806554627], [-102.14380621493177, 21.794527291626682], [-102.1437584334746, 21.79148449784341], [-102.145360037456, 21.791717550273777], [-102.14594488615627, 21.787931965010085], [-102.15342494025364, 21.788909576659442], [-102.1528509969389, 21.79279468706559], [-102.15254108103487, 21.79530101031868], [-102.15235142206457, 21.796674304095976], [-102.15160663983455, 21.80201425809592], [-102.15140967747489, 21.80317529615191], [-102.15082974434551, 21.80726338028309], [-102.15075555902632, 21.808264056126205], [-102.15061911766607, 21.80914405383656], [-102.15054267931147, 21.809709155206995], [-102.15254357803563, 21.810016751396645], [-102.16028674720968, 21.81134622551004], [-102.15955577210937, 21.817126516521693], [-102.15918016794042, 21.82078713575909], [-102.16658111703603, 21.822683671951125], [-102.1697116604086, 21.823475357732296], [-102.16887874731589, 21.82640603156527], [-102.17098626685207, 21.826683664251007], [-102.17094694359245, 21.82874334196118], [-102.17089626192883, 21.829261509630225], [-102.17090993602426, 21.829733391061946], [-102.17091795993696, 21.830123934940264], [-102.17087709913666, 21.831831542911836], [-102.17077138311983, 21.832075707327405], [-102.17074634219372, 21.832181341715057], [-102.17048799829931, 21.83422371895844], [-102.17023671561053, 21.835968334061832], [-102.17017284294967, 21.836450167377848], [-102.17023492842247, 21.836458003167326], [-102.1699339996408, 21.83875916454714], [-102.16983133493702, 21.839614940217153], [-102.16826584250725, 21.841995927885183], [-102.16756233658396, 21.843012883645933], [-102.16832129837363, 21.843014642000288], [-102.16873298570603, 21.84309844186379], [-102.1689525720119, 21.843178941012788], [-102.16920085431181, 21.843183205723243], [-102.16948994831647, 21.843201711050597], [-102.1697240699309, 21.84321927184684], [-102.17006674091284, 21.843340246808133], [-102.17024615695799, 21.843343327453223], [-102.17049308031204, 21.843385930464965], [-102.17064429023247, 21.84344043006785], [-102.17080981230283, 21.8434432715842], [-102.1710300405064, 21.84346059206663], [-102.17118144633167, 21.843474474307257], [-102.1713325412407, 21.843504147842115], [-102.17152585189152, 21.84350746558764], [-102.17184326874919, 21.843499372756444], [-102.1719681299351, 21.843449611672185], [-102.1721475464124, 21.843452690263632], [-102.17234025303449, 21.843455996681957], [-102.17265800760728, 21.84346144815381], [-102.173497622634, 21.843541293678125], [-102.173908677425, 21.84368825729587], [-102.17421140204786, 21.843720528303777], [-102.17481599181727, 21.843859524584722], [-102.17547748048396, 21.843870862763072], [-102.17620739348823, 21.843905937559807], [-102.17595278907385, 21.844100163478107], [-102.17571844426537, 21.845784149526438], [-102.17557902918347, 21.8472192694328], [-102.17565739791056, 21.847690003410182], [-102.17569373709199, 21.84968328014017], [-102.17549996614349, 21.85059391632327], [-102.17563911936739, 21.851814911903375], [-102.17565551848811, 21.85260954627998], [-102.17571655299116, 21.854330186704225], [-102.17569025982807, 21.855543832409438], [-102.17563015905547, 21.856233347493312], [-102.1757343239164, 21.857911849967046], [-102.17524457338321, 21.857892168753782], [-102.17481986429709, 21.87047039908353], [-102.17322452636348, 21.87045430033348], [-102.17160083377078, 21.870588896298155], [-102.17104041698245, 21.87038068072561], [-102.17052707399888, 21.870268052673747], [-102.1695738759508, 21.870208792422964], [-102.16892616613993, 21.870197656527214], [-102.1683255848383, 21.870187328622478], [-102.15719174701901, 21.869577987434443], [-102.15706028157251, 21.873039683101425], [-102.15688994153561, 21.874528389984576], [-102.15686820701174, 21.875624748476795], [-102.15648852244901, 21.881329778565267], [-102.15581032896617, 21.893544589408567], [-102.1555192170465, 21.90436920596604], [-102.15528617674842, 21.910591258581384], [-102.15572911609763, 21.91044998361162], [-102.15640722418611, 21.910157066439243], [-102.15690576497511, 21.90989489079552], [-102.15796350268857, 21.909238440693397], [-102.16013920623757, 21.90781372493011], [-102.16249017267096, 21.906267884662164], [-102.16205348459506, 21.919664870636694], [-102.16306394884086, 21.919657492539862], [-102.16336011080979, 21.919662604426794], [-102.16380629971874, 21.91960260519732], [-102.16404746023575, 21.919606766675777], [-102.16423270191684, 21.91962575956262], [-102.16458411249211, 21.919649875742067], [-102.16495522205578, 21.9196562777331], [-102.16523325211128, 21.919661073465566], [-102.1657343766389, 21.919635866299377], [-102.16618025253243, 21.919591651714256], [-102.16561499998208, 21.924715798519003], [-102.16530154049454, 21.92747479430784], [-102.1650195880424, 21.929527998615107], [-102.1645402375231, 21.934064625985382], [-102.16419918288214, 21.937236104470756], [-102.1600897145019, 21.936869480754474], [-102.1543439858761, 21.936320964238377], [-102.15050128256267, 21.93652965379124], [-102.13843665461239, 21.93749560378909], [-102.12968796007725, 21.936929986646316], [-102.12990464144451, 21.93963041322204], [-102.1299053696056, 21.939774848492704], [-102.13852367029538, 21.94033819778887], [-102.13784697503591, 21.944446981151234], [-102.13656277436182, 21.952282107690323], [-102.13643105321046, 21.953543510939703], [-102.13590276207832, 21.957059115149168], [-102.13523381896026, 21.96077084019024], [-102.1348653203594, 21.963914627093573], [-102.13476918414412, 21.964154405066388], [-102.13450156897527, 21.965314139284075], [-102.13274665662296, 21.972980745197642], [-102.13190464144903, 21.97689701827347], [-102.1237121539222, 21.97592763755296], [-102.1231178036553, 21.975917213432368], [-102.12275341343484, 21.975840867320702], [-102.12249461933807, 21.97580699158174], [-102.12211311231206, 21.975829633478885], [-102.12187031184037, 21.975782497899058], [-102.1215521931686, 21.975691165085077], [-102.12109535540213, 21.975640271923027], [-102.11866232024006, 21.975329014735948], [-102.11683652517704, 21.97513896988901], [-102.11285863448289, 21.97471471526894], [-102.10834902855515, 21.974235861589342], [-102.10754421163557, 21.974135921598094], [-102.10062547998056, 21.97220626828373], [-102.100616942685, 21.97134637047173], [-102.10068853498389, 21.96910236462808], [-102.1008661794317, 21.966639089746582], [-102.1008386513496, 21.964837872320302], [-102.09732934792184, 21.96098707868131], [-102.09626005864997, 21.961049396906745], [-102.0956573371911, 21.961097400895277], [-102.0951313936122, 21.96114676176256], [-102.09450432858303, 21.96111309480823], [-102.09247921451167, 21.96121938836333], [-102.09399647451283, 21.97046425162786], [-102.09432833406598, 21.9724039888143], [-102.09511877580495, 21.97760578572169], [-102.09620691987789, 21.983338628953486], [-102.09734621549832, 21.98968164289427], [-102.09782056443873, 21.99217224154119], [-102.09747336759304, 21.99407287416491], [-102.09719092972773, 21.996060400539903], [-102.09780027820524, 22.013187069091536]]]}}]}